city,latitude,longitude,forecast_time,temperature_c,humidity_pct
Tbilisi,41.05,42.3751,2026-08-01T00:00:00+00:00,3.93,71.55
Tbilisi,42.181,41.1589,2026-08-01T01:00:00+00:00,-1.25,36.29
Tbilisi,42.1225,44.5801,2026-08-01T02:00:00+00:00,23.05,49.37
Telavi,42.1785,45.0472,2026-08-01T03:00:00+00:00,-4.74,76.41
Telavi,41.6805,41.7774,2026-08-01T04:00:00+00:00,33.29,43.56
Tbilisi,41.7599,42.7949,2026-08-01T05:00:00+00:00,8.76,38.52
Tbilisi,42.4595,43.6811,2026-08-01T06:00:00+00:00,33.92,46.5
Kutaisi,42.6588,44.0926,2026-08-01T07:00:00+00:00,29.47,60.41
Tbilisi,41.0916,42.1395,2026-08-01T08:00:00+00:00,6.58,25.59
Batumi,42.733,42.9006,2026-08-01T09:00:00+00:00,13.14,78.39
Batumi,41.7404,42.0475,2026-08-01T10:00:00+00:00,5.68,85.57
Tbilisi,42.2183,41.8557,2026-08-01T11:00:00+00:00,24.17,31.44
Telavi,41.5399,45.627,2026-08-01T12:00:00+00:00,22.53,35.37
Kutaisi,42.6857,44.88,2026-08-01T13:00:00+00:00,4.16,22.25
Kutaisi,41.8023,41.3309,2026-08-01T14:00:00+00:00,31.53,59.7
Kutaisi,41.4253,43.4962,2026-08-01T15:00:00+00:00,30.39,65.0
Batumi,41.5298,42.2331,2026-08-01T16:00:00+00:00,17.45,38.39
Telavi,42.7956,42.997,2026-08-01T17:00:00+00:00,3.77,89.83
Telavi,41.1818,41.2356,2026-08-01T18:00:00+00:00,-0.61,63.92
Telavi,42.1928,42.9238,2026-08-01T19:00:00+00:00,18.84,52.76
Kutaisi,42.9422,45.3039,2026-08-01T20:00:00+00:00,-4.54,70.45
Kutaisi,42.5372,42.7009,2026-08-01T21:00:00+00:00,6.74,31.07
Tbilisi,42.9076,45.3793,2026-08-01T22:00:00+00:00,5.54,55.04
Batumi,42.0154,41.5321,2026-08-01T23:00:00+00:00,20.01,78.92
Batumi,41.3057,44.8126,2026-08-02T00:00:00+00:00,16.58,74.5
Tbilisi,42.1979,43.443,2026-08-02T01:00:00+00:00,-0.53,45.41
Kutaisi,41.4789,42.2044,2026-08-02T02:00:00+00:00,17.69,25.51
Telavi,42.632,45.8899,2026-08-02T03:00:00+00:00,16.31,28.8
Telavi,42.8937,41.8256,2026-08-02T04:00:00+00:00,16.11,62.46
Batumi,42.8578,44.7763,2026-08-02T05:00:00+00:00,22.59,69.91
Telavi,42.9903,44.2494,2026-08-02T06:00:00+00:00,12.52,56.23
Tbilisi,41.4958,41.3201,2026-08-02T07:00:00+00:00,-4.16,58.77
Batumi,41.0144,44.5392,2026-08-02T08:00:00+00:00,-2.65,24.72
Tbilisi,42.7193,41.3543,2026-08-02T09:00:00+00:00,4.52,66.83
Batumi,42.0785,44.6168,2026-08-02T10:00:00+00:00,30.3,60.33
Batumi,42.5692,45.0375,2026-08-02T11:00:00+00:00,2.62,26.79
Telavi,41.7086,43.0555,2026-08-02T12:00:00+00:00,29.55,23.79
Tbilisi,41.1212,44.6411,2026-08-02T13:00:00+00:00,27.02,27.65
Batumi,41.3804,43.2431,2026-08-02T14:00:00+00:00,11.88,39.5
Batumi,42.749,41.3769,2026-08-02T15:00:00+00:00,27.32,79.92
Tbilisi,41.1012,45.9964,2026-08-02T16:00:00+00:00,28.44,87.83
Batumi,41.3326,43.4282,2026-08-02T17:00:00+00:00,3.55,48.07
Tbilisi,41.3293,41.0108,2026-08-02T18:00:00+00:00,10.62,84.86
Telavi,41.5705,44.483,2026-08-02T19:00:00+00:00,24.22,74.84
Telavi,41.3096,42.4835,2026-08-02T20:00:00+00:00,33.75,60.54
Tbilisi,42.496,41.2858,2026-08-02T21:00:00+00:00,18.37,55.2
Batumi,41.1138,43.5391,2026-08-02T22:00:00+00:00,29.05,24.8
Tbilisi,42.3504,42.176,2026-08-02T23:00:00+00:00,-0.2,82.32
Batumi,42.1578,41.1987,2026-08-03T00:00:00+00:00,-1.72,66.02
Kutaisi,42.8694,42.0213,2026-08-03T01:00:00+00:00,23.65,36.71
Telavi,41.2618,44.2275,2026-08-03T02:00:00+00:00,13.29,85.03
Tbilisi,41.0186,44.1058,2026-08-03T03:00:00+00:00,17.52,27.0
Batumi,42.0118,41.6623,2026-08-03T04:00:00+00:00,8.96,24.82
Batumi,41.7391,41.7887,2026-08-03T05:00:00+00:00,28.35,69.25
Tbilisi,42.3357,43.773,2026-08-03T06:00:00+00:00,32.27,27.25
Batumi,41.5289,45.4486,2026-08-03T07:00:00+00:00,24.7,30.88
Kutaisi,42.2097,44.5881,2026-08-03T08:00:00+00:00,3.14,64.4
Kutaisi,42.0108,42.2556,2026-08-03T09:00:00+00:00,31.33,23.56
Telavi,42.6587,41.2204,2026-08-03T10:00:00+00:00,8.34,29.16
Kutaisi,41.3232,43.2092,2026-08-03T11:00:00+00:00,23.23,59.26
Tbilisi,41.1505,45.4155,2026-08-03T12:00:00+00:00,31.16,58.19
Kutaisi,42.165,41.7405,2026-08-03T13:00:00+00:00,0.1,41.58
Tbilisi,42.7978,42.0504,2026-08-03T14:00:00+00:00,4.98,27.2
Telavi,42.9477,44.7474,2026-08-03T15:00:00+00:00,32.03,36.57
Batumi,42.9524,45.0539,2026-08-03T16:00:00+00:00,30.26,21.74
Kutaisi,42.5648,43.0586,2026-08-03T17:00:00+00:00,21.8,71.45
Batumi,41.5336,44.9369,2026-08-03T18:00:00+00:00,-0.68,81.05
Telavi,41.4449,45.0829,2026-08-03T19:00:00+00:00,13.41,41.36
Batumi,41.4458,44.3002,2026-08-03T20:00:00+00:00,10.94,39.5
Tbilisi,42.9338,42.3956,2026-08-03T21:00:00+00:00,20.66,47.98
Kutaisi,42.8785,41.5767,2026-08-03T22:00:00+00:00,33.82,32.5
Kutaisi,41.0765,43.9829,2026-08-03T23:00:00+00:00,8.83,75.05
Telavi,42.2124,43.5571,2026-08-04T00:00:00+00:00,10.41,60.36
Kutaisi,41.0888,43.1803,2026-08-04T01:00:00+00:00,15.8,76.46
Batumi,41.7284,41.3499,2026-08-04T02:00:00+00:00,21.57,43.11
Kutaisi,42.3268,41.6231,2026-08-04T03:00:00+00:00,31.0,55.5
Telavi,41.6524,44.486,2026-08-04T04:00:00+00:00,17.18,33.43
Telavi,42.3546,45.514,2026-08-04T05:00:00+00:00,19.62,41.07
Tbilisi,41.6077,42.0509,2026-08-04T06:00:00+00:00,26.43,62.47
Kutaisi,41.93,43.2108,2026-08-04T07:00:00+00:00,3.55,53.12
Batumi,42.3177,42.4189,2026-08-04T08:00:00+00:00,21.55,63.35
Tbilisi,42.6368,44.7557,2026-08-04T09:00:00+00:00,21.91,35.72
Batumi,41.2947,41.2311,2026-08-04T10:00:00+00:00,34.36,62.79
Tbilisi,41.9108,45.4307,2026-08-04T11:00:00+00:00,18.03,70.28
Telavi,41.9888,42.2199,2026-08-04T12:00:00+00:00,21.24,20.39
Tbilisi,42.5568,42.0942,2026-08-04T13:00:00+00:00,27.16,68.71
Telavi,41.1004,42.246,2026-08-04T14:00:00+00:00,28.93,51.95
Telavi,42.3352,45.9395,2026-08-04T15:00:00+00:00,18.82,86.5
Telavi,42.2253,44.5964,2026-08-04T16:00:00+00:00,15.19,78.14
Telavi,42.7944,44.7183,2026-08-04T17:00:00+00:00,13.99,38.14
Batumi,42.6797,42.3866,2026-08-04T18:00:00+00:00,26.11,53.92
Batumi,41.5492,41.3874,2026-08-04T19:00:00+00:00,6.43,39.02
Kutaisi,42.7861,41.4029,2026-08-04T20:00:00+00:00,1.03,46.81
Batumi,42.4128,41.3211,2026-08-04T21:00:00+00:00,11.3,57.98
Telavi,41.1245,45.1645,2026-08-04T22:00:00+00:00,10.58,73.89
Tbilisi,42.7135,44.828,2026-08-04T23:00:00+00:00,10.22,20.41
Kutaisi,41.5972,42.9499,2026-08-05T00:00:00+00:00,30.67,78.5
Batumi,41.9765,42.3647,2026-08-05T01:00:00+00:00,14.43,47.22
Telavi,42.4484,45.2025,2026-08-05T02:00:00+00:00,31.78,88.65
Tbilisi,42.8139,43.9595,2026-08-05T03:00:00+00:00,21.52,25.88
Telavi,41.2714,43.3085,2026-08-05T04:00:00+00:00,-2.99,46.54
Batumi,41.9094,42.6875,2026-08-05T05:00:00+00:00,30.19,39.48
Telavi,41.5045,41.4095,2026-08-05T06:00:00+00:00,-4.22,57.76
Kutaisi,41.4484,41.3431,2026-08-05T07:00:00+00:00,33.29,22.82
Tbilisi,42.8992,41.9968,2026-08-05T08:00:00+00:00,-4.18,30.67
Batumi,41.9471,41.5719,2026-08-05T09:00:00+00:00,32.91,52.55
Kutaisi,42.5338,41.8389,2026-08-05T10:00:00+00:00,19.29,72.35
Tbilisi,42.5556,41.8188,2026-08-05T11:00:00+00:00,7.44,60.51
Kutaisi,42.1516,45.5401,2026-08-05T12:00:00+00:00,10.01,85.9
Batumi,41.152,44.4531,2026-08-05T13:00:00+00:00,20.09,27.13
Kutaisi,42.7006,44.0021,2026-08-05T14:00:00+00:00,-0.16,88.87
Tbilisi,41.6944,43.1419,2026-08-05T15:00:00+00:00,9.82,55.42
Kutaisi,41.0253,43.1003,2026-08-05T16:00:00+00:00,14.61,50.35
Kutaisi,42.2712,45.1435,2026-08-05T17:00:00+00:00,23.29,50.48
Kutaisi,42.2318,45.5981,2026-08-05T18:00:00+00:00,25.99,52.54
Kutaisi,41.6446,42.2275,2026-08-05T19:00:00+00:00,32.38,39.52
Telavi,41.4877,43.3235,2026-08-05T20:00:00+00:00,19.41,46.53
Tbilisi,41.9886,42.6251,2026-08-05T21:00:00+00:00,14.5,44.84
Kutaisi,41.6807,45.4016,2026-08-05T22:00:00+00:00,23.05,39.34
Tbilisi,42.0333,41.9553,2026-08-05T23:00:00+00:00,4.65,48.45
Batumi,42.3812,44.2295,2026-08-06T00:00:00+00:00,14.63,75.51
Tbilisi,41.5885,43.022,2026-08-06T01:00:00+00:00,4.73,66.48
Kutaisi,41.9465,43.6546,2026-08-06T02:00:00+00:00,12.02,72.22
Kutaisi,41.7036,43.2687,2026-08-06T03:00:00+00:00,7.26,36.14
Batumi,41.6311,44.7144,2026-08-06T04:00:00+00:00,33.04,68.31
Batumi,41.4328,43.421,2026-08-06T05:00:00+00:00,23.98,88.36
Kutaisi,42.961,45.1631,2026-08-06T06:00:00+00:00,6.85,45.26
Kutaisi,41.0283,43.6707,2026-08-06T07:00:00+00:00,5.97,88.2
Kutaisi,42.3948,41.6314,2026-08-06T08:00:00+00:00,29.74,54.36
Tbilisi,42.1481,43.347,2026-08-06T09:00:00+00:00,12.62,32.91
Tbilisi,41.505,45.3086,2026-08-06T10:00:00+00:00,-0.44,24.57
Telavi,41.1482,44.1472,2026-08-06T11:00:00+00:00,-2.86,30.44
Kutaisi,41.1704,42.241,2026-08-06T12:00:00+00:00,17.32,49.13
Batumi,42.5514,42.9019,2026-08-06T13:00:00+00:00,31.34,40.81
Telavi,41.6108,44.1051,2026-08-06T14:00:00+00:00,19.39,71.81
Batumi,42.251,42.3232,2026-08-06T15:00:00+00:00,-1.75,36.79
Tbilisi,41.3131,43.0426,2026-08-06T16:00:00+00:00,22.57,52.89
Tbilisi,41.463,44.5348,2026-08-06T17:00:00+00:00,23.12,51.78
Batumi,42.8478,44.9391,2026-08-06T18:00:00+00:00,20.0,66.28
Batumi,41.8503,43.7228,2026-08-06T19:00:00+00:00,20.91,83.59
Batumi,41.1428,41.8296,2026-08-06T20:00:00+00:00,7.3,72.43
Kutaisi,41.8783,43.3435,2026-08-06T21:00:00+00:00,7.16,48.18
Kutaisi,42.0009,43.469,2026-08-06T22:00:00+00:00,-1.78,22.79
Telavi,42.4691,44.0186,2026-08-06T23:00:00+00:00,-3.97,36.02
Tbilisi,42.9991,44.3614,2026-08-07T00:00:00+00:00,5.78,22.82
Batumi,41.941,44.2575,2026-08-07T01:00:00+00:00,31.64,32.7
Telavi,42.2696,43.4586,2026-08-07T02:00:00+00:00,-1.35,44.36
Kutaisi,41.6421,41.523,2026-08-07T03:00:00+00:00,1.43,48.82
Telavi,41.5764,45.726,2026-08-07T04:00:00+00:00,27.54,58.51
Telavi,41.1761,42.262,2026-08-07T05:00:00+00:00,-0.36,74.08
Tbilisi,42.3153,43.713,2026-08-07T06:00:00+00:00,11.53,33.13
Kutaisi,42.2453,43.4925,2026-08-07T07:00:00+00:00,12.68,23.61
Kutaisi,42.0984,45.6384,2026-08-07T08:00:00+00:00,12.52,68.88
Tbilisi,41.0577,44.1501,2026-08-07T09:00:00+00:00,26.97,69.68
Kutaisi,42.1017,43.7613,2026-08-07T10:00:00+00:00,-1.27,89.46
Tbilisi,41.9229,41.5873,2026-08-07T11:00:00+00:00,28.29,54.89
Kutaisi,42.0177,42.3671,2026-08-07T12:00:00+00:00,28.39,88.62
Batumi,41.9136,41.7232,2026-08-07T13:00:00+00:00,2.62,61.96
Batumi,42.7281,42.3812,2026-08-07T14:00:00+00:00,26.6,49.05
Kutaisi,42.6411,42.4142,2026-08-07T15:00:00+00:00,6.94,61.09
Telavi,42.7305,43.2327,2026-08-07T16:00:00+00:00,14.37,43.27
Telavi,41.9107,42.6089,2026-08-07T17:00:00+00:00,2.55,68.82
Telavi,41.4671,44.8777,2026-08-07T18:00:00+00:00,-3.25,72.13
Telavi,41.7722,44.3184,2026-08-07T19:00:00+00:00,27.83,88.66
Telavi,42.9296,41.6312,2026-08-07T20:00:00+00:00,33.61,43.24
Tbilisi,42.7484,43.2015,2026-08-07T21:00:00+00:00,16.04,51.98
Batumi,41.82,44.2739,2026-08-07T22:00:00+00:00,1.17,52.86
Kutaisi,41.6771,44.4635,2026-08-07T23:00:00+00:00,20.99,79.62
Telavi,42.9083,44.134,2026-08-08T00:00:00+00:00,30.5,54.16
Tbilisi,42.2349,42.1739,2026-08-08T01:00:00+00:00,22.38,40.12
Batumi,42.4935,43.1699,2026-08-08T02:00:00+00:00,-1.06,64.36
Tbilisi,41.8874,44.47,2026-08-08T03:00:00+00:00,31.14,23.22
Tbilisi,41.5867,42.8742,2026-08-08T04:00:00+00:00,0.82,57.18
Batumi,41.34,41.3948,2026-08-08T05:00:00+00:00,29.83,63.38
Batumi,41.9953,43.9158,2026-08-08T06:00:00+00:00,4.29,64.65
Telavi,41.5107,41.047,2026-08-08T07:00:00+00:00,27.19,83.08
Batumi,41.1477,45.7262,2026-08-08T08:00:00+00:00,34.51,40.94
Telavi,42.3806,43.2842,2026-08-08T09:00:00+00:00,7.08,89.96
Telavi,41.2133,42.9068,2026-08-08T10:00:00+00:00,9.36,40.71
Kutaisi,41.0439,45.1502,2026-08-08T11:00:00+00:00,10.83,20.57
Tbilisi,42.8212,44.7259,2026-08-08T12:00:00+00:00,28.31,83.21
Batumi,42.2141,42.7616,2026-08-08T13:00:00+00:00,20.46,63.46
Batumi,42.2565,45.517,2026-08-08T14:00:00+00:00,20.85,41.63
Telavi,41.0667,42.8243,2026-08-08T15:00:00+00:00,0.26,83.67
Kutaisi,42.495,41.8782,2026-08-08T16:00:00+00:00,0.29,57.76
Kutaisi,42.0617,45.5674,2026-08-08T17:00:00+00:00,28.22,37.99
Telavi,42.9348,42.4757,2026-08-08T18:00:00+00:00,29.82,76.3
Telavi,42.9258,41.7038,2026-08-08T19:00:00+00:00,33.66,80.21
Telavi,42.9345,45.0229,2026-08-08T20:00:00+00:00,9.63,75.35
Tbilisi,41.5289,41.6179,2026-08-08T21:00:00+00:00,9.74,72.43
Kutaisi,42.1691,45.1121,2026-08-08T22:00:00+00:00,32.61,27.58
Batumi,41.943,44.0977,2026-08-08T23:00:00+00:00,32.73,42.96
Batumi,42.2953,44.177,2026-08-09T00:00:00+00:00,13.57,69.08
Telavi,41.2334,41.2267,2026-08-09T01:00:00+00:00,-3.51,89.71
Tbilisi,41.1944,45.4363,2026-08-09T02:00:00+00:00,0.43,51.76
Telavi,42.1747,44.633,2026-08-09T03:00:00+00:00,30.42,65.84
Telavi,42.2313,45.6953,2026-08-09T04:00:00+00:00,6.19,68.32
Batumi,41.8868,45.7528,2026-08-09T05:00:00+00:00,29.22,26.95
Kutaisi,42.0889,45.8892,2026-08-09T06:00:00+00:00,9.35,47.87
Batumi,42.9364,45.7451,2026-08-09T07:00:00+00:00,27.97,26.42
Batumi,42.2834,43.9857,2026-08-09T08:00:00+00:00,-4.15,75.08
Batumi,42.9776,44.9349,2026-08-09T09:00:00+00:00,3.21,78.09
Batumi,42.1728,45.0653,2026-08-09T10:00:00+00:00,4.32,74.21
Tbilisi,41.5545,45.9201,2026-08-09T11:00:00+00:00,34.5,57.82
Batumi,41.2199,45.3322,2026-08-09T12:00:00+00:00,0.27,45.08
Batumi,42.1777,41.0789,2026-08-09T13:00:00+00:00,5.61,28.87
Telavi,42.0522,44.7283,2026-08-09T14:00:00+00:00,14.05,74.46
Tbilisi,41.904,42.1077,2026-08-09T15:00:00+00:00,19.6,70.91
Kutaisi,41.9161,45.8201,2026-08-09T16:00:00+00:00,-2.57,53.53
Telavi,41.8525,41.5398,2026-08-09T17:00:00+00:00,23.5,51.05
Tbilisi,41.6442,41.7417,2026-08-09T18:00:00+00:00,0.05,63.7
Kutaisi,41.7618,43.987,2026-08-09T19:00:00+00:00,6.8,55.39
Telavi,41.1984,44.5089,2026-08-09T20:00:00+00:00,29.11,65.56
Batumi,41.8601,45.4405,2026-08-09T21:00:00+00:00,11.55,77.92
Telavi,41.832,41.4754,2026-08-09T22:00:00+00:00,12.07,66.56
Kutaisi,42.9072,44.4341,2026-08-09T23:00:00+00:00,13.97,26.39
Tbilisi,41.1865,41.4828,2026-08-10T00:00:00+00:00,24.55,76.82
Tbilisi,42.1729,43.8079,2026-08-10T01:00:00+00:00,8.19,28.56
Kutaisi,42.7472,45.7056,2026-08-10T02:00:00+00:00,11.92,84.11
Tbilisi,42.9368,44.0021,2026-08-10T03:00:00+00:00,9.07,60.45
Batumi,41.3095,43.4109,2026-08-10T04:00:00+00:00,28.89,44.51
Kutaisi,41.2298,42.3928,2026-08-10T05:00:00+00:00,4.05,50.04
Tbilisi,42.218,44.2892,2026-08-10T06:00:00+00:00,22.74,22.03
Kutaisi,42.4054,42.5449,2026-08-10T07:00:00+00:00,8.59,20.43
Batumi,42.1326,43.0039,2026-08-10T08:00:00+00:00,0.67,64.32
Tbilisi,41.1835,43.6524,2026-08-10T09:00:00+00:00,10.05,51.76
Batumi,41.7401,44.608,2026-08-10T10:00:00+00:00,26.07,59.73
Tbilisi,42.7667,41.7779,2026-08-10T11:00:00+00:00,25.18,23.48
Tbilisi,41.5442,44.3097,2026-08-10T12:00:00+00:00,14.43,50.94
Kutaisi,41.4311,43.5617,2026-08-10T13:00:00+00:00,8.81,27.76
Telavi,42.0539,42.5421,2026-08-10T14:00:00+00:00,3.82,88.91
Tbilisi,41.0154,42.5071,2026-08-10T15:00:00+00:00,3.45,29.61
Kutaisi,41.5789,41.5999,2026-08-10T16:00:00+00:00,14.9,50.15
Batumi,41.7604,44.5184,2026-08-10T17:00:00+00:00,15.01,78.33
Kutaisi,41.1442,45.3088,2026-08-10T18:00:00+00:00,-3.31,21.31
Tbilisi,42.7242,43.8788,2026-08-10T19:00:00+00:00,17.94,69.66
Telavi,41.579,43.0252,2026-08-10T20:00:00+00:00,33.65,32.03
Telavi,42.6641,45.5988,2026-08-10T21:00:00+00:00,-1.47,79.11
Batumi,41.8714,43.0022,2026-08-10T22:00:00+00:00,-1.85,80.94
Kutaisi,41.4431,44.8956,2026-08-10T23:00:00+00:00,-1.94,64.33
Batumi,42.8118,42.7469,2026-08-11T00:00:00+00:00,24.1,77.33
Batumi,41.4725,41.7322,2026-08-11T01:00:00+00:00,2.89,62.17
Tbilisi,41.3543,44.8642,2026-08-11T02:00:00+00:00,14.76,72.81
Telavi,42.3623,45.4102,2026-08-11T03:00:00+00:00,20.72,89.06
Kutaisi,42.7285,44.1361,2026-08-11T04:00:00+00:00,1.04,24.78
Telavi,42.2628,44.9816,2026-08-11T05:00:00+00:00,18.66,44.64
Tbilisi,41.6208,43.2596,2026-08-11T06:00:00+00:00,-2.72,78.22
Tbilisi,42.2893,45.8868,2026-08-11T07:00:00+00:00,-1.39,61.59
Telavi,41.9254,43.7716,2026-08-11T08:00:00+00:00,26.67,82.71
Telavi,42.8181,43.8583,2026-08-11T09:00:00+00:00,2.53,62.35
Batumi,42.9154,43.2526,2026-08-11T10:00:00+00:00,27.44,78.62
Tbilisi,42.0091,41.8628,2026-08-11T11:00:00+00:00,4.91,50.64
Telavi,42.0481,44.049,2026-08-11T12:00:00+00:00,9.56,84.26
Telavi,41.8175,42.6918,2026-08-11T13:00:00+00:00,18.92,75.25
Kutaisi,41.1318,41.4725,2026-08-11T14:00:00+00:00,22.14,39.89
Batumi,41.6667,43.9137,2026-08-11T15:00:00+00:00,0.66,44.49
Telavi,41.2579,44.5442,2026-08-11T16:00:00+00:00,-1.61,59.12
Kutaisi,42.6264,44.3506,2026-08-11T17:00:00+00:00,28.16,71.71
Tbilisi,42.292,43.117,2026-08-11T18:00:00+00:00,9.47,45.38
Batumi,42.9023,42.7087,2026-08-11T19:00:00+00:00,25.65,33.44
Batumi,41.3099,42.479,2026-08-11T20:00:00+00:00,26.52,55.54
Tbilisi,42.3239,45.382,2026-08-11T21:00:00+00:00,19.72,61.81
Batumi,41.3245,45.1567,2026-08-11T22:00:00+00:00,25.84,76.63
Batumi,42.4424,41.2185,2026-08-11T23:00:00+00:00,9.57,70.37
Telavi,42.2212,44.762,2026-08-12T00:00:00+00:00,26.35,36.38
Batumi,41.6189,45.0431,2026-08-12T01:00:00+00:00,13.76,78.46
Kutaisi,42.3566,43.8521,2026-08-12T02:00:00+00:00,12.62,73.86
Telavi,42.0058,43.0933,2026-08-12T03:00:00+00:00,1.48,33.98
Batumi,42.746,41.2609,2026-08-12T04:00:00+00:00,14.22,45.98
Tbilisi,42.4228,43.5795,2026-08-12T05:00:00+00:00,-0.01,25.87
Batumi,41.5456,45.5265,2026-08-12T06:00:00+00:00,0.89,50.62
Batumi,42.6334,45.4231,2026-08-12T07:00:00+00:00,32.22,49.04
Telavi,42.004,42.1789,2026-08-12T08:00:00+00:00,34.78,46.24
Tbilisi,41.6374,41.4954,2026-08-12T09:00:00+00:00,23.59,43.47
Batumi,41.2752,42.4344,2026-08-12T10:00:00+00:00,28.19,68.73
Batumi,42.5177,43.3456,2026-08-12T11:00:00+00:00,19.61,83.41
Tbilisi,41.5118,45.1748,2026-08-12T12:00:00+00:00,16.95,70.91
Telavi,41.2224,42.4405,2026-08-12T13:00:00+00:00,7.05,23.34
Telavi,42.2779,44.1141,2026-08-12T14:00:00+00:00,-2.49,78.57
Telavi,42.1935,41.0822,2026-08-12T15:00:00+00:00,15.62,36.94
Batumi,41.5825,41.0078,2026-08-12T16:00:00+00:00,9.11,59.95
Batumi,42.3287,41.4281,2026-08-12T17:00:00+00:00,33.99,24.74
Tbilisi,41.7809,43.3507,2026-08-12T18:00:00+00:00,20.43,88.67
Kutaisi,42.4946,42.7855,2026-08-12T19:00:00+00:00,-2.3,36.88
Tbilisi,42.543,44.6759,2026-08-12T20:00:00+00:00,8.3,23.1
Kutaisi,42.627,41.8754,2026-08-12T21:00:00+00:00,26.17,52.52
Telavi,42.2635,45.0575,2026-08-12T22:00:00+00:00,-2.48,74.33
Telavi,41.074,42.008,2026-08-12T23:00:00+00:00,26.64,82.01
Kutaisi,42.8667,43.5769,2026-08-13T00:00:00+00:00,34.56,58.01
Kutaisi,41.0732,44.2345,2026-08-13T01:00:00+00:00,6.44,80.35
Tbilisi,42.7316,42.6596,2026-08-13T02:00:00+00:00,-0.02,45.76
Telavi,42.4866,45.4732,2026-08-13T03:00:00+00:00,10.47,88.16
Telavi,42.3841,42.8367,2026-08-13T04:00:00+00:00,26.89,38.67
Tbilisi,42.4542,41.3946,2026-08-13T05:00:00+00:00,19.1,77.56
Kutaisi,41.6424,41.4003,2026-08-13T06:00:00+00:00,21.44,41.45
Telavi,41.3333,43.2195,2026-08-13T07:00:00+00:00,12.89,70.88
Kutaisi,42.2297,43.1747,2026-08-13T08:00:00+00:00,20.58,75.4
Tbilisi,41.1501,44.1876,2026-08-13T09:00:00+00:00,9.53,76.08
Batumi,42.9056,41.7139,2026-08-13T10:00:00+00:00,19.3,74.69
Tbilisi,41.2525,42.18,2026-08-13T11:00:00+00:00,20.81,45.35
Tbilisi,42.2102,44.3953,2026-08-13T12:00:00+00:00,32.95,46.04
Tbilisi,42.1478,43.6473,2026-08-13T13:00:00+00:00,10.92,65.47
Batumi,42.921,41.1296,2026-08-13T14:00:00+00:00,2.44,56.24
Tbilisi,41.5236,42.3014,2026-08-13T15:00:00+00:00,12.85,89.75
Kutaisi,42.388,45.9931,2026-08-13T16:00:00+00:00,3.01,29.5
Tbilisi,41.9041,45.4934,2026-08-13T17:00:00+00:00,12.8,26.15
Kutaisi,42.3357,44.5477,2026-08-13T18:00:00+00:00,17.0,40.33
Kutaisi,42.7027,44.559,2026-08-13T19:00:00+00:00,32.09,64.64
Kutaisi,42.0175,41.6068,2026-08-13T20:00:00+00:00,3.04,29.72
Telavi,41.0526,43.7701,2026-08-13T21:00:00+00:00,9.76,76.26
Batumi,42.2239,41.4311,2026-08-13T22:00:00+00:00,7.37,89.97
Telavi,42.0514,44.8458,2026-08-13T23:00:00+00:00,27.93,25.16
Kutaisi,42.2847,43.2499,2026-08-14T00:00:00+00:00,22.2,44.12
Batumi,42.5356,41.6452,2026-08-14T01:00:00+00:00,15.11,80.77
Tbilisi,42.0362,42.5206,2026-08-14T02:00:00+00:00,1.48,85.43
Batumi,41.692,45.7045,2026-08-14T03:00:00+00:00,30.8,79.22
Kutaisi,41.3926,45.7818,2026-08-14T04:00:00+00:00,5.98,63.75
Tbilisi,42.0051,41.8432,2026-08-14T05:00:00+00:00,32.66,30.79
Kutaisi,42.6851,43.8181,2026-08-14T06:00:00+00:00,28.01,21.99
Tbilisi,42.8971,44.8551,2026-08-14T07:00:00+00:00,5.59,34.76
Telavi,42.2362,41.1514,2026-08-14T08:00:00+00:00,30.56,58.19
Kutaisi,41.9659,45.0234,2026-08-14T09:00:00+00:00,22.4,40.82
Tbilisi,42.3772,41.7904,2026-08-14T10:00:00+00:00,11.62,52.51
Kutaisi,42.2133,42.5629,2026-08-14T11:00:00+00:00,23.73,71.39
Kutaisi,42.9507,41.6538,2026-08-14T12:00:00+00:00,9.82,59.32
Kutaisi,41.4835,41.6126,2026-08-14T13:00:00+00:00,12.98,29.86
Tbilisi,41.5804,42.9207,2026-08-14T14:00:00+00:00,19.62,37.38
Batumi,42.627,45.6688,2026-08-14T15:00:00+00:00,23.85,33.29
Batumi,41.9965,43.5736,2026-08-14T16:00:00+00:00,14.95,41.6
Tbilisi,41.1801,42.9662,2026-08-14T17:00:00+00:00,13.29,36.85
Kutaisi,41.0973,42.4068,2026-08-14T18:00:00+00:00,18.9,79.0
Telavi,41.5715,41.0409,2026-08-14T19:00:00+00:00,-0.7,29.38
Kutaisi,42.455,44.8193,2026-08-14T20:00:00+00:00,9.64,48.04
Batumi,41.725,42.443,2026-08-14T21:00:00+00:00,10.45,51.52
Kutaisi,42.6506,44.1162,2026-08-14T22:00:00+00:00,19.44,29.01
Tbilisi,41.7878,44.9745,2026-08-14T23:00:00+00:00,8.56,85.73
Batumi,41.3981,43.5456,2026-08-15T00:00:00+00:00,15.0,23.17
Batumi,42.4272,45.0198,2026-08-15T01:00:00+00:00,15.77,30.43
Batumi,41.6559,44.0653,2026-08-15T02:00:00+00:00,1.5,89.34
Kutaisi,42.1874,43.5366,2026-08-15T03:00:00+00:00,15.39,54.29
Kutaisi,41.9498,41.0832,2026-08-15T04:00:00+00:00,8.25,27.67
Telavi,42.1674,44.9838,2026-08-15T05:00:00+00:00,24.01,68.16
Tbilisi,42.1938,42.3277,2026-08-15T06:00:00+00:00,21.22,88.04
Batumi,42.4428,43.9176,2026-08-15T07:00:00+00:00,1.82,64.03
Telavi,41.2956,44.4036,2026-08-15T08:00:00+00:00,-3.74,86.37
Tbilisi,41.3816,43.2052,2026-08-15T09:00:00+00:00,11.75,48.91
Batumi,41.8208,44.8749,2026-08-15T10:00:00+00:00,31.82,81.1
Tbilisi,42.4116,43.5934,2026-08-15T11:00:00+00:00,17.44,89.87
Telavi,42.051,42.5688,2026-08-15T12:00:00+00:00,1.93,83.85
Kutaisi,42.0925,44.3793,2026-08-15T13:00:00+00:00,29.71,67.65
Kutaisi,42.2202,41.9613,2026-08-15T14:00:00+00:00,4.86,59.07
Batumi,42.883,45.9113,2026-08-15T15:00:00+00:00,25.85,69.34
Telavi,41.6341,42.744,2026-08-15T16:00:00+00:00,32.35,75.68
Kutaisi,41.5756,43.8674,2026-08-15T17:00:00+00:00,16.73,82.7
Telavi,42.6368,45.773,2026-08-15T18:00:00+00:00,27.18,40.33
Kutaisi,42.9106,41.3951,2026-08-15T19:00:00+00:00,31.96,65.92
Telavi,41.428,45.1398,2026-08-15T20:00:00+00:00,5.85,59.34
Kutaisi,41.2745,44.0784,2026-08-15T21:00:00+00:00,18.47,36.97
Batumi,42.2759,41.2625,2026-08-15T22:00:00+00:00,11.53,70.22
Tbilisi,42.3624,41.6873,2026-08-15T23:00:00+00:00,33.58,88.45
Batumi,41.8138,45.6752,2026-08-16T00:00:00+00:00,30.14,53.42
Batumi,42.5118,42.4362,2026-08-16T01:00:00+00:00,6.42,24.14
Tbilisi,42.3046,42.1611,2026-08-16T02:00:00+00:00,24.55,79.52
Tbilisi,42.8265,41.8753,2026-08-16T03:00:00+00:00,30.29,32.31
Tbilisi,42.9943,42.985,2026-08-16T04:00:00+00:00,14.82,85.56
Kutaisi,42.7535,41.0463,2026-08-16T05:00:00+00:00,17.72,27.51
Kutaisi,41.5691,45.9455,2026-08-16T06:00:00+00:00,16.73,54.57
Batumi,42.7021,43.3401,2026-08-16T07:00:00+00:00,2.71,27.89
Batumi,42.4622,44.2414,2026-08-16T08:00:00+00:00,23.74,20.99
Kutaisi,42.5815,43.8389,2026-08-16T09:00:00+00:00,25.29,32.28
Telavi,42.654,43.5764,2026-08-16T10:00:00+00:00,-1.53,66.85
Batumi,42.9634,43.3873,2026-08-16T11:00:00+00:00,32.43,20.48
Telavi,41.471,44.7688,2026-08-16T12:00:00+00:00,33.16,41.14
Tbilisi,41.5231,42.7978,2026-08-16T13:00:00+00:00,4.45,66.75
Telavi,41.6136,43.0271,2026-08-16T14:00:00+00:00,15.1,82.66
Kutaisi,42.3806,44.1936,2026-08-16T15:00:00+00:00,32.63,45.73
Batumi,41.4383,41.6678,2026-08-16T16:00:00+00:00,1.13,72.34
Kutaisi,41.8317,43.7462,2026-08-16T17:00:00+00:00,13.83,57.63
Batumi,42.5237,44.4017,2026-08-16T18:00:00+00:00,18.83,75.12
Telavi,42.0563,42.8089,2026-08-16T19:00:00+00:00,31.69,27.85
Batumi,42.1454,41.7493,2026-08-16T20:00:00+00:00,8.12,56.42
Tbilisi,42.3606,44.5846,2026-08-16T21:00:00+00:00,14.55,82.92
Telavi,42.6174,43.2672,2026-08-16T22:00:00+00:00,15.53,51.98
Tbilisi,42.1176,44.3638,2026-08-16T23:00:00+00:00,7.33,21.52
Kutaisi,42.6329,44.729,2026-08-17T00:00:00+00:00,18.13,23.17
Kutaisi,42.4008,43.7058,2026-08-17T01:00:00+00:00,-2.59,82.6
Telavi,41.0635,43.0443,2026-08-17T02:00:00+00:00,25.76,73.61
Telavi,41.7489,45.4567,2026-08-17T03:00:00+00:00,12.94,84.2
Telavi,41.7513,44.4137,2026-08-17T04:00:00+00:00,21.47,57.75
Kutaisi,41.2373,45.9642,2026-08-17T05:00:00+00:00,10.72,28.91
Batumi,42.6696,44.7809,2026-08-17T06:00:00+00:00,34.14,52.41
Telavi,42.0639,45.1168,2026-08-17T07:00:00+00:00,4.9,44.23
Kutaisi,41.377,45.376,2026-08-17T08:00:00+00:00,25.62,22.26
Telavi,42.2298,45.6812,2026-08-17T09:00:00+00:00,30.56,36.85
Tbilisi,41.2018,41.1679,2026-08-17T10:00:00+00:00,18.91,69.23
Tbilisi,41.4895,41.2212,2026-08-17T11:00:00+00:00,12.56,57.78
Tbilisi,41.2803,45.9674,2026-08-17T12:00:00+00:00,4.37,84.15
Kutaisi,42.1549,44.8627,2026-08-17T13:00:00+00:00,27.74,36.58
Batumi,42.9714,43.6063,2026-08-17T14:00:00+00:00,11.54,39.26
Batumi,42.252,43.136,2026-08-17T15:00:00+00:00,14.82,88.06
Telavi,42.5716,42.5937,2026-08-17T16:00:00+00:00,11.65,30.45
Telavi,41.3678,43.6896,2026-08-17T17:00:00+00:00,4.64,35.77
Batumi,42.6116,45.5737,2026-08-17T18:00:00+00:00,17.5,87.75
Batumi,41.7768,42.275,2026-08-17T19:00:00+00:00,8.21,25.53
Telavi,42.6943,41.4623,2026-08-17T20:00:00+00:00,23.98,33.33
Kutaisi,41.7543,44.0248,2026-08-17T21:00:00+00:00,-3.42,25.09
Batumi,41.9588,45.3474,2026-08-17T22:00:00+00:00,8.32,86.99
Tbilisi,41.4236,41.9501,2026-08-17T23:00:00+00:00,24.66,72.28
Telavi,42.8289,44.4781,2026-08-18T00:00:00+00:00,23.15,47.76
Batumi,42.1042,44.8776,2026-08-18T01:00:00+00:00,10.23,57.36
Kutaisi,41.6168,42.7982,2026-08-18T02:00:00+00:00,30.31,52.62
Telavi,42.5233,42.6012,2026-08-18T03:00:00+00:00,3.13,41.9
Tbilisi,42.125,42.1064,2026-08-18T04:00:00+00:00,0.84,38.25
Telavi,41.5904,41.981,2026-08-18T05:00:00+00:00,4.2,59.89
Batumi,41.9986,44.273,2026-08-18T06:00:00+00:00,22.39,38.01
Telavi,42.933,44.2085,2026-08-18T07:00:00+00:00,14.62,31.78
Kutaisi,41.3385,44.6016,2026-08-18T08:00:00+00:00,14.53,84.18
Tbilisi,42.0479,45.1953,2026-08-18T09:00:00+00:00,-2.03,77.26
Tbilisi,42.5287,43.062,2026-08-18T10:00:00+00:00,28.7,36.2
Batumi,41.0183,43.5287,2026-08-18T11:00:00+00:00,9.93,63.25
Telavi,42.3186,41.0787,2026-08-18T12:00:00+00:00,16.29,48.79
Tbilisi,42.0588,42.3737,2026-08-18T13:00:00+00:00,34.1,21.2
Telavi,42.6123,45.5489,2026-08-18T14:00:00+00:00,-0.72,26.74
Batumi,41.4819,44.0989,2026-08-18T15:00:00+00:00,5.1,44.81
Telavi,41.158,45.7965,2026-08-18T16:00:00+00:00,13.36,37.02
Batumi,41.5999,45.1403,2026-08-18T17:00:00+00:00,-1.78,89.42
Tbilisi,41.187,42.8963,2026-08-18T18:00:00+00:00,17.11,23.93
Tbilisi,42.4057,41.4134,2026-08-18T19:00:00+00:00,28.81,65.14
Kutaisi,42.1317,45.2898,2026-08-18T20:00:00+00:00,-1.19,56.97
Tbilisi,41.4595,45.5064,2026-08-18T21:00:00+00:00,22.69,59.67
Kutaisi,41.0931,41.3717,2026-08-18T22:00:00+00:00,32.02,82.95
Tbilisi,41.3587,45.2521,2026-08-18T23:00:00+00:00,-4.37,34.5
Batumi,42.5045,44.5636,2026-08-19T00:00:00+00:00,10.93,25.39
Batumi,42.1279,43.8335,2026-08-19T01:00:00+00:00,28.98,67.39
Kutaisi,41.7677,44.6987,2026-08-19T02:00:00+00:00,26.62,68.25
Tbilisi,42.0016,45.8716,2026-08-19T03:00:00+00:00,-2.85,50.6
Tbilisi,41.6812,44.845,2026-08-19T04:00:00+00:00,33.19,47.77
Kutaisi,41.0593,42.3666,2026-08-19T05:00:00+00:00,34.7,54.34
Kutaisi,42.1061,42.8771,2026-08-19T06:00:00+00:00,2.43,61.01
Telavi,41.1714,44.0931,2026-08-19T07:00:00+00:00,26.92,69.92
Tbilisi,41.5359,42.9,2026-08-19T08:00:00+00:00,26.36,30.8
Telavi,41.6334,41.5328,2026-08-19T09:00:00+00:00,-4.79,41.58
Kutaisi,42.5227,41.5112,2026-08-19T10:00:00+00:00,-1.51,50.17
Telavi,41.2066,41.4481,2026-08-19T11:00:00+00:00,17.17,61.78
Kutaisi,42.7274,41.0617,2026-08-19T12:00:00+00:00,11.55,74.54
Batumi,42.1439,41.8479,2026-08-19T13:00:00+00:00,10.23,29.72
Kutaisi,41.5368,41.7297,2026-08-19T14:00:00+00:00,1.69,39.32
Kutaisi,41.9685,41.3846,2026-08-19T15:00:00+00:00,5.07,37.26
Telavi,42.1876,41.9777,2026-08-19T16:00:00+00:00,-0.72,41.33
Telavi,41.6644,44.101,2026-08-19T17:00:00+00:00,27.16,43.07
Kutaisi,41.8612,45.1177,2026-08-19T18:00:00+00:00,21.04,61.61
Kutaisi,41.6413,45.7364,2026-08-19T19:00:00+00:00,3.03,41.99
Telavi,42.9375,42.4572,2026-08-19T20:00:00+00:00,22.8,54.37
Batumi,41.6518,42.4015,2026-08-19T21:00:00+00:00,26.43,45.55
Batumi,42.1845,43.7281,2026-08-19T22:00:00+00:00,22.27,58.51
Telavi,42.8859,42.0482,2026-08-19T23:00:00+00:00,26.91,78.19
Tbilisi,42.6379,44.9783,2026-08-20T00:00:00+00:00,11.37,54.95
Kutaisi,41.484,44.2933,2026-08-20T01:00:00+00:00,23.61,75.24
Tbilisi,41.8981,43.9897,2026-08-20T02:00:00+00:00,18.29,57.41
Telavi,42.0873,44.9536,2026-08-20T03:00:00+00:00,9.38,82.69
Tbilisi,41.2187,42.2412,2026-08-20T04:00:00+00:00,21.59,31.64
Tbilisi,42.1264,44.2252,2026-08-20T05:00:00+00:00,20.87,87.68
Kutaisi,42.9314,43.1523,2026-08-20T06:00:00+00:00,-4.58,38.11
Batumi,41.8916,42.9557,2026-08-20T07:00:00+00:00,25.89,61.2
Batumi,41.6899,41.1228,2026-08-20T08:00:00+00:00,-0.82,49.12
Tbilisi,41.2321,45.7034,2026-08-20T09:00:00+00:00,0.67,41.83
Telavi,42.5685,43.6056,2026-08-20T10:00:00+00:00,8.93,26.83
Telavi,41.6378,42.5013,2026-08-20T11:00:00+00:00,27.41,28.06
Kutaisi,42.2959,44.3857,2026-08-20T12:00:00+00:00,1.57,88.87
Batumi,42.032,43.7596,2026-08-20T13:00:00+00:00,8.24,49.85
Telavi,41.4637,43.0252,2026-08-20T14:00:00+00:00,2.38,64.83
Telavi,41.7912,44.6869,2026-08-20T15:00:00+00:00,30.32,51.47
Telavi,41.7777,44.5237,2026-08-20T16:00:00+00:00,3.23,72.66
Tbilisi,42.1547,44.9975,2026-08-20T17:00:00+00:00,16.48,45.61
Batumi,41.9151,42.3118,2026-08-20T18:00:00+00:00,29.51,56.94
Kutaisi,42.1939,44.0565,2026-08-20T19:00:00+00:00,18.48,44.35
Telavi,42.2347,45.0687,2026-08-20T20:00:00+00:00,23.24,40.82
Tbilisi,42.3442,42.5659,2026-08-20T21:00:00+00:00,4.54,28.19
Kutaisi,42.3869,43.5541,2026-08-20T22:00:00+00:00,11.73,29.65
Telavi,41.8461,43.4334,2026-08-20T23:00:00+00:00,16.5,84.34
Batumi,42.1098,43.4482,2026-08-21T00:00:00+00:00,0.61,42.02
Telavi,42.2388,45.3276,2026-08-21T01:00:00+00:00,33.07,53.92
Batumi,42.6304,45.8191,2026-08-21T02:00:00+00:00,15.22,54.65
Telavi,41.8313,45.1995,2026-08-21T03:00:00+00:00,14.55,25.79
Tbilisi,42.5918,42.1026,2026-08-21T04:00:00+00:00,-3.69,35.74
Kutaisi,41.3364,43.2866,2026-08-21T05:00:00+00:00,24.7,73.61
Tbilisi,42.1454,42.3394,2026-08-21T06:00:00+00:00,16.72,89.36
Tbilisi,42.52,43.2068,2026-08-21T07:00:00+00:00,3.74,49.76
Batumi,41.5954,45.9966,2026-08-21T08:00:00+00:00,12.99,44.4
Tbilisi,41.8781,45.9698,2026-08-21T09:00:00+00:00,26.03,36.59
Kutaisi,42.7221,44.0513,2026-08-21T10:00:00+00:00,12.13,63.13
Batumi,42.6271,45.0272,2026-08-21T11:00:00+00:00,17.8,57.26
Batumi,41.6473,44.5203,2026-08-21T12:00:00+00:00,6.57,38.71
Tbilisi,41.2712,44.7505,2026-08-21T13:00:00+00:00,11.46,24.15
Kutaisi,42.7341,41.6344,2026-08-21T14:00:00+00:00,29.64,37.48
Kutaisi,42.657,44.8074,2026-08-21T15:00:00+00:00,22.05,54.26
Kutaisi,42.2556,42.8759,2026-08-21T16:00:00+00:00,-1.98,75.62
Tbilisi,41.8057,44.749,2026-08-21T17:00:00+00:00,22.79,81.41
Telavi,42.9005,42.6364,2026-08-21T18:00:00+00:00,-4.9,74.19
Tbilisi,42.4619,43.2922,2026-08-21T19:00:00+00:00,21.57,45.08
Tbilisi,42.5914,42.9886,2026-08-21T20:00:00+00:00,33.73,77.74
Telavi,41.5371,45.1417,2026-08-21T21:00:00+00:00,8.51,60.46
Telavi,42.5766,45.4708,2026-08-21T22:00:00+00:00,25.49,23.22
Telavi,41.0326,45.6472,2026-08-21T23:00:00+00:00,1.32,51.96
Telavi,41.4046,44.443,2026-08-22T00:00:00+00:00,0.28,65.5
Batumi,42.7488,45.383,2026-08-22T01:00:00+00:00,-1.27,45.23
Tbilisi,41.7437,45.519,2026-08-22T02:00:00+00:00,1.62,47.74
Kutaisi,42.452,44.7762,2026-08-22T03:00:00+00:00,12.17,26.38
Tbilisi,41.0022,43.384,2026-08-22T04:00:00+00:00,0.31,35.83
Telavi,41.0186,44.478,2026-08-22T05:00:00+00:00,27.68,89.17
Telavi,42.3881,43.3885,2026-08-22T06:00:00+00:00,4.16,26.25
Tbilisi,41.2064,42.8378,2026-08-22T07:00:00+00:00,6.97,46.79
Batumi,42.2832,44.3857,2026-08-22T08:00:00+00:00,-2.26,59.43
Batumi,41.8802,44.6122,2026-08-22T09:00:00+00:00,20.12,30.6
Telavi,42.2322,43.2119,2026-08-22T10:00:00+00:00,3.69,82.76
Batumi,42.5049,43.9479,2026-08-22T11:00:00+00:00,10.36,87.43
Kutaisi,42.5822,42.2389,2026-08-22T12:00:00+00:00,20.78,37.37
Kutaisi,42.5579,44.4524,2026-08-22T13:00:00+00:00,28.92,66.09
Kutaisi,41.4109,44.0346,2026-08-22T14:00:00+00:00,2.55,47.42
Tbilisi,42.5676,44.9689,2026-08-22T15:00:00+00:00,4.57,47.01
Batumi,41.9992,43.9696,2026-08-22T16:00:00+00:00,16.13,88.44
Kutaisi,42.8678,41.6599,2026-08-22T17:00:00+00:00,29.43,59.79
Kutaisi,42.0927,41.8639,2026-08-22T18:00:00+00:00,13.84,89.12
Tbilisi,41.0334,41.3377,2026-08-22T19:00:00+00:00,5.49,22.79
Tbilisi,42.8974,42.9899,2026-08-22T20:00:00+00:00,6.46,69.88
Telavi,41.8472,43.0114,2026-08-22T21:00:00+00:00,20.62,57.64
Batumi,41.5549,42.5495,2026-08-22T22:00:00+00:00,15.45,34.22
Batumi,42.0728,42.9537,2026-08-22T23:00:00+00:00,20.37,78.42
Tbilisi,41.6203,43.1874,2026-08-23T00:00:00+00:00,33.14,36.7
Batumi,41.1724,43.1724,2026-08-23T01:00:00+00:00,13.13,62.62
Kutaisi,42.3322,44.2903,2026-08-23T02:00:00+00:00,2.03,20.89
Batumi,42.403,41.8192,2026-08-23T03:00:00+00:00,33.12,56.61
Kutaisi,41.3339,41.6347,2026-08-23T04:00:00+00:00,26.24,38.81
Tbilisi,42.5429,41.1468,2026-08-23T05:00:00+00:00,27.28,39.04
Tbilisi,41.5259,45.8753,2026-08-23T06:00:00+00:00,20.1,54.73
Kutaisi,41.1109,45.2968,2026-08-23T07:00:00+00:00,1.68,31.01
Tbilisi,42.7885,44.3706,2026-08-23T08:00:00+00:00,-0.39,71.85
Tbilisi,41.0881,45.3146,2026-08-23T09:00:00+00:00,4.78,53.02
Telavi,42.8405,41.8948,2026-08-23T10:00:00+00:00,33.41,22.48
Telavi,41.449,42.2413,2026-08-23T11:00:00+00:00,31.63,42.4
Tbilisi,42.1431,41.597,2026-08-23T12:00:00+00:00,21.93,23.69
Batumi,42.6087,45.9071,2026-08-23T13:00:00+00:00,33.16,24.82
Telavi,42.7321,44.8676,2026-08-23T14:00:00+00:00,7.43,26.05
Telavi,41.0159,42.0034,2026-08-23T15:00:00+00:00,17.55,41.27
Batumi,41.9279,43.9585,2026-08-23T16:00:00+00:00,14.73,74.08
Batumi,42.4649,43.7328,2026-08-23T17:00:00+00:00,26.84,30.54
Telavi,41.0478,43.7077,2026-08-23T18:00:00+00:00,20.44,68.54
Tbilisi,42.902,41.0073,2026-08-23T19:00:00+00:00,21.29,79.43
Kutaisi,41.2079,43.6491,2026-08-23T20:00:00+00:00,4.53,54.44
Tbilisi,42.9451,41.7119,2026-08-23T21:00:00+00:00,6.19,23.07
Batumi,42.7946,43.5988,2026-08-23T22:00:00+00:00,23.03,46.07
Tbilisi,42.1615,43.5271,2026-08-23T23:00:00+00:00,20.49,47.6
Tbilisi,41.87,45.8211,2026-08-24T00:00:00+00:00,4.47,38.27
Kutaisi,42.8521,42.9648,2026-08-24T01:00:00+00:00,28.28,42.84
Telavi,41.5439,41.3734,2026-08-24T02:00:00+00:00,3.11,74.6
Tbilisi,41.3108,41.8219,2026-08-24T03:00:00+00:00,13.64,48.46
Kutaisi,42.9293,42.0382,2026-08-24T04:00:00+00:00,7.33,38.55
Tbilisi,41.1808,45.038,2026-08-24T05:00:00+00:00,7.17,69.33
Tbilisi,41.43,45.2829,2026-08-24T06:00:00+00:00,0.93,69.78
Kutaisi,41.7925,41.2448,2026-08-24T07:00:00+00:00,6.95,77.41
Batumi,41.0622,43.022,2026-08-24T08:00:00+00:00,13.09,72.37
Batumi,41.1895,41.5095,2026-08-24T09:00:00+00:00,26.75,28.5
Tbilisi,42.6607,45.9128,2026-08-24T10:00:00+00:00,0.23,77.66
Kutaisi,42.3726,45.6879,2026-08-24T11:00:00+00:00,-1.64,61.03
Tbilisi,41.0436,41.3224,2026-08-24T12:00:00+00:00,31.1,51.04
Batumi,41.184,45.2364,2026-08-24T13:00:00+00:00,27.36,28.58
Telavi,41.1013,45.6207,2026-08-24T14:00:00+00:00,12.33,70.71
Telavi,41.059,44.4161,2026-08-24T15:00:00+00:00,1.91,35.03
Batumi,41.55,43.2301,2026-08-24T16:00:00+00:00,0.95,62.99
Batumi,42.2946,43.4945,2026-08-24T17:00:00+00:00,30.31,53.53
Tbilisi,41.5596,41.6862,2026-08-24T18:00:00+00:00,2.98,81.93
Batumi,42.2615,45.0108,2026-08-24T19:00:00+00:00,26.79,89.26
Kutaisi,41.9594,44.9072,2026-08-24T20:00:00+00:00,8.76,59.6
Kutaisi,41.7768,41.8991,2026-08-24T21:00:00+00:00,7.76,35.33
Kutaisi,41.1172,45.9577,2026-08-24T22:00:00+00:00,16.18,73.68
Batumi,42.948,41.5007,2026-08-24T23:00:00+00:00,21.27,38.66
Tbilisi,42.5281,45.739,2026-08-25T00:00:00+00:00,18.03,88.79
Telavi,41.7096,45.1961,2026-08-25T01:00:00+00:00,28.81,32.33
Kutaisi,42.6124,44.4881,2026-08-25T02:00:00+00:00,31.56,21.97
Kutaisi,42.8951,43.818,2026-08-25T03:00:00+00:00,17.52,33.18
Telavi,42.0842,41.8778,2026-08-25T04:00:00+00:00,-3.48,23.93
Batumi,41.0399,43.3899,2026-08-25T05:00:00+00:00,8.27,62.99
Batumi,41.6815,41.8873,2026-08-25T06:00:00+00:00,27.1,80.78
Tbilisi,41.0438,43.933,2026-08-25T07:00:00+00:00,31.69,74.21
Kutaisi,42.9211,42.868,2026-08-25T08:00:00+00:00,32.68,47.69
Tbilisi,41.6731,42.613,2026-08-25T09:00:00+00:00,34.03,71.26
Telavi,42.5837,45.8033,2026-08-25T10:00:00+00:00,20.97,32.19
Kutaisi,41.4465,43.9448,2026-08-25T11:00:00+00:00,2.01,41.48
Kutaisi,41.2547,44.6442,2026-08-25T12:00:00+00:00,32.95,86.41
Telavi,42.7015,44.8542,2026-08-25T13:00:00+00:00,17.7,32.75
Kutaisi,42.8421,45.8377,2026-08-25T14:00:00+00:00,3.84,59.59
Telavi,41.2813,44.7267,2026-08-25T15:00:00+00:00,4.52,88.77
Batumi,42.2724,45.8154,2026-08-25T16:00:00+00:00,27.87,66.9
Kutaisi,41.8933,42.3261,2026-08-25T17:00:00+00:00,4.98,24.75
Kutaisi,42.574,44.6021,2026-08-25T18:00:00+00:00,-3.07,50.68
Telavi,42.9382,45.4228,2026-08-25T19:00:00+00:00,14.72,46.51
Telavi,41.2029,43.3974,2026-08-25T20:00:00+00:00,29.56,65.57
Batumi,41.3253,41.3685,2026-08-25T21:00:00+00:00,28.83,40.64
Kutaisi,41.5223,41.5236,2026-08-25T22:00:00+00:00,8.67,82.16
Batumi,42.464,43.7352,2026-08-25T23:00:00+00:00,30.92,26.52
Telavi,42.409,43.1566,2026-08-26T00:00:00+00:00,21.15,62.51
Telavi,41.3142,41.5063,2026-08-26T01:00:00+00:00,3.22,33.3
Kutaisi,42.3212,42.487,2026-08-26T02:00:00+00:00,-1.16,47.5
Telavi,41.3072,42.8041,2026-08-26T03:00:00+00:00,12.1,40.62
Telavi,41.3993,41.1287,2026-08-26T04:00:00+00:00,1.83,40.43
Tbilisi,41.9471,41.5775,2026-08-26T05:00:00+00:00,26.4,52.97
Kutaisi,41.1823,43.7206,2026-08-26T06:00:00+00:00,2.4,81.98
Kutaisi,41.3732,41.2231,2026-08-26T07:00:00+00:00,12.59,38.44
Kutaisi,42.1285,41.7557,2026-08-26T08:00:00+00:00,22.86,26.77
Kutaisi,42.6164,43.0699,2026-08-26T09:00:00+00:00,25.26,35.93
Tbilisi,42.6816,45.092,2026-08-26T10:00:00+00:00,11.75,57.49
Telavi,42.1454,42.1782,2026-08-26T11:00:00+00:00,6.95,47.64
Tbilisi,42.0042,45.5023,2026-08-26T12:00:00+00:00,27.02,67.43
Batumi,41.2406,44.7859,2026-08-26T13:00:00+00:00,1.92,88.91
Batumi,42.6169,41.6309,2026-08-26T14:00:00+00:00,11.93,89.18
Telavi,41.4038,45.1128,2026-08-26T15:00:00+00:00,0.92,61.65
Kutaisi,42.8216,45.5709,2026-08-26T16:00:00+00:00,-2.32,47.17
Telavi,42.1041,45.2831,2026-08-26T17:00:00+00:00,15.79,84.2
Tbilisi,42.5731,44.1153,2026-08-26T18:00:00+00:00,15.9,49.37
Telavi,41.2993,43.833,2026-08-26T19:00:00+00:00,18.31,87.54
Tbilisi,42.8499,43.8134,2026-08-26T20:00:00+00:00,-0.96,40.03
Kutaisi,42.7558,42.3207,2026-08-26T21:00:00+00:00,21.19,60.04
Telavi,41.0749,42.3771,2026-08-26T22:00:00+00:00,0.75,62.61
Telavi,41.0776,45.4479,2026-08-26T23:00:00+00:00,8.26,36.63
Telavi,42.8417,45.4852,2026-08-27T00:00:00+00:00,-4.19,77.22
Kutaisi,41.6219,45.2142,2026-08-27T01:00:00+00:00,29.33,67.94
Batumi,41.2688,45.8711,2026-08-27T02:00:00+00:00,12.72,77.81
Kutaisi,42.4576,44.0249,2026-08-27T03:00:00+00:00,-1.43,50.92
Telavi,42.4819,44.7975,2026-08-27T04:00:00+00:00,29.69,77.47
Batumi,41.1312,44.5478,2026-08-27T05:00:00+00:00,11.14,74.64
Tbilisi,41.3475,45.3759,2026-08-27T06:00:00+00:00,3.03,24.03
Tbilisi,41.9129,45.5902,2026-08-27T07:00:00+00:00,23.19,39.18
Telavi,42.0103,44.177,2026-08-27T08:00:00+00:00,-0.05,22.14
Kutaisi,41.9776,43.2305,2026-08-27T09:00:00+00:00,33.42,53.22
Kutaisi,41.6885,45.1883,2026-08-27T10:00:00+00:00,5.35,78.16
Tbilisi,41.5701,42.9328,2026-08-27T11:00:00+00:00,1.52,60.06
Batumi,42.7142,44.2369,2026-08-27T12:00:00+00:00,22.11,38.84
Telavi,42.0266,45.3231,2026-08-27T13:00:00+00:00,33.69,67.75
Telavi,42.823,44.2369,2026-08-27T14:00:00+00:00,19.05,20.59
Kutaisi,42.2167,45.715,2026-08-27T15:00:00+00:00,23.51,69.66
Kutaisi,41.8476,42.8824,2026-08-27T16:00:00+00:00,8.95,37.64
Telavi,41.6043,43.6032,2026-08-27T17:00:00+00:00,19.94,60.91
Tbilisi,42.023,44.3118,2026-08-27T18:00:00+00:00,28.73,46.2
Kutaisi,41.597,41.5405,2026-08-27T19:00:00+00:00,-2.45,89.19
Kutaisi,42.723,42.3057,2026-08-27T20:00:00+00:00,23.44,82.47
Kutaisi,41.3767,43.5865,2026-08-27T21:00:00+00:00,4.61,23.97
Telavi,42.3211,44.4038,2026-08-27T22:00:00+00:00,23.85,65.88
Kutaisi,41.5189,43.0928,2026-08-27T23:00:00+00:00,10.53,22.47
Batumi,41.6863,44.5668,2026-08-28T00:00:00+00:00,22.45,64.68
Telavi,42.8131,44.3593,2026-08-28T01:00:00+00:00,15.29,79.18
Batumi,41.5876,43.3539,2026-08-28T02:00:00+00:00,24.64,70.76
Batumi,42.8938,45.498,2026-08-28T03:00:00+00:00,21.18,35.56
Batumi,42.4884,42.5354,2026-08-28T04:00:00+00:00,26.52,43.19
Kutaisi,42.1711,43.3188,2026-08-28T05:00:00+00:00,-0.29,23.76
Tbilisi,41.9444,41.9727,2026-08-28T06:00:00+00:00,-0.21,67.65
Kutaisi,41.8262,45.3542,2026-08-28T07:00:00+00:00,1.03,89.46
Kutaisi,41.8184,43.847,2026-08-28T08:00:00+00:00,31.26,52.03
Kutaisi,42.7248,41.9018,2026-08-28T09:00:00+00:00,-1.77,43.28
Batumi,41.6268,41.2901,2026-08-28T10:00:00+00:00,13.08,34.66
Batumi,42.1526,41.7922,2026-08-28T11:00:00+00:00,26.41,74.58
Batumi,42.229,44.1674,2026-08-28T12:00:00+00:00,11.14,87.57
Telavi,41.0093,43.6689,2026-08-28T13:00:00+00:00,24.23,86.5
Kutaisi,42.5137,43.6552,2026-08-28T14:00:00+00:00,-4.28,20.29
Batumi,41.4525,45.3849,2026-08-28T15:00:00+00:00,7.48,27.19
Kutaisi,41.334,45.1192,2026-08-28T16:00:00+00:00,6.93,40.36
Kutaisi,41.8673,44.4339,2026-08-28T17:00:00+00:00,0.35,89.73
Telavi,41.7185,41.9421,2026-08-28T18:00:00+00:00,32.92,84.27
Telavi,41.0382,42.1216,2026-08-28T19:00:00+00:00,34.4,34.78
Tbilisi,42.1794,41.8449,2026-08-28T20:00:00+00:00,9.66,65.54
Tbilisi,41.7504,44.2016,2026-08-28T21:00:00+00:00,25.85,63.62
Tbilisi,42.3239,44.2678,2026-08-28T22:00:00+00:00,-4.21,68.28
Telavi,41.8886,41.618,2026-08-28T23:00:00+00:00,5.11,69.13
Batumi,42.3904,44.1516,2026-08-29T00:00:00+00:00,7.04,66.32
Kutaisi,42.2456,44.5036,2026-08-29T01:00:00+00:00,11.75,82.9
Tbilisi,41.5654,44.9238,2026-08-29T02:00:00+00:00,14.91,62.63
Kutaisi,42.663,45.8656,2026-08-29T03:00:00+00:00,9.32,48.68
Batumi,41.0788,43.4818,2026-08-29T04:00:00+00:00,3.31,85.32
Kutaisi,41.469,41.0637,2026-08-29T05:00:00+00:00,-1.44,27.73
Telavi,41.2983,41.4504,2026-08-29T06:00:00+00:00,15.47,70.65
Tbilisi,42.8096,44.2217,2026-08-29T07:00:00+00:00,13.27,88.41
Kutaisi,41.9286,41.499,2026-08-29T08:00:00+00:00,1.99,22.76
Kutaisi,41.7204,44.3838,2026-08-29T09:00:00+00:00,12.04,28.11
Tbilisi,41.0193,41.692,2026-08-29T10:00:00+00:00,20.89,43.01
Telavi,42.9102,42.3415,2026-08-29T11:00:00+00:00,24.32,46.08
Kutaisi,41.3657,43.0039,2026-08-29T12:00:00+00:00,33.49,39.03
Telavi,42.3798,43.3912,2026-08-29T13:00:00+00:00,11.87,82.03
Batumi,41.2261,44.4808,2026-08-29T14:00:00+00:00,-2.65,85.97
Batumi,41.2074,45.5561,2026-08-29T15:00:00+00:00,14.31,59.83
Telavi,41.3625,42.8988,2026-08-29T16:00:00+00:00,9.34,22.02
Batumi,41.9662,43.4406,2026-08-29T17:00:00+00:00,30.5,50.85
Tbilisi,41.5232,42.5712,2026-08-29T18:00:00+00:00,23.18,67.46
Batumi,42.9558,44.3492,2026-08-29T19:00:00+00:00,8.53,56.62
Tbilisi,41.8657,44.6333,2026-08-29T20:00:00+00:00,14.28,66.46
Telavi,41.2973,45.1322,2026-08-29T21:00:00+00:00,30.68,62.9
Tbilisi,42.2868,41.7846,2026-08-29T22:00:00+00:00,28.95,79.63
Batumi,41.1497,43.4582,2026-08-29T23:00:00+00:00,4.64,87.91
Tbilisi,42.0139,43.7525,2026-08-30T00:00:00+00:00,10.15,77.2
Tbilisi,41.9182,45.0063,2026-08-30T01:00:00+00:00,12.92,79.96
Telavi,41.6321,45.9034,2026-08-30T02:00:00+00:00,24.81,21.24
Telavi,41.8247,43.7857,2026-08-30T03:00:00+00:00,-4.99,26.36
Kutaisi,42.7802,43.8117,2026-08-30T04:00:00+00:00,21.18,51.93
Kutaisi,41.7267,41.2714,2026-08-30T05:00:00+00:00,3.92,51.81
Telavi,42.4333,42.8165,2026-08-30T06:00:00+00:00,13.1,26.82
Batumi,41.0044,42.7757,2026-08-30T07:00:00+00:00,20.35,75.99
Kutaisi,42.4042,41.2289,2026-08-30T08:00:00+00:00,1.57,29.83
Telavi,41.2139,44.0543,2026-08-30T09:00:00+00:00,2.5,85.12
Telavi,41.4312,45.1228,2026-08-30T10:00:00+00:00,2.62,43.66
Telavi,41.093,44.1662,2026-08-30T11:00:00+00:00,21.89,28.63
Telavi,41.9148,43.9466,2026-08-30T12:00:00+00:00,15.17,87.47
Tbilisi,42.0607,41.2429,2026-08-30T13:00:00+00:00,32.41,78.72
Telavi,42.8487,44.9054,2026-08-30T14:00:00+00:00,31.41,68.43
Batumi,42.461,41.6419,2026-08-30T15:00:00+00:00,10.5,62.04
Kutaisi,42.0082,42.9233,2026-08-30T16:00:00+00:00,34.18,84.11
Batumi,41.5472,45.818,2026-08-30T17:00:00+00:00,33.82,51.7
Batumi,41.2764,44.0126,2026-08-30T18:00:00+00:00,30.46,55.86
Kutaisi,42.4237,45.6776,2026-08-30T19:00:00+00:00,20.3,34.06
Kutaisi,42.3732,45.606,2026-08-30T20:00:00+00:00,0.31,69.73
Batumi,42.0078,44.4716,2026-08-30T21:00:00+00:00,7.9,28.08
Kutaisi,42.1246,43.914,2026-08-30T22:00:00+00:00,32.71,69.71
Kutaisi,42.755,43.1119,2026-08-30T23:00:00+00:00,-4.49,27.45
Telavi,41.2907,44.3513,2026-08-31T00:00:00+00:00,3.0,72.51
Batumi,42.9671,44.417,2026-08-31T01:00:00+00:00,0.86,24.34
Kutaisi,41.408,43.7059,2026-08-31T02:00:00+00:00,9.35,51.68
Batumi,42.4848,43.8064,2026-08-31T03:00:00+00:00,4.5,74.9
Kutaisi,42.3859,41.2349,2026-08-31T04:00:00+00:00,10.26,49.16
Kutaisi,42.9317,41.269,2026-08-31T05:00:00+00:00,24.75,34.22
Telavi,42.66,45.5574,2026-08-31T06:00:00+00:00,23.19,65.33
Batumi,42.5523,45.8214,2026-08-31T07:00:00+00:00,6.77,32.42
Tbilisi,41.374,41.869,2026-08-31T08:00:00+00:00,15.55,46.4
Telavi,41.5582,42.3212,2026-08-31T09:00:00+00:00,1.44,79.22
Tbilisi,41.6611,44.5484,2026-08-31T10:00:00+00:00,1.19,30.76
Kutaisi,42.1938,44.8683,2026-08-31T11:00:00+00:00,20.01,79.02
Kutaisi,41.9811,43.8634,2026-08-31T12:00:00+00:00,9.32,74.88
Kutaisi,42.0508,45.7849,2026-08-31T13:00:00+00:00,15.82,75.04
Batumi,41.8319,43.6852,2026-08-31T14:00:00+00:00,-1.32,35.48
Batumi,42.3267,42.6553,2026-08-31T15:00:00+00:00,6.74,86.52
Telavi,42.9933,45.1184,2026-08-31T16:00:00+00:00,34.25,20.62
Kutaisi,41.8913,45.5225,2026-08-31T17:00:00+00:00,19.55,63.48
Tbilisi,42.3651,42.6047,2026-08-31T18:00:00+00:00,31.64,86.15
Telavi,41.5132,44.6199,2026-08-31T19:00:00+00:00,-4.01,56.18
Kutaisi,42.0286,43.5437,2026-08-31T20:00:00+00:00,14.47,40.75
Batumi,41.6406,41.4117,2026-08-31T21:00:00+00:00,-1.16,88.01
Tbilisi,42.2539,42.0539,2026-08-31T22:00:00+00:00,20.18,34.92
Telavi,42.6713,42.0279,2026-08-31T23:00:00+00:00,28.15,81.5
Telavi,42.2931,45.6988,2026-09-01T00:00:00+00:00,24.88,30.76
Telavi,42.4337,41.1894,2026-09-01T01:00:00+00:00,-2.07,32.46
Kutaisi,42.1162,43.8748,2026-09-01T02:00:00+00:00,4.11,38.11
Telavi,41.9023,43.0222,2026-09-01T03:00:00+00:00,7.66,47.27
Tbilisi,42.0697,44.2071,2026-09-01T04:00:00+00:00,19.73,72.92
Tbilisi,42.4018,41.3629,2026-09-01T05:00:00+00:00,32.12,27.43
Kutaisi,42.2131,42.4076,2026-09-01T06:00:00+00:00,32.07,46.7
Tbilisi,41.948,43.6673,2026-09-01T07:00:00+00:00,0.46,47.37
Kutaisi,42.9203,41.7204,2026-09-01T08:00:00+00:00,22.09,83.99
Kutaisi,42.9148,41.0558,2026-09-01T09:00:00+00:00,29.99,29.9
Tbilisi,41.0101,43.9833,2026-09-01T10:00:00+00:00,16.49,86.29
Kutaisi,41.4201,44.7072,2026-09-01T11:00:00+00:00,24.04,34.82
Batumi,41.3219,42.1039,2026-09-01T12:00:00+00:00,28.39,33.6
Batumi,42.342,43.8365,2026-09-01T13:00:00+00:00,-2.82,72.57
Telavi,42.2893,41.3657,2026-09-01T14:00:00+00:00,21.87,37.55
Batumi,42.4512,43.436,2026-09-01T15:00:00+00:00,8.23,28.98
Batumi,41.2001,44.0976,2026-09-01T16:00:00+00:00,31.0,42.25
Telavi,41.6567,44.2971,2026-09-01T17:00:00+00:00,22.74,30.67
Kutaisi,42.6154,45.7933,2026-09-01T18:00:00+00:00,1.75,41.93
Batumi,42.4244,44.2042,2026-09-01T19:00:00+00:00,6.07,45.16
Kutaisi,42.7558,43.3142,2026-09-01T20:00:00+00:00,9.35,41.38
Tbilisi,41.3515,44.0331,2026-09-01T21:00:00+00:00,28.67,80.11
Batumi,42.7826,41.9822,2026-09-01T22:00:00+00:00,24.34,63.86
Tbilisi,42.7842,45.2479,2026-09-01T23:00:00+00:00,20.27,76.88
Telavi,42.5384,42.0638,2026-09-02T00:00:00+00:00,-3.53,38.24
Telavi,42.3078,41.7432,2026-09-02T01:00:00+00:00,10.7,82.4
Kutaisi,41.2678,43.5056,2026-09-02T02:00:00+00:00,-1.38,45.47
Tbilisi,42.3254,45.2399,2026-09-02T03:00:00+00:00,27.26,62.98
Batumi,42.5144,41.7019,2026-09-02T04:00:00+00:00,1.37,59.65
Batumi,42.4718,43.4175,2026-09-02T05:00:00+00:00,9.35,35.32
Telavi,41.4635,42.3218,2026-09-02T06:00:00+00:00,4.36,66.8
Kutaisi,41.7762,45.5895,2026-09-02T07:00:00+00:00,30.26,22.79
Kutaisi,41.2065,45.8422,2026-09-02T08:00:00+00:00,20.34,39.14
Kutaisi,42.1573,43.8508,2026-09-02T09:00:00+00:00,10.07,46.5
Tbilisi,42.0333,42.8816,2026-09-02T10:00:00+00:00,31.29,56.15
Kutaisi,42.6345,42.7252,2026-09-02T11:00:00+00:00,26.71,82.1
Tbilisi,42.0037,41.6948,2026-09-02T12:00:00+00:00,1.62,25.4
Kutaisi,41.423,41.9345,2026-09-02T13:00:00+00:00,9.49,70.21
Tbilisi,42.3222,43.0731,2026-09-02T14:00:00+00:00,8.21,27.93
Telavi,41.958,43.954,2026-09-02T15:00:00+00:00,20.89,48.76
Batumi,41.0863,43.8674,2026-09-02T16:00:00+00:00,1.45,64.07
Tbilisi,42.7816,41.7343,2026-09-02T17:00:00+00:00,1.65,84.57
Telavi,42.1987,43.818,2026-09-02T18:00:00+00:00,-4.26,70.37
Kutaisi,42.8945,42.083,2026-09-02T19:00:00+00:00,19.26,53.0
Telavi,41.3411,45.1518,2026-09-02T20:00:00+00:00,19.03,75.62
Batumi,42.2464,43.554,2026-09-02T21:00:00+00:00,1.71,67.99
Telavi,42.1931,41.3442,2026-09-02T22:00:00+00:00,10.13,29.25
Tbilisi,41.4047,45.298,2026-09-02T23:00:00+00:00,15.17,49.39
Batumi,42.211,41.8871,2026-09-03T00:00:00+00:00,31.06,61.99
Tbilisi,41.1864,44.297,2026-09-03T01:00:00+00:00,31.08,57.75
Tbilisi,42.7939,44.8744,2026-09-03T02:00:00+00:00,20.97,56.54
Kutaisi,42.7496,44.4882,2026-09-03T03:00:00+00:00,12.16,85.69
Telavi,42.5791,42.9062,2026-09-03T04:00:00+00:00,18.56,71.9
Tbilisi,41.851,42.2726,2026-09-03T05:00:00+00:00,25.63,83.71
Tbilisi,41.5665,45.3838,2026-09-03T06:00:00+00:00,11.35,33.23
Tbilisi,42.156,41.5891,2026-09-03T07:00:00+00:00,-4.71,65.82
Kutaisi,41.8177,41.5329,2026-09-03T08:00:00+00:00,12.04,60.98
Kutaisi,42.71,43.1178,2026-09-03T09:00:00+00:00,9.63,39.29
Telavi,42.5099,43.0661,2026-09-03T10:00:00+00:00,26.35,53.77
Kutaisi,42.1182,43.4188,2026-09-03T11:00:00+00:00,34.54,60.44
Telavi,42.4716,45.275,2026-09-03T12:00:00+00:00,21.37,72.35
Telavi,42.5662,45.7462,2026-09-03T13:00:00+00:00,-0.99,55.58
Kutaisi,42.6017,44.0701,2026-09-03T14:00:00+00:00,22.38,23.64
Telavi,42.9291,41.0265,2026-09-03T15:00:00+00:00,-1.36,30.17
Telavi,41.1763,42.3155,2026-09-03T16:00:00+00:00,9.83,62.63
Telavi,42.8614,43.0032,2026-09-03T17:00:00+00:00,21.25,40.05
Tbilisi,42.8914,45.1011,2026-09-03T18:00:00+00:00,20.61,50.73
Batumi,42.7011,45.6538,2026-09-03T19:00:00+00:00,15.73,33.63
Batumi,42.2304,44.3701,2026-09-03T20:00:00+00:00,9.39,65.85
Batumi,41.1737,42.3797,2026-09-03T21:00:00+00:00,10.98,66.88
Telavi,42.1722,43.5887,2026-09-03T22:00:00+00:00,24.48,24.8
Tbilisi,42.0992,44.6307,2026-09-03T23:00:00+00:00,17.36,60.81
Kutaisi,42.9266,42.3825,2026-09-04T00:00:00+00:00,19.25,33.62
Telavi,42.1498,42.3055,2026-09-04T01:00:00+00:00,11.29,27.45
Tbilisi,42.0063,42.6998,2026-09-04T02:00:00+00:00,-0.32,55.93
Kutaisi,42.7522,45.0657,2026-09-04T03:00:00+00:00,18.0,68.59
Telavi,42.1263,44.8498,2026-09-04T04:00:00+00:00,25.3,87.29
Telavi,42.3632,45.4826,2026-09-04T05:00:00+00:00,29.48,53.74
Kutaisi,41.1351,44.1683,2026-09-04T06:00:00+00:00,34.77,67.38
Batumi,42.6003,43.0621,2026-09-04T07:00:00+00:00,9.12,57.5
Kutaisi,41.4965,41.465,2026-09-04T08:00:00+00:00,21.95,77.48
Tbilisi,42.1091,41.8924,2026-09-04T09:00:00+00:00,7.55,35.3
Kutaisi,41.3656,44.7308,2026-09-04T10:00:00+00:00,32.21,33.31
Batumi,41.4697,42.2103,2026-09-04T11:00:00+00:00,5.62,36.04
Batumi,42.6727,42.7801,2026-09-04T12:00:00+00:00,26.16,28.39
Tbilisi,42.3516,44.3171,2026-09-04T13:00:00+00:00,19.55,73.5
Tbilisi,42.696,42.856,2026-09-04T14:00:00+00:00,7.62,82.87
Kutaisi,41.9816,45.922,2026-09-04T15:00:00+00:00,31.64,39.62
Batumi,42.5003,41.6412,2026-09-04T16:00:00+00:00,16.03,49.62
Tbilisi,42.005,42.9686,2026-09-04T17:00:00+00:00,22.45,32.24
Tbilisi,42.3965,43.3004,2026-09-04T18:00:00+00:00,22.57,20.83
Batumi,41.7589,41.5037,2026-09-04T19:00:00+00:00,9.46,80.33
Batumi,42.0971,42.1857,2026-09-04T20:00:00+00:00,13.85,62.92
Kutaisi,41.3678,43.1197,2026-09-04T21:00:00+00:00,11.76,72.65
Kutaisi,42.7087,42.3981,2026-09-04T22:00:00+00:00,2.2,29.18
Batumi,42.6284,44.6041,2026-09-04T23:00:00+00:00,27.16,58.87
Telavi,41.3921,45.0002,2026-09-05T00:00:00+00:00,24.54,53.11
Tbilisi,41.3532,43.498,2026-09-05T01:00:00+00:00,34.82,79.46
Kutaisi,42.5707,42.5002,2026-09-05T02:00:00+00:00,17.49,59.75
Telavi,41.1979,41.8167,2026-09-05T03:00:00+00:00,3.62,37.8
Tbilisi,41.8997,42.6733,2026-09-05T04:00:00+00:00,9.44,59.22
Kutaisi,41.6883,43.0588,2026-09-05T05:00:00+00:00,9.04,67.57
Batumi,42.1537,44.2493,2026-09-05T06:00:00+00:00,16.54,88.56
Kutaisi,41.7102,44.366,2026-09-05T07:00:00+00:00,14.5,71.56
Tbilisi,41.7621,42.4326,2026-09-05T08:00:00+00:00,20.27,30.14
Batumi,42.2812,45.6428,2026-09-05T09:00:00+00:00,11.87,62.86
Telavi,42.6978,41.3567,2026-09-05T10:00:00+00:00,1.48,35.98
Kutaisi,42.306,44.5522,2026-09-05T11:00:00+00:00,19.22,47.68
Telavi,42.5619,45.6938,2026-09-05T12:00:00+00:00,24.92,56.47
Telavi,41.828,41.9194,2026-09-05T13:00:00+00:00,-4.08,70.94
Kutaisi,42.8809,44.5035,2026-09-05T14:00:00+00:00,-1.8,31.68
Tbilisi,41.1911,45.684,2026-09-05T15:00:00+00:00,13.93,23.77
Telavi,42.048,45.9801,2026-09-05T16:00:00+00:00,-0.84,63.27
Tbilisi,42.3097,45.4274,2026-09-05T17:00:00+00:00,7.37,37.32
Kutaisi,41.8863,41.6321,2026-09-05T18:00:00+00:00,16.07,31.94
Tbilisi,42.3271,45.3018,2026-09-05T19:00:00+00:00,8.01,53.33
Kutaisi,42.0971,41.6756,2026-09-05T20:00:00+00:00,32.94,57.75
Telavi,42.2621,44.1793,2026-09-05T21:00:00+00:00,17.56,56.64
Kutaisi,42.8178,43.4083,2026-09-05T22:00:00+00:00,4.09,26.27
Kutaisi,41.7316,42.299,2026-09-05T23:00:00+00:00,7.14,20.01
Batumi,41.6878,43.346,2026-09-06T00:00:00+00:00,-4.67,84.55
Telavi,41.5992,44.8293,2026-09-06T01:00:00+00:00,26.92,61.79
Tbilisi,42.0964,41.9429,2026-09-06T02:00:00+00:00,30.29,50.6
Batumi,41.3265,44.6856,2026-09-06T03:00:00+00:00,10.59,46.49
Kutaisi,41.1584,44.1266,2026-09-06T04:00:00+00:00,15.66,76.0
Kutaisi,41.5694,44.7146,2026-09-06T05:00:00+00:00,27.35,48.9
Tbilisi,41.3648,42.448,2026-09-06T06:00:00+00:00,20.48,63.24
Kutaisi,42.4009,43.46,2026-09-06T07:00:00+00:00,7.83,30.65
Tbilisi,41.3719,41.5114,2026-09-06T08:00:00+00:00,5.77,70.06
Tbilisi,41.4656,41.7534,2026-09-06T09:00:00+00:00,14.74,43.93
Kutaisi,42.5715,43.492,2026-09-06T10:00:00+00:00,9.86,68.79
Tbilisi,41.6605,45.2177,2026-09-06T11:00:00+00:00,33.07,23.92
Telavi,41.1428,43.3507,2026-09-06T12:00:00+00:00,2.69,78.91
Telavi,42.6565,41.6098,2026-09-06T13:00:00+00:00,25.73,37.43
Telavi,41.4943,45.9727,2026-09-06T14:00:00+00:00,2.97,71.47
Tbilisi,42.0423,45.9106,2026-09-06T15:00:00+00:00,13.91,67.7
Kutaisi,42.8724,41.7931,2026-09-06T16:00:00+00:00,24.13,72.13
Tbilisi,41.5066,44.1926,2026-09-06T17:00:00+00:00,2.95,82.13
Batumi,42.9465,42.1798,2026-09-06T18:00:00+00:00,12.37,21.05
Kutaisi,42.1694,42.979,2026-09-06T19:00:00+00:00,4.72,87.82
Telavi,42.3768,41.775,2026-09-06T20:00:00+00:00,25.83,37.41
Telavi,41.1828,44.0932,2026-09-06T21:00:00+00:00,32.23,89.79
Tbilisi,41.1196,44.2229,2026-09-06T22:00:00+00:00,23.05,75.4
Batumi,41.9757,42.5837,2026-09-06T23:00:00+00:00,17.33,65.13
Kutaisi,42.6111,43.1936,2026-09-07T00:00:00+00:00,2.72,68.25
Kutaisi,42.4488,42.2535,2026-09-07T01:00:00+00:00,-3.42,69.46
Kutaisi,42.0855,43.4505,2026-09-07T02:00:00+00:00,17.67,58.05
Kutaisi,42.4648,42.3766,2026-09-07T03:00:00+00:00,28.25,84.01
Batumi,41.1378,41.7751,2026-09-07T04:00:00+00:00,6.83,38.43
Kutaisi,41.9082,44.8796,2026-09-07T05:00:00+00:00,15.24,71.36
Tbilisi,42.2395,42.8204,2026-09-07T06:00:00+00:00,19.81,42.45
Tbilisi,42.3166,43.6948,2026-09-07T07:00:00+00:00,10.5,56.68
Telavi,42.5315,41.7707,2026-09-07T08:00:00+00:00,6.33,48.69
Kutaisi,41.2209,43.616,2026-09-07T09:00:00+00:00,-2.33,78.46
Batumi,41.3573,41.1564,2026-09-07T10:00:00+00:00,-0.72,33.41
Tbilisi,42.142,45.1815,2026-09-07T11:00:00+00:00,21.32,56.81
Kutaisi,41.0982,42.1036,2026-09-07T12:00:00+00:00,23.71,20.92
Batumi,42.3115,45.642,2026-09-07T13:00:00+00:00,28.28,52.76
Tbilisi,41.7219,44.7174,2026-09-07T14:00:00+00:00,30.62,77.54
Tbilisi,42.6473,42.3291,2026-09-07T15:00:00+00:00,-3.37,24.93
Kutaisi,41.1559,42.0795,2026-09-07T16:00:00+00:00,15.78,27.09
Batumi,42.0633,41.9473,2026-09-07T17:00:00+00:00,16.05,37.41
Batumi,42.1168,43.7907,2026-09-07T18:00:00+00:00,24.84,73.64
Kutaisi,42.349,44.5128,2026-09-07T19:00:00+00:00,12.08,27.29
Batumi,42.0999,43.5235,2026-09-07T20:00:00+00:00,21.3,57.37
Telavi,42.867,45.5124,2026-09-07T21:00:00+00:00,17.0,89.78
Kutaisi,41.8247,44.1662,2026-09-07T22:00:00+00:00,28.05,42.64
Batumi,42.1263,42.0696,2026-09-07T23:00:00+00:00,25.63,84.83
Kutaisi,41.72,43.262,2026-09-08T00:00:00+00:00,33.39,20.01
Tbilisi,42.9659,43.9788,2026-09-08T01:00:00+00:00,15.7,89.54
Kutaisi,41.0131,45.922,2026-09-08T02:00:00+00:00,3.59,42.04
Kutaisi,42.8382,43.5564,2026-09-08T03:00:00+00:00,17.83,60.01
Tbilisi,41.0755,42.7783,2026-09-08T04:00:00+00:00,0.54,45.7
Batumi,41.466,45.0554,2026-09-08T05:00:00+00:00,-1.32,47.99
Batumi,42.4685,44.6179,2026-09-08T06:00:00+00:00,26.72,32.1
Tbilisi,42.1905,42.502,2026-09-08T07:00:00+00:00,24.23,60.34
Tbilisi,42.5602,45.6094,2026-09-08T08:00:00+00:00,8.38,81.59
Telavi,41.833,45.3392,2026-09-08T09:00:00+00:00,29.79,35.87
Tbilisi,42.2678,44.161,2026-09-08T10:00:00+00:00,-2.83,56.71
Kutaisi,42.0799,41.7479,2026-09-08T11:00:00+00:00,15.1,35.46
Tbilisi,42.3473,45.9868,2026-09-08T12:00:00+00:00,33.84,72.7
Tbilisi,41.4442,42.4489,2026-09-08T13:00:00+00:00,10.77,29.25
Tbilisi,41.9517,44.7266,2026-09-08T14:00:00+00:00,16.93,38.38
Telavi,42.0036,44.8691,2026-09-08T15:00:00+00:00,0.22,29.44
Batumi,41.9757,44.2612,2026-09-08T16:00:00+00:00,2.84,63.12
Batumi,41.4846,42.3313,2026-09-08T17:00:00+00:00,12.2,67.93
Tbilisi,41.2251,43.0679,2026-09-08T18:00:00+00:00,9.61,33.33
Kutaisi,42.1878,41.121,2026-09-08T19:00:00+00:00,7.19,89.14
Telavi,42.2464,43.2023,2026-09-08T20:00:00+00:00,31.97,36.34
Kutaisi,41.312,44.6424,2026-09-08T21:00:00+00:00,-1.57,71.77
Batumi,42.8979,45.6336,2026-09-08T22:00:00+00:00,29.75,77.41
Tbilisi,41.6865,45.0214,2026-09-08T23:00:00+00:00,7.2,52.98
Kutaisi,41.418,43.69,2026-09-09T00:00:00+00:00,3.15,56.63
Kutaisi,42.0976,44.1152,2026-09-09T01:00:00+00:00,34.69,68.65
Tbilisi,41.7532,45.5302,2026-09-09T02:00:00+00:00,16.07,37.88
Tbilisi,41.568,44.9459,2026-09-09T03:00:00+00:00,19.72,23.72
Tbilisi,41.1332,44.3019,2026-09-09T04:00:00+00:00,21.52,83.9
Kutaisi,42.7286,41.0954,2026-09-09T05:00:00+00:00,29.7,65.46
Batumi,42.9596,43.5427,2026-09-09T06:00:00+00:00,23.39,83.27
Telavi,42.7335,43.6578,2026-09-09T07:00:00+00:00,2.46,55.05
Telavi,42.1214,44.5623,2026-09-09T08:00:00+00:00,-3.41,84.56
Kutaisi,41.6671,42.967,2026-09-09T09:00:00+00:00,1.28,44.27
Kutaisi,41.7108,42.5116,2026-09-09T10:00:00+00:00,34.84,88.5
Kutaisi,42.6238,44.129,2026-09-09T11:00:00+00:00,30.15,82.33
Tbilisi,42.8883,45.7456,2026-09-09T12:00:00+00:00,4.02,43.93
Telavi,42.3139,41.439,2026-09-09T13:00:00+00:00,10.29,87.24
Batumi,41.8347,43.8645,2026-09-09T14:00:00+00:00,12.06,41.87
Kutaisi,41.8983,41.6589,2026-09-09T15:00:00+00:00,21.1,60.67
Batumi,42.7252,42.545,2026-09-09T16:00:00+00:00,23.21,56.67
Batumi,41.8601,45.545,2026-09-09T17:00:00+00:00,25.8,65.94
Batumi,41.635,43.7867,2026-09-09T18:00:00+00:00,32.94,28.29
Kutaisi,42.679,41.7276,2026-09-09T19:00:00+00:00,-3.82,42.31
Telavi,42.9224,42.5167,2026-09-09T20:00:00+00:00,24.82,77.52
Kutaisi,41.3039,41.9397,2026-09-09T21:00:00+00:00,0.26,21.83
Kutaisi,42.2112,44.0618,2026-09-09T22:00:00+00:00,18.85,36.16
Tbilisi,41.7185,44.4407,2026-09-09T23:00:00+00:00,14.06,55.16
Telavi,42.424,42.8698,2026-09-10T00:00:00+00:00,29.09,54.4
Batumi,41.3276,42.1314,2026-09-10T01:00:00+00:00,11.34,87.82
Kutaisi,42.9004,42.1128,2026-09-10T02:00:00+00:00,21.85,34.2
Batumi,41.1323,45.6355,2026-09-10T03:00:00+00:00,34.43,80.7
Telavi,42.3757,45.3339,2026-09-10T04:00:00+00:00,30.5,49.93
Tbilisi,42.2159,45.1216,2026-09-10T05:00:00+00:00,23.81,47.59
Tbilisi,42.0413,43.258,2026-09-10T06:00:00+00:00,28.08,22.97
Batumi,42.0374,42.9781,2026-09-10T07:00:00+00:00,24.41,59.04
Tbilisi,41.3797,43.1978,2026-09-10T08:00:00+00:00,30.38,74.16
Kutaisi,41.9227,43.1123,2026-09-10T09:00:00+00:00,19.53,23.82
Batumi,41.9272,44.2305,2026-09-10T10:00:00+00:00,-1.38,55.05
Batumi,42.5575,45.6892,2026-09-10T11:00:00+00:00,22.84,29.47
Telavi,41.6469,41.1246,2026-09-10T12:00:00+00:00,13.15,82.76
Batumi,42.7651,41.4509,2026-09-10T13:00:00+00:00,7.96,65.4
Batumi,42.4367,41.6177,2026-09-10T14:00:00+00:00,-0.43,51.46
Kutaisi,41.1706,44.5364,2026-09-10T15:00:00+00:00,24.07,88.26
Batumi,41.7574,42.903,2026-09-10T16:00:00+00:00,25.73,83.86
Batumi,41.3242,41.723,2026-09-10T17:00:00+00:00,25.77,23.59
Kutaisi,41.619,44.8432,2026-09-10T18:00:00+00:00,12.85,63.85
Tbilisi,42.7971,45.8022,2026-09-10T19:00:00+00:00,-4.86,73.58
Tbilisi,41.9173,45.2771,2026-09-10T20:00:00+00:00,16.74,20.4
Telavi,41.4758,43.9443,2026-09-10T21:00:00+00:00,14.03,48.71
Tbilisi,42.2024,41.0329,2026-09-10T22:00:00+00:00,30.29,39.47
Batumi,41.0978,41.7413,2026-09-10T23:00:00+00:00,21.13,22.57
Tbilisi,42.334,45.1901,2026-09-11T00:00:00+00:00,6.94,84.43
Tbilisi,41.2178,45.9687,2026-09-11T01:00:00+00:00,1.45,39.91
Batumi,42.9326,44.7467,2026-09-11T02:00:00+00:00,9.41,22.51
Kutaisi,41.6456,45.4876,2026-09-11T03:00:00+00:00,27.81,73.09
Tbilisi,41.5857,41.6727,2026-09-11T04:00:00+00:00,22.78,39.21
Telavi,42.0493,44.4791,2026-09-11T05:00:00+00:00,19.48,27.65
Tbilisi,41.9673,44.4433,2026-09-11T06:00:00+00:00,32.36,89.04
Kutaisi,41.8541,45.239,2026-09-11T07:00:00+00:00,5.39,60.26
Kutaisi,42.8542,44.0714,2026-09-11T08:00:00+00:00,14.86,71.04
Telavi,41.985,41.8995,2026-09-11T09:00:00+00:00,19.38,69.6
Batumi,41.0032,41.1199,2026-09-11T10:00:00+00:00,20.02,28.25
Batumi,42.5991,45.9949,2026-09-11T11:00:00+00:00,11.56,43.37
Batumi,41.0226,42.0059,2026-09-11T12:00:00+00:00,6.27,75.31
Kutaisi,41.6006,43.75,2026-09-11T13:00:00+00:00,25.68,27.97
Kutaisi,41.6827,44.622,2026-09-11T14:00:00+00:00,19.64,22.04
Batumi,41.388,45.1691,2026-09-11T15:00:00+00:00,31.89,53.54
Telavi,42.5945,44.2283,2026-09-11T16:00:00+00:00,14.26,63.9
Kutaisi,41.9249,45.0708,2026-09-11T17:00:00+00:00,32.11,23.92
Kutaisi,42.1299,44.391,2026-09-11T18:00:00+00:00,17.21,21.31
Kutaisi,42.5991,45.4401,2026-09-11T19:00:00+00:00,9.14,87.87
Kutaisi,42.6815,42.6958,2026-09-11T20:00:00+00:00,10.01,57.4
Batumi,42.142,42.9478,2026-09-11T21:00:00+00:00,18.81,80.52
Kutaisi,42.4105,42.5725,2026-09-11T22:00:00+00:00,-3.73,48.97
Telavi,42.7541,42.8579,2026-09-11T23:00:00+00:00,28.18,41.18
Kutaisi,41.35,42.8711,2026-09-12T00:00:00+00:00,-3.5,34.15
Tbilisi,41.8875,41.1247,2026-09-12T01:00:00+00:00,14.31,55.0
Batumi,41.6802,43.4174,2026-09-12T02:00:00+00:00,29.96,41.73
Kutaisi,41.2866,45.359,2026-09-12T03:00:00+00:00,27.89,85.66
Batumi,41.4104,41.1828,2026-09-12T04:00:00+00:00,10.5,80.54
Tbilisi,41.0082,45.6617,2026-09-12T05:00:00+00:00,22.48,61.6
Tbilisi,41.6666,45.4459,2026-09-12T06:00:00+00:00,-0.88,73.63
Kutaisi,41.045,44.7925,2026-09-12T07:00:00+00:00,20.55,34.69
Batumi,41.3851,42.3832,2026-09-12T08:00:00+00:00,7.77,50.88
Tbilisi,41.5453,41.7875,2026-09-12T09:00:00+00:00,-0.42,87.08
Tbilisi,41.4132,42.7516,2026-09-12T10:00:00+00:00,7.74,29.91
Kutaisi,42.1482,41.8564,2026-09-12T11:00:00+00:00,7.46,82.46
Telavi,41.1015,41.145,2026-09-12T12:00:00+00:00,31.13,23.53
Telavi,41.1076,43.1323,2026-09-12T13:00:00+00:00,2.16,61.73
Telavi,42.2326,42.5622,2026-09-12T14:00:00+00:00,27.7,69.9
Tbilisi,42.9474,44.7787,2026-09-12T15:00:00+00:00,13.63,29.23
Telavi,41.1945,42.552,2026-09-12T16:00:00+00:00,20.78,73.65
Telavi,41.4634,42.119,2026-09-12T17:00:00+00:00,29.44,63.19
Kutaisi,41.7842,44.4981,2026-09-12T18:00:00+00:00,21.61,75.21
Kutaisi,41.9066,41.1513,2026-09-12T19:00:00+00:00,14.01,44.6
Telavi,42.6915,42.4113,2026-09-12T20:00:00+00:00,8.94,60.23
Tbilisi,41.8114,44.5714,2026-09-12T21:00:00+00:00,-0.72,58.93
Tbilisi,42.5849,43.6637,2026-09-12T22:00:00+00:00,11.03,48.94
Batumi,42.0959,45.8695,2026-09-12T23:00:00+00:00,10.35,43.85
Telavi,42.5686,43.1768,2026-09-13T00:00:00+00:00,26.49,58.12
Batumi,41.3462,44.348,2026-09-13T01:00:00+00:00,24.57,69.83
Telavi,41.2286,43.9804,2026-09-13T02:00:00+00:00,8.02,26.84
Telavi,41.3523,45.7794,2026-09-13T03:00:00+00:00,-2.22,27.61
Telavi,41.6548,44.2249,2026-09-13T04:00:00+00:00,-2.54,35.23
Batumi,42.7745,45.5163,2026-09-13T05:00:00+00:00,20.45,20.01
Batumi,42.3218,43.2649,2026-09-13T06:00:00+00:00,6.66,63.09
Telavi,41.3913,44.4076,2026-09-13T07:00:00+00:00,7.66,59.92
Kutaisi,42.837,45.6834,2026-09-13T08:00:00+00:00,23.71,84.06
Tbilisi,42.1655,44.0575,2026-09-13T09:00:00+00:00,15.42,79.33
Kutaisi,41.1248,45.5054,2026-09-13T10:00:00+00:00,33.72,20.06
Kutaisi,41.2194,42.411,2026-09-13T11:00:00+00:00,-3.75,50.22
Telavi,42.2504,44.5589,2026-09-13T12:00:00+00:00,11.24,50.46
Batumi,42.325,43.3744,2026-09-13T13:00:00+00:00,2.53,46.92
Kutaisi,42.6799,41.7713,2026-09-13T14:00:00+00:00,34.9,66.9
Batumi,41.0232,44.2419,2026-09-13T15:00:00+00:00,0.76,81.94
Telavi,42.95,41.6789,2026-09-13T16:00:00+00:00,0.49,76.42
Telavi,42.7872,44.477,2026-09-13T17:00:00+00:00,32.21,63.63
Telavi,42.0188,43.7603,2026-09-13T18:00:00+00:00,13.0,44.87
Batumi,41.8495,41.0371,2026-09-13T19:00:00+00:00,14.93,71.16
Kutaisi,41.8217,43.7308,2026-09-13T20:00:00+00:00,9.68,88.48
Telavi,42.4098,41.5658,2026-09-13T21:00:00+00:00,14.26,68.33
Batumi,42.4604,43.632,2026-09-13T22:00:00+00:00,29.37,72.54
Kutaisi,41.9299,41.3912,2026-09-13T23:00:00+00:00,30.6,26.19
Telavi,42.2613,44.3187,2026-09-14T00:00:00+00:00,21.75,67.89
Kutaisi,42.2261,45.5179,2026-09-14T01:00:00+00:00,16.4,20.75
Telavi,42.0253,43.3462,2026-09-14T02:00:00+00:00,24.35,49.47
Kutaisi,41.5784,41.1766,2026-09-14T03:00:00+00:00,31.91,72.46
Kutaisi,41.1228,43.3658,2026-09-14T04:00:00+00:00,1.76,23.61
Kutaisi,42.6178,44.1216,2026-09-14T05:00:00+00:00,6.47,25.78
Tbilisi,42.7029,42.3892,2026-09-14T06:00:00+00:00,0.3,39.67
Kutaisi,41.0284,41.5577,2026-09-14T07:00:00+00:00,1.98,61.42
Batumi,42.3183,42.8488,2026-09-14T08:00:00+00:00,2.02,74.78
Batumi,41.9698,44.9969,2026-09-14T09:00:00+00:00,29.48,44.0
Tbilisi,42.9347,43.9777,2026-09-14T10:00:00+00:00,27.87,78.63
Telavi,42.5407,42.1897,2026-09-14T11:00:00+00:00,12.61,64.63
Batumi,42.1555,45.2092,2026-09-14T12:00:00+00:00,-2.83,38.51
Tbilisi,41.105,43.3201,2026-09-14T13:00:00+00:00,14.05,53.34
Batumi,41.7596,44.528,2026-09-14T14:00:00+00:00,13.98,30.16
Telavi,41.0237,45.6361,2026-09-14T15:00:00+00:00,12.95,67.49
Tbilisi,41.1947,43.6565,2026-09-14T16:00:00+00:00,9.15,79.1
Kutaisi,41.6699,42.3354,2026-09-14T17:00:00+00:00,-1.07,65.8
Telavi,41.9222,44.3765,2026-09-14T18:00:00+00:00,4.67,67.03
Batumi,42.0399,44.3886,2026-09-14T19:00:00+00:00,34.73,41.93
Tbilisi,42.3456,45.1584,2026-09-14T20:00:00+00:00,-4.52,26.84
Tbilisi,42.371,42.7576,2026-09-14T21:00:00+00:00,24.01,37.63
Tbilisi,41.0474,41.4597,2026-09-14T22:00:00+00:00,32.54,65.96
Batumi,42.901,44.1904,2026-09-14T23:00:00+00:00,23.32,28.4
Batumi,41.7519,44.8193,2026-09-15T00:00:00+00:00,20.92,76.22
Batumi,42.792,44.4783,2026-09-15T01:00:00+00:00,5.13,52.69
Tbilisi,42.2776,45.6135,2026-09-15T02:00:00+00:00,6.06,49.89
Kutaisi,41.5147,44.9037,2026-09-15T03:00:00+00:00,6.09,24.37
Telavi,41.6653,41.3003,2026-09-15T04:00:00+00:00,33.22,38.53
Telavi,41.1388,45.8971,2026-09-15T05:00:00+00:00,3.03,47.48
Telavi,41.2169,43.7032,2026-09-15T06:00:00+00:00,12.25,62.98
Tbilisi,42.8252,44.577,2026-09-15T07:00:00+00:00,-0.87,25.1
Kutaisi,42.5545,41.0938,2026-09-15T08:00:00+00:00,14.91,65.7
Tbilisi,42.8658,44.323,2026-09-15T09:00:00+00:00,5.66,69.0
Telavi,42.1493,43.5769,2026-09-15T10:00:00+00:00,32.6,54.35
Telavi,41.8078,44.6388,2026-09-15T11:00:00+00:00,27.49,24.91
Batumi,41.0066,45.7708,2026-09-15T12:00:00+00:00,27.72,53.74
Kutaisi,41.6669,42.5141,2026-09-15T13:00:00+00:00,-2.79,89.79
Tbilisi,41.7307,45.2667,2026-09-15T14:00:00+00:00,8.6,78.88
Kutaisi,42.2956,41.8831,2026-09-15T15:00:00+00:00,-3.43,46.89
Batumi,41.5977,42.9505,2026-09-15T16:00:00+00:00,-0.73,68.22
Telavi,41.1697,44.164,2026-09-15T17:00:00+00:00,24.41,29.8
Batumi,41.0507,45.9819,2026-09-15T18:00:00+00:00,4.54,47.21
Kutaisi,41.9994,45.8248,2026-09-15T19:00:00+00:00,27.47,87.66
Tbilisi,41.0741,41.2803,2026-09-15T20:00:00+00:00,26.51,23.0
Tbilisi,41.4234,44.2692,2026-09-15T21:00:00+00:00,15.92,85.81
Batumi,42.4821,42.1649,2026-09-15T22:00:00+00:00,-2.12,71.48
Telavi,42.3077,43.3561,2026-09-15T23:00:00+00:00,31.72,23.21
Batumi,41.0287,44.1633,2026-09-16T00:00:00+00:00,31.19,77.45
Tbilisi,41.9124,41.8534,2026-09-16T01:00:00+00:00,18.64,77.25
Tbilisi,41.2284,43.9749,2026-09-16T02:00:00+00:00,19.63,24.42
Batumi,41.8524,45.0576,2026-09-16T03:00:00+00:00,34.29,67.49
Kutaisi,41.2416,44.4204,2026-09-16T04:00:00+00:00,16.84,42.51
Batumi,42.5285,43.9654,2026-09-16T05:00:00+00:00,8.42,28.45
Batumi,42.5151,41.8403,2026-09-16T06:00:00+00:00,9.8,31.55
Batumi,42.8514,41.2035,2026-09-16T07:00:00+00:00,-1.0,79.32
Telavi,42.5553,41.0782,2026-09-16T08:00:00+00:00,14.48,20.44
Batumi,42.8523,44.5337,2026-09-16T09:00:00+00:00,18.75,39.86
Telavi,42.3847,42.0308,2026-09-16T10:00:00+00:00,20.59,56.62
Telavi,41.4785,41.8727,2026-09-16T11:00:00+00:00,22.67,61.74
Telavi,42.2241,41.4401,2026-09-16T12:00:00+00:00,28.06,41.08
Telavi,41.0091,42.1782,2026-09-16T13:00:00+00:00,-0.3,57.11
Tbilisi,42.2378,45.3137,2026-09-16T14:00:00+00:00,34.47,55.53
Telavi,42.5407,44.2966,2026-09-16T15:00:00+00:00,6.06,33.56
Batumi,42.3705,45.8429,2026-09-16T16:00:00+00:00,13.98,32.34
Tbilisi,41.1081,42.821,2026-09-16T17:00:00+00:00,3.38,37.6
Telavi,41.0866,44.7021,2026-09-16T18:00:00+00:00,31.99,32.31
Tbilisi,41.9701,41.5803,2026-09-16T19:00:00+00:00,30.8,70.5
Kutaisi,41.8381,44.7354,2026-09-16T20:00:00+00:00,30.93,36.1
Tbilisi,41.6523,41.4903,2026-09-16T21:00:00+00:00,24.51,80.89
Telavi,42.7827,41.3676,2026-09-16T22:00:00+00:00,18.4,23.8
Telavi,41.2899,45.6394,2026-09-16T23:00:00+00:00,13.2,47.11
Batumi,41.9155,41.9708,2026-09-17T00:00:00+00:00,9.34,38.88
Kutaisi,41.2544,44.4611,2026-09-17T01:00:00+00:00,-2.61,29.56
Telavi,41.9172,41.856,2026-09-17T02:00:00+00:00,8.74,82.05
Batumi,42.5791,44.19,2026-09-17T03:00:00+00:00,19.46,31.9
Batumi,41.1729,45.2849,2026-09-17T04:00:00+00:00,14.57,89.7
Telavi,42.674,42.3959,2026-09-17T05:00:00+00:00,24.2,71.53
Batumi,41.4957,43.1712,2026-09-17T06:00:00+00:00,3.9,84.92
Batumi,42.8275,45.4913,2026-09-17T07:00:00+00:00,11.71,23.1
Telavi,42.467,43.5211,2026-09-17T08:00:00+00:00,12.03,47.6
Tbilisi,41.9049,42.2026,2026-09-17T09:00:00+00:00,17.34,20.87
Telavi,42.8999,41.6636,2026-09-17T10:00:00+00:00,6.83,65.33
Tbilisi,41.0319,44.3452,2026-09-17T11:00:00+00:00,1.47,52.15
Tbilisi,42.9528,43.3188,2026-09-17T12:00:00+00:00,0.54,69.22
Batumi,42.5797,42.8521,2026-09-17T13:00:00+00:00,13.57,64.34
Tbilisi,41.7698,44.4538,2026-09-17T14:00:00+00:00,16.24,40.76
Kutaisi,42.3961,44.0625,2026-09-17T15:00:00+00:00,18.01,34.5
Tbilisi,42.2409,42.6785,2026-09-17T16:00:00+00:00,32.29,56.03
Kutaisi,42.776,41.5548,2026-09-17T17:00:00+00:00,9.62,63.34
Kutaisi,41.7329,44.2409,2026-09-17T18:00:00+00:00,23.19,59.25
Batumi,41.2768,42.6746,2026-09-17T19:00:00+00:00,16.59,65.43
Batumi,42.5063,44.8044,2026-09-17T20:00:00+00:00,7.82,82.86
Telavi,41.5543,41.3168,2026-09-17T21:00:00+00:00,8.81,54.04
Tbilisi,41.9403,43.6595,2026-09-17T22:00:00+00:00,28.02,82.96
Telavi,42.2419,44.9995,2026-09-17T23:00:00+00:00,32.81,76.62
Tbilisi,41.3767,45.4199,2026-09-18T00:00:00+00:00,-1.51,47.35
Batumi,41.5767,45.7831,2026-09-18T01:00:00+00:00,-0.63,39.32
Batumi,41.9927,45.375,2026-09-18T02:00:00+00:00,15.83,63.91
Kutaisi,41.8331,44.412,2026-09-18T03:00:00+00:00,32.27,53.17
Telavi,41.8877,44.2234,2026-09-18T04:00:00+00:00,6.66,24.41
Batumi,42.6699,43.5981,2026-09-18T05:00:00+00:00,8.44,60.51
Kutaisi,41.9723,44.3293,2026-09-18T06:00:00+00:00,16.21,58.39
Telavi,41.6082,41.6598,2026-09-18T07:00:00+00:00,26.57,32.02
Kutaisi,41.4536,42.8595,2026-09-18T08:00:00+00:00,6.53,79.19
Batumi,41.7062,43.2796,2026-09-18T09:00:00+00:00,1.65,84.69
Kutaisi,41.3646,41.8768,2026-09-18T10:00:00+00:00,23.32,83.33
Batumi,41.3225,41.5846,2026-09-18T11:00:00+00:00,34.75,60.22
Telavi,41.5208,41.9225,2026-09-18T12:00:00+00:00,17.5,22.43
Kutaisi,42.956,41.7397,2026-09-18T13:00:00+00:00,12.94,88.28
Kutaisi,41.243,41.1246,2026-09-18T14:00:00+00:00,32.24,73.8
Telavi,42.8556,41.7803,2026-09-18T15:00:00+00:00,33.81,58.23
Kutaisi,42.2945,42.4778,2026-09-18T16:00:00+00:00,30.84,87.87
Batumi,42.5992,44.6427,2026-09-18T17:00:00+00:00,31.89,43.71
Tbilisi,42.4633,45.5009,2026-09-18T18:00:00+00:00,0.58,58.57
Kutaisi,41.0496,44.0876,2026-09-18T19:00:00+00:00,3.81,45.02
Kutaisi,41.1101,44.2066,2026-09-18T20:00:00+00:00,18.34,35.55
Kutaisi,41.3914,41.4179,2026-09-18T21:00:00+00:00,28.98,67.39
Tbilisi,42.9517,42.9721,2026-09-18T22:00:00+00:00,14.62,62.22
Tbilisi,42.8169,42.8053,2026-09-18T23:00:00+00:00,0.92,79.77
Kutaisi,41.7722,41.061,2026-09-19T00:00:00+00:00,8.8,41.57
Telavi,42.7486,41.438,2026-09-19T01:00:00+00:00,24.11,51.1
Telavi,42.6074,42.4432,2026-09-19T02:00:00+00:00,27.23,87.93
Telavi,42.4572,43.071,2026-09-19T03:00:00+00:00,28.42,61.86
Batumi,41.4156,43.3731,2026-09-19T04:00:00+00:00,29.7,89.06
Tbilisi,42.8663,43.9534,2026-09-19T05:00:00+00:00,10.03,20.46
Kutaisi,41.829,43.7791,2026-09-19T06:00:00+00:00,23.41,72.87
Batumi,41.3985,45.1614,2026-09-19T07:00:00+00:00,6.58,54.34
Kutaisi,42.6692,42.5196,2026-09-19T08:00:00+00:00,17.37,52.44
Tbilisi,42.5824,41.7701,2026-09-19T09:00:00+00:00,7.01,64.84
Telavi,41.2484,44.3296,2026-09-19T10:00:00+00:00,6.51,32.56
Batumi,41.0569,44.8236,2026-09-19T11:00:00+00:00,14.72,87.94
Kutaisi,42.1621,43.8279,2026-09-19T12:00:00+00:00,29.73,63.96
Telavi,42.9485,45.0914,2026-09-19T13:00:00+00:00,9.93,71.31
Tbilisi,42.6906,41.8142,2026-09-19T14:00:00+00:00,-2.66,42.38
Batumi,41.7148,41.2644,2026-09-19T15:00:00+00:00,9.45,64.54
Kutaisi,41.0974,42.4583,2026-09-19T16:00:00+00:00,20.56,25.38
Batumi,42.5329,41.9162,2026-09-19T17:00:00+00:00,-1.22,72.68
Kutaisi,42.7449,45.1341,2026-09-19T18:00:00+00:00,22.4,41.08
Kutaisi,41.1917,43.9002,2026-09-19T19:00:00+00:00,27.93,20.9
Kutaisi,41.746,43.4245,2026-09-19T20:00:00+00:00,8.61,83.76
Tbilisi,41.4358,43.5169,2026-09-19T21:00:00+00:00,28.26,75.66
Tbilisi,41.8347,45.5802,2026-09-19T22:00:00+00:00,-0.34,29.19
Tbilisi,41.959,42.5579,2026-09-19T23:00:00+00:00,9.5,77.19
Kutaisi,41.3444,42.5234,2026-09-20T00:00:00+00:00,24.78,28.3
Batumi,42.7136,41.7118,2026-09-20T01:00:00+00:00,4.06,28.77
Batumi,42.9622,43.124,2026-09-20T02:00:00+00:00,25.52,27.82
Tbilisi,42.5494,44.7867,2026-09-20T03:00:00+00:00,-3.3,27.55
Tbilisi,41.9382,45.5426,2026-09-20T04:00:00+00:00,-3.27,41.12
Tbilisi,42.5091,44.9119,2026-09-20T05:00:00+00:00,31.8,34.38
Batumi,41.3696,42.7577,2026-09-20T06:00:00+00:00,-1.37,79.21
Kutaisi,42.8976,42.7392,2026-09-20T07:00:00+00:00,1.42,55.04
Batumi,42.0098,41.3417,2026-09-20T08:00:00+00:00,27.78,73.43
Batumi,42.4316,45.8213,2026-09-20T09:00:00+00:00,1.87,72.78
Tbilisi,42.9472,41.4934,2026-09-20T10:00:00+00:00,3.56,55.29
Telavi,41.7329,43.9469,2026-09-20T11:00:00+00:00,12.59,87.04
Batumi,42.6695,45.9065,2026-09-20T12:00:00+00:00,11.96,56.0
Telavi,41.2257,45.9231,2026-09-20T13:00:00+00:00,-0.06,27.72
Batumi,41.9916,42.8063,2026-09-20T14:00:00+00:00,6.53,70.55
Tbilisi,41.6562,41.5786,2026-09-20T15:00:00+00:00,6.34,62.03
Kutaisi,42.3741,45.2055,2026-09-20T16:00:00+00:00,4.03,48.51
Telavi,41.3776,41.348,2026-09-20T17:00:00+00:00,28.64,53.3
Kutaisi,41.3586,45.9936,2026-09-20T18:00:00+00:00,14.67,27.36
Telavi,42.0453,44.3826,2026-09-20T19:00:00+00:00,-0.23,47.64
Tbilisi,42.4829,45.4621,2026-09-20T20:00:00+00:00,1.75,45.46
Batumi,41.6773,43.9748,2026-09-20T21:00:00+00:00,34.63,28.59
Telavi,42.4504,42.3926,2026-09-20T22:00:00+00:00,23.54,60.73
Kutaisi,42.5126,45.0049,2026-09-20T23:00:00+00:00,32.73,44.93
Telavi,42.975,43.5571,2026-09-21T00:00:00+00:00,0.89,51.82
Tbilisi,41.5014,43.4864,2026-09-21T01:00:00+00:00,20.13,29.42
Tbilisi,42.4756,45.1516,2026-09-21T02:00:00+00:00,14.93,21.87
Batumi,41.7653,44.396,2026-09-21T03:00:00+00:00,1.11,63.54
Tbilisi,42.5203,44.3054,2026-09-21T04:00:00+00:00,15.8,54.45
Telavi,41.4039,44.3105,2026-09-21T05:00:00+00:00,14.61,38.32
Kutaisi,42.619,43.7026,2026-09-21T06:00:00+00:00,-4.29,73.48
Telavi,42.7603,41.5957,2026-09-21T07:00:00+00:00,13.0,79.7
Telavi,41.9193,41.1643,2026-09-21T08:00:00+00:00,17.27,80.23
Kutaisi,42.7694,41.8207,2026-09-21T09:00:00+00:00,12.23,41.87
Telavi,41.9749,41.5469,2026-09-21T10:00:00+00:00,22.0,66.21
Telavi,41.9518,45.2718,2026-09-21T11:00:00+00:00,15.27,47.4
Telavi,42.1821,42.889,2026-09-21T12:00:00+00:00,22.06,73.65
Kutaisi,41.641,41.1407,2026-09-21T13:00:00+00:00,-3.2,78.59
Kutaisi,42.6191,43.9198,2026-09-21T14:00:00+00:00,25.61,63.76
Telavi,41.1947,42.7257,2026-09-21T15:00:00+00:00,9.29,44.59
Batumi,41.4952,44.2404,2026-09-21T16:00:00+00:00,18.7,83.73
Tbilisi,42.7379,41.5724,2026-09-21T17:00:00+00:00,1.79,57.69
Tbilisi,41.9218,45.3168,2026-09-21T18:00:00+00:00,17.72,83.1
Kutaisi,41.0408,43.3485,2026-09-21T19:00:00+00:00,-4.11,42.16
Telavi,41.6448,41.4886,2026-09-21T20:00:00+00:00,14.53,68.36
Batumi,41.6719,43.5138,2026-09-21T21:00:00+00:00,25.6,43.77
Kutaisi,41.7267,43.18,2026-09-21T22:00:00+00:00,14.88,79.31
Tbilisi,42.6808,43.6792,2026-09-21T23:00:00+00:00,6.49,23.33
Telavi,42.6092,44.1229,2026-09-22T00:00:00+00:00,33.32,70.24
Tbilisi,42.1837,42.3668,2026-09-22T01:00:00+00:00,17.66,57.17
Telavi,41.4195,44.9783,2026-09-22T02:00:00+00:00,21.06,41.13
Kutaisi,41.8658,43.6997,2026-09-22T03:00:00+00:00,3.0,48.16
Telavi,42.3431,43.7378,2026-09-22T04:00:00+00:00,30.24,63.95
Batumi,42.1537,42.0648,2026-09-22T05:00:00+00:00,33.48,71.95
Telavi,41.5359,44.1896,2026-09-22T06:00:00+00:00,27.36,79.69
Telavi,42.8693,44.6331,2026-09-22T07:00:00+00:00,-2.6,34.05
Telavi,41.2955,41.7524,2026-09-22T08:00:00+00:00,22.41,41.02
Telavi,41.8205,45.3009,2026-09-22T09:00:00+00:00,31.45,64.37
Telavi,41.5339,42.4352,2026-09-22T10:00:00+00:00,1.42,68.08
Batumi,41.8117,41.5678,2026-09-22T11:00:00+00:00,2.68,37.19
Kutaisi,41.9283,43.7991,2026-09-22T12:00:00+00:00,12.45,65.28
Tbilisi,41.404,42.3636,2026-09-22T13:00:00+00:00,-3.83,75.28
Kutaisi,42.3173,41.8799,2026-09-22T14:00:00+00:00,29.1,87.47
Telavi,42.5645,41.2766,2026-09-22T15:00:00+00:00,30.86,41.97
Kutaisi,42.7343,45.5029,2026-09-22T16:00:00+00:00,11.28,45.44
Tbilisi,41.7938,45.1991,2026-09-22T17:00:00+00:00,28.71,36.52
Tbilisi,42.0439,45.1449,2026-09-22T18:00:00+00:00,32.99,85.21
Kutaisi,41.9929,41.4512,2026-09-22T19:00:00+00:00,18.99,74.12
Kutaisi,41.6586,43.9216,2026-09-22T20:00:00+00:00,10.6,72.39
Batumi,42.871,42.09,2026-09-22T21:00:00+00:00,-0.73,34.99
Kutaisi,41.879,42.2715,2026-09-22T22:00:00+00:00,18.58,54.33
Kutaisi,42.3992,41.5648,2026-09-22T23:00:00+00:00,16.83,53.24
Batumi,42.9266,45.3972,2026-09-23T00:00:00+00:00,32.48,45.41
Kutaisi,42.6427,41.1054,2026-09-23T01:00:00+00:00,33.67,62.41
Tbilisi,42.3814,44.944,2026-09-23T02:00:00+00:00,4.59,58.69
Kutaisi,42.2779,44.5031,2026-09-23T03:00:00+00:00,31.13,67.97
Batumi,42.7153,42.9424,2026-09-23T04:00:00+00:00,31.39,47.51
Kutaisi,41.6018,45.6816,2026-09-23T05:00:00+00:00,25.27,40.82
Batumi,42.8318,44.1568,2026-09-23T06:00:00+00:00,30.18,73.67
Telavi,42.5786,42.3702,2026-09-23T07:00:00+00:00,-1.8,74.56
Telavi,41.9422,43.0648,2026-09-23T08:00:00+00:00,28.65,70.22
Tbilisi,42.6488,44.4924,2026-09-23T09:00:00+00:00,15.25,44.63
Kutaisi,41.9065,41.1368,2026-09-23T10:00:00+00:00,-2.92,64.91
Telavi,42.582,41.6805,2026-09-23T11:00:00+00:00,11.03,63.98
Kutaisi,42.1516,41.5541,2026-09-23T12:00:00+00:00,4.98,69.95
Batumi,42.6939,44.4288,2026-09-23T13:00:00+00:00,26.71,42.36
Telavi,42.747,41.6675,2026-09-23T14:00:00+00:00,1.94,61.51
Kutaisi,42.5991,41.9933,2026-09-23T15:00:00+00:00,11.58,32.73
Telavi,42.8895,45.4217,2026-09-23T16:00:00+00:00,3.98,86.37
Batumi,42.8137,45.8706,2026-09-23T17:00:00+00:00,2.93,69.09
Batumi,41.0996,44.09,2026-09-23T18:00:00+00:00,19.02,30.45
Kutaisi,41.3402,43.8362,2026-09-23T19:00:00+00:00,-4.44,56.81
Telavi,42.6545,43.4707,2026-09-23T20:00:00+00:00,3.98,34.22
Kutaisi,41.5759,43.4708,2026-09-23T21:00:00+00:00,0.21,79.94
Batumi,42.9904,42.4148,2026-09-23T22:00:00+00:00,22.09,49.28
Telavi,42.5849,41.1439,2026-09-23T23:00:00+00:00,34.05,36.48
Telavi,42.8147,42.8482,2026-09-24T00:00:00+00:00,22.37,52.07
Tbilisi,41.9378,45.3572,2026-09-24T01:00:00+00:00,33.98,47.83
Batumi,42.4267,44.5423,2026-09-24T02:00:00+00:00,24.44,37.94
Tbilisi,42.114,41.2606,2026-09-24T03:00:00+00:00,32.24,52.97
Kutaisi,42.9935,45.6966,2026-09-24T04:00:00+00:00,33.69,61.88
Tbilisi,41.0107,43.5227,2026-09-24T05:00:00+00:00,10.24,88.43
Kutaisi,41.2645,45.4611,2026-09-24T06:00:00+00:00,-3.36,32.56
Batumi,42.0075,45.6516,2026-09-24T07:00:00+00:00,30.12,29.23
Kutaisi,42.4205,43.1646,2026-09-24T08:00:00+00:00,5.42,41.93
Batumi,41.9984,45.8669,2026-09-24T09:00:00+00:00,6.24,45.24
Telavi,41.5659,45.3847,2026-09-24T10:00:00+00:00,19.52,73.31
Kutaisi,42.0339,43.1789,2026-09-24T11:00:00+00:00,1.6,71.58
Telavi,42.5274,41.7563,2026-09-24T12:00:00+00:00,29.12,66.02
Telavi,41.1064,41.7431,2026-09-24T13:00:00+00:00,4.19,22.51
Kutaisi,41.3271,43.3357,2026-09-24T14:00:00+00:00,-0.36,82.66
Telavi,41.0816,42.7826,2026-09-24T15:00:00+00:00,23.36,53.96
Telavi,41.225,44.5988,2026-09-24T16:00:00+00:00,0.92,44.47
Batumi,42.7363,41.9033,2026-09-24T17:00:00+00:00,1.73,55.61
Kutaisi,42.1265,44.3157,2026-09-24T18:00:00+00:00,3.5,89.86
Tbilisi,42.052,43.8539,2026-09-24T19:00:00+00:00,11.66,25.38
Telavi,42.3538,45.4368,2026-09-24T20:00:00+00:00,-3.96,67.69
Tbilisi,41.7883,43.9517,2026-09-24T21:00:00+00:00,33.05,78.59
Batumi,41.0577,43.3012,2026-09-24T22:00:00+00:00,23.31,53.59
Kutaisi,42.1884,41.029,2026-09-24T23:00:00+00:00,33.79,65.93
Telavi,41.6498,44.6577,2026-09-25T00:00:00+00:00,24.37,87.02
Batumi,41.4227,41.2434,2026-09-25T01:00:00+00:00,20.75,42.62
Tbilisi,42.4876,43.7358,2026-09-25T02:00:00+00:00,19.09,26.48
Kutaisi,41.356,45.8252,2026-09-25T03:00:00+00:00,29.62,26.24
Batumi,41.3259,44.8975,2026-09-25T04:00:00+00:00,6.4,72.68
Batumi,41.2412,43.4542,2026-09-25T05:00:00+00:00,12.29,76.44
Kutaisi,42.8075,44.0176,2026-09-25T06:00:00+00:00,9.36,26.73
Kutaisi,42.0253,43.4481,2026-09-25T07:00:00+00:00,30.42,53.35
Telavi,41.1804,43.1127,2026-09-25T08:00:00+00:00,9.73,33.04
Telavi,41.1859,43.5667,2026-09-25T09:00:00+00:00,33.93,67.35
Batumi,42.8613,43.6364,2026-09-25T10:00:00+00:00,20.89,25.88
Telavi,41.8747,45.536,2026-09-25T11:00:00+00:00,14.1,30.4
Batumi,42.3686,42.502,2026-09-25T12:00:00+00:00,4.95,49.94
Tbilisi,42.102,45.5865,2026-09-25T13:00:00+00:00,15.54,55.75
Telavi,41.189,44.3043,2026-09-25T14:00:00+00:00,17.74,37.74
Kutaisi,42.1711,44.8432,2026-09-25T15:00:00+00:00,-4.35,71.84
Telavi,41.3591,41.911,2026-09-25T16:00:00+00:00,10.72,25.83
Kutaisi,41.6279,44.6205,2026-09-25T17:00:00+00:00,25.29,51.5
Kutaisi,41.6827,45.5906,2026-09-25T18:00:00+00:00,27.4,34.77
Tbilisi,42.4941,44.0203,2026-09-25T19:00:00+00:00,29.86,27.44
Tbilisi,41.0117,41.5834,2026-09-25T20:00:00+00:00,1.87,53.4
Telavi,42.7376,45.829,2026-09-25T21:00:00+00:00,19.08,54.07
Kutaisi,42.3813,45.8157,2026-09-25T22:00:00+00:00,22.0,76.32
Tbilisi,41.2502,41.0694,2026-09-25T23:00:00+00:00,-0.52,21.11
Batumi,42.718,42.0461,2026-09-26T00:00:00+00:00,20.94,65.48
Telavi,42.6842,45.2909,2026-09-26T01:00:00+00:00,16.54,26.03
Telavi,41.2963,43.1094,2026-09-26T02:00:00+00:00,-0.34,83.17
Telavi,42.9277,43.3574,2026-09-26T03:00:00+00:00,29.39,60.97
Batumi,41.5897,45.1473,2026-09-26T04:00:00+00:00,10.67,43.37
Tbilisi,42.2608,44.5655,2026-09-26T05:00:00+00:00,34.18,79.4
Kutaisi,41.074,42.9984,2026-09-26T06:00:00+00:00,15.53,70.72
Telavi,41.4638,41.3035,2026-09-26T07:00:00+00:00,-4.24,60.35
Tbilisi,41.5357,44.2415,2026-09-26T08:00:00+00:00,30.57,28.19
Kutaisi,41.8967,43.1812,2026-09-26T09:00:00+00:00,1.45,70.83
Telavi,41.6877,42.1605,2026-09-26T10:00:00+00:00,3.79,83.63
Kutaisi,42.8435,45.2673,2026-09-26T11:00:00+00:00,23.61,52.79
Kutaisi,42.446,42.9519,2026-09-26T12:00:00+00:00,11.67,85.88
Kutaisi,42.5919,44.9988,2026-09-26T13:00:00+00:00,28.78,63.53
Kutaisi,42.3814,41.431,2026-09-26T14:00:00+00:00,14.32,32.13
Batumi,42.2115,41.5045,2026-09-26T15:00:00+00:00,11.64,89.56
Kutaisi,41.4694,43.7842,2026-09-26T16:00:00+00:00,34.97,45.12
Kutaisi,41.7141,41.793,2026-09-26T17:00:00+00:00,28.12,82.61
Tbilisi,42.6136,42.6887,2026-09-26T18:00:00+00:00,-0.44,35.87
Batumi,41.9727,45.9683,2026-09-26T19:00:00+00:00,26.4,73.86
Kutaisi,42.7926,45.267,2026-09-26T20:00:00+00:00,29.95,62.3
Tbilisi,42.4128,45.6332,2026-09-26T21:00:00+00:00,12.51,52.0
Tbilisi,42.9493,44.9083,2026-09-26T22:00:00+00:00,19.39,80.09
Tbilisi,42.6472,41.2098,2026-09-26T23:00:00+00:00,-0.78,64.09
Batumi,42.822,41.7852,2026-09-27T00:00:00+00:00,6.68,50.91
Telavi,42.4651,41.4965,2026-09-27T01:00:00+00:00,20.88,43.42
Batumi,41.246,42.0095,2026-09-27T02:00:00+00:00,33.79,73.85
Tbilisi,41.4906,45.0457,2026-09-27T03:00:00+00:00,8.65,55.35
Tbilisi,41.532,44.576,2026-09-27T04:00:00+00:00,11.6,64.06
Batumi,41.3032,44.7675,2026-09-27T05:00:00+00:00,11.87,35.97
Telavi,41.8268,43.0465,2026-09-27T06:00:00+00:00,13.35,79.67
Kutaisi,42.8875,43.2129,2026-09-27T07:00:00+00:00,25.81,70.23
Tbilisi,41.1696,42.574,2026-09-27T08:00:00+00:00,34.28,31.5
Tbilisi,41.7865,41.1855,2026-09-27T09:00:00+00:00,31.9,30.57
Tbilisi,42.9555,45.9002,2026-09-27T10:00:00+00:00,26.96,81.31
Kutaisi,41.8386,45.4289,2026-09-27T11:00:00+00:00,23.03,81.15
Kutaisi,42.8185,41.0395,2026-09-27T12:00:00+00:00,6.19,56.95
Batumi,42.4006,43.2309,2026-09-27T13:00:00+00:00,3.21,58.11
Telavi,42.3949,45.4384,2026-09-27T14:00:00+00:00,26.26,48.32
Batumi,42.7619,41.4214,2026-09-27T15:00:00+00:00,16.5,47.3
Batumi,42.0409,43.704,2026-09-27T16:00:00+00:00,3.55,55.82
Kutaisi,42.0427,44.7852,2026-09-27T17:00:00+00:00,1.4,21.95
Kutaisi,41.4827,44.8708,2026-09-27T18:00:00+00:00,24.06,89.09
Tbilisi,42.464,45.2079,2026-09-27T19:00:00+00:00,5.39,55.52
Tbilisi,41.0955,44.2548,2026-09-27T20:00:00+00:00,-0.01,40.86
Tbilisi,41.9063,45.9148,2026-09-27T21:00:00+00:00,27.22,89.23
Batumi,41.7007,42.4227,2026-09-27T22:00:00+00:00,26.39,70.04
Batumi,42.4287,43.5983,2026-09-27T23:00:00+00:00,4.91,42.95
Batumi,42.6457,42.8063,2026-09-28T00:00:00+00:00,-1.08,69.81
Telavi,41.1639,41.311,2026-09-28T01:00:00+00:00,30.54,53.34
Telavi,41.1561,44.3841,2026-09-28T02:00:00+00:00,11.11,59.13
Telavi,42.744,43.9215,2026-09-28T03:00:00+00:00,20.46,89.76
Telavi,42.4634,43.0846,2026-09-28T04:00:00+00:00,1.51,55.41
Telavi,42.4223,41.6469,2026-09-28T05:00:00+00:00,23.18,80.43
Tbilisi,42.3889,43.2772,2026-09-28T06:00:00+00:00,-3.7,30.98
Kutaisi,42.8434,41.5938,2026-09-28T07:00:00+00:00,29.09,27.72
Kutaisi,42.1435,41.2014,2026-09-28T08:00:00+00:00,1.13,46.0
Kutaisi,41.6065,43.4296,2026-09-28T09:00:00+00:00,26.65,29.95
Telavi,41.0973,45.4713,2026-09-28T10:00:00+00:00,30.56,35.09
Telavi,41.0042,43.7377,2026-09-28T11:00:00+00:00,-2.3,23.13
Telavi,42.1461,43.8288,2026-09-28T12:00:00+00:00,31.01,74.69
Telavi,42.6689,45.1684,2026-09-28T13:00:00+00:00,0.31,29.7
Telavi,42.5234,44.3361,2026-09-28T14:00:00+00:00,0.96,70.95
Tbilisi,42.5996,44.3225,2026-09-28T15:00:00+00:00,11.39,36.3
Telavi,41.678,41.2291,2026-09-28T16:00:00+00:00,21.82,51.02
Kutaisi,42.2918,45.3298,2026-09-28T17:00:00+00:00,23.29,60.04
Kutaisi,42.1221,41.6189,2026-09-28T18:00:00+00:00,17.37,33.47
Tbilisi,42.9146,43.6088,2026-09-28T19:00:00+00:00,25.02,55.18
Tbilisi,41.2406,45.6809,2026-09-28T20:00:00+00:00,2.19,21.33
Batumi,41.4906,44.5281,2026-09-28T21:00:00+00:00,30.51,51.1
Kutaisi,41.8036,41.2249,2026-09-28T22:00:00+00:00,29.48,21.63
Telavi,41.361,41.1203,2026-09-28T23:00:00+00:00,16.12,46.74
Tbilisi,41.2293,41.4967,2026-09-29T00:00:00+00:00,1.73,30.08
Kutaisi,42.5366,41.7711,2026-09-29T01:00:00+00:00,33.09,67.5
Tbilisi,42.229,42.6265,2026-09-29T02:00:00+00:00,-3.91,24.1
Telavi,41.1975,41.7123,2026-09-29T03:00:00+00:00,30.72,38.06
Tbilisi,41.1038,42.1981,2026-09-29T04:00:00+00:00,18.88,36.55
Telavi,42.8987,42.3464,2026-09-29T05:00:00+00:00,7.73,58.72
Tbilisi,41.9683,43.0375,2026-09-29T06:00:00+00:00,4.35,82.03
Kutaisi,42.1082,43.9309,2026-09-29T07:00:00+00:00,-0.94,73.41
Batumi,41.6092,43.0337,2026-09-29T08:00:00+00:00,-1.64,64.51
Batumi,42.5658,41.7118,2026-09-29T09:00:00+00:00,16.62,31.77
Batumi,42.0751,43.1188,2026-09-29T10:00:00+00:00,31.46,51.62
Tbilisi,42.6253,45.8056,2026-09-29T11:00:00+00:00,19.83,65.71
Batumi,41.0011,45.6675,2026-09-29T12:00:00+00:00,14.29,61.85
Telavi,42.9985,45.2122,2026-09-29T13:00:00+00:00,3.51,78.85
Kutaisi,41.091,44.6959,2026-09-29T14:00:00+00:00,17.52,41.04
Telavi,42.3969,45.1525,2026-09-29T15:00:00+00:00,24.0,89.92
Telavi,41.4217,43.5241,2026-09-29T16:00:00+00:00,27.08,81.88
Kutaisi,42.2703,45.8982,2026-09-29T17:00:00+00:00,23.31,39.11
Kutaisi,41.6833,43.299,2026-09-29T18:00:00+00:00,18.98,21.11
Batumi,42.2929,41.0102,2026-09-29T19:00:00+00:00,14.06,83.1
Batumi,41.8263,45.4763,2026-09-29T20:00:00+00:00,23.13,73.37
Tbilisi,42.5746,44.2455,2026-09-29T21:00:00+00:00,-1.9,22.17
Telavi,42.3445,42.765,2026-09-29T22:00:00+00:00,27.51,77.92
Kutaisi,41.7735,45.1957,2026-09-29T23:00:00+00:00,27.47,88.87
Tbilisi,41.9254,45.6812,2026-09-30T00:00:00+00:00,12.78,35.51
Tbilisi,42.5168,44.4028,2026-09-30T01:00:00+00:00,23.37,33.41
Kutaisi,42.6168,42.1057,2026-09-30T02:00:00+00:00,34.2,87.71
Tbilisi,41.5615,45.5225,2026-09-30T03:00:00+00:00,23.28,34.64
Batumi,42.9685,44.1922,2026-09-30T04:00:00+00:00,-0.56,39.41
Telavi,41.341,41.9689,2026-09-30T05:00:00+00:00,24.55,67.05
Batumi,41.1307,41.6412,2026-09-30T06:00:00+00:00,-2.4,38.17
Batumi,42.762,44.6445,2026-09-30T07:00:00+00:00,5.97,79.34
Tbilisi,42.9839,44.4649,2026-09-30T08:00:00+00:00,16.32,37.7
Telavi,41.0039,43.1356,2026-09-30T09:00:00+00:00,21.92,65.5
Kutaisi,41.8651,45.9755,2026-09-30T10:00:00+00:00,5.96,67.61
Telavi,41.9911,43.5863,2026-09-30T11:00:00+00:00,-3.26,70.49
Tbilisi,41.5559,43.1003,2026-09-30T12:00:00+00:00,12.95,20.36
Batumi,41.6694,45.4005,2026-09-30T13:00:00+00:00,27.31,89.32
Batumi,42.9562,43.1191,2026-09-30T14:00:00+00:00,-2.02,37.5
Batumi,41.6584,41.3142,2026-09-30T15:00:00+00:00,20.01,21.95
Telavi,42.6161,43.9627,2026-09-30T16:00:00+00:00,20.05,43.4
Kutaisi,41.4943,43.3679,2026-09-30T17:00:00+00:00,33.35,78.28
Kutaisi,42.0394,42.1837,2026-09-30T18:00:00+00:00,-2.08,62.0
Telavi,42.5282,44.1267,2026-09-30T19:00:00+00:00,18.16,25.99
Tbilisi,42.8334,42.887,2026-09-30T20:00:00+00:00,30.6,68.54
Batumi,41.124,45.0119,2026-09-30T21:00:00+00:00,-2.81,62.75
Telavi,41.1316,44.3878,2026-09-30T22:00:00+00:00,17.37,40.64
Telavi,41.8034,44.0865,2026-09-30T23:00:00+00:00,11.44,80.52
Tbilisi,41.9068,43.321,2026-10-01T00:00:00+00:00,12.12,63.41
Tbilisi,41.6792,45.6879,2026-10-01T01:00:00+00:00,26.32,51.79
Kutaisi,42.1756,41.54,2026-10-01T02:00:00+00:00,-4.51,69.93
Batumi,42.8087,41.6299,2026-10-01T03:00:00+00:00,15.36,44.88
Telavi,42.4492,43.2231,2026-10-01T04:00:00+00:00,4.73,75.79
Tbilisi,41.2554,43.9226,2026-10-01T05:00:00+00:00,15.53,65.62
Kutaisi,41.6224,45.4261,2026-10-01T06:00:00+00:00,26.02,30.32
Kutaisi,42.2067,42.4553,2026-10-01T07:00:00+00:00,33.81,56.24
Batumi,41.1146,43.5355,2026-10-01T08:00:00+00:00,28.41,80.11
Telavi,41.6876,45.8826,2026-10-01T09:00:00+00:00,20.62,34.09
Tbilisi,41.6831,44.3393,2026-10-01T10:00:00+00:00,22.79,88.73
Kutaisi,42.704,43.8305,2026-10-01T11:00:00+00:00,8.43,40.97
Kutaisi,41.3246,43.2715,2026-10-01T12:00:00+00:00,26.57,22.95
Batumi,42.8399,44.1938,2026-10-01T13:00:00+00:00,22.73,52.66
Batumi,41.478,44.6729,2026-10-01T14:00:00+00:00,33.1,43.21
Telavi,41.4106,41.9212,2026-10-01T15:00:00+00:00,34.6,45.4
Tbilisi,41.7158,43.7735,2026-10-01T16:00:00+00:00,0.7,50.83
Kutaisi,41.0878,41.1484,2026-10-01T17:00:00+00:00,2.91,32.19
Kutaisi,42.4377,42.6991,2026-10-01T18:00:00+00:00,17.18,32.5
Tbilisi,41.3522,42.3089,2026-10-01T19:00:00+00:00,-0.95,78.2
Batumi,41.7578,44.9371,2026-10-01T20:00:00+00:00,-0.56,85.53
Kutaisi,41.9124,42.8482,2026-10-01T21:00:00+00:00,9.89,32.0
Telavi,42.7568,41.3269,2026-10-01T22:00:00+00:00,0.78,84.69
Batumi,41.3834,42.891,2026-10-01T23:00:00+00:00,9.97,61.97
Batumi,42.842,44.8154,2026-10-02T00:00:00+00:00,18.49,79.81
Kutaisi,42.5792,42.6384,2026-10-02T01:00:00+00:00,-2.87,75.69
Batumi,42.703,45.8419,2026-10-02T02:00:00+00:00,30.43,34.65
Tbilisi,42.5693,44.955,2026-10-02T03:00:00+00:00,19.6,31.72
Telavi,42.5026,44.2254,2026-10-02T04:00:00+00:00,15.37,54.9
Telavi,41.358,44.5624,2026-10-02T05:00:00+00:00,16.02,53.83
Telavi,41.9475,43.9059,2026-10-02T06:00:00+00:00,20.52,75.34
Tbilisi,41.4144,45.4744,2026-10-02T07:00:00+00:00,13.08,36.41
Batumi,41.612,45.4435,2026-10-02T08:00:00+00:00,17.85,85.48
Kutaisi,41.5091,41.4238,2026-10-02T09:00:00+00:00,25.06,40.65
Kutaisi,41.4604,41.2057,2026-10-02T10:00:00+00:00,15.49,43.55
Telavi,41.9351,43.0448,2026-10-02T11:00:00+00:00,27.18,42.19
Telavi,41.0494,43.2084,2026-10-02T12:00:00+00:00,5.62,25.31
Tbilisi,41.589,43.5088,2026-10-02T13:00:00+00:00,16.87,25.47
Kutaisi,42.8532,41.492,2026-10-02T14:00:00+00:00,-2.15,22.68
Batumi,41.6675,44.3755,2026-10-02T15:00:00+00:00,5.0,72.16
Kutaisi,41.3813,44.0202,2026-10-02T16:00:00+00:00,0.51,79.85
Kutaisi,41.0171,42.4974,2026-10-02T17:00:00+00:00,27.89,74.82
Telavi,42.8916,45.1093,2026-10-02T18:00:00+00:00,25.31,20.83
Batumi,42.7309,42.1379,2026-10-02T19:00:00+00:00,23.93,34.69
Batumi,42.0317,44.9299,2026-10-02T20:00:00+00:00,25.3,70.58
Telavi,41.6813,41.4294,2026-10-02T21:00:00+00:00,28.83,50.02
Telavi,41.4192,43.2499,2026-10-02T22:00:00+00:00,17.34,46.23
Batumi,41.6111,44.689,2026-10-02T23:00:00+00:00,14.99,66.12
Kutaisi,41.6796,43.0957,2026-10-03T00:00:00+00:00,22.43,48.24
Kutaisi,41.6522,41.1162,2026-10-03T01:00:00+00:00,26.41,84.55
Batumi,42.9545,45.9713,2026-10-03T02:00:00+00:00,17.73,75.94
Telavi,42.9603,42.021,2026-10-03T03:00:00+00:00,10.63,57.41
Batumi,41.9496,42.6442,2026-10-03T04:00:00+00:00,33.48,64.73
Kutaisi,41.1865,41.5216,2026-10-03T05:00:00+00:00,17.12,22.24
Telavi,41.0537,41.995,2026-10-03T06:00:00+00:00,31.45,47.01
Batumi,41.4661,44.2978,2026-10-03T07:00:00+00:00,-2.2,24.02
Tbilisi,41.3437,45.2985,2026-10-03T08:00:00+00:00,11.43,30.99
Tbilisi,41.2583,43.0921,2026-10-03T09:00:00+00:00,24.73,47.23
Batumi,41.2599,42.0284,2026-10-03T10:00:00+00:00,12.29,69.68
Telavi,41.3176,43.8755,2026-10-03T11:00:00+00:00,7.41,34.21
Telavi,41.5509,41.0372,2026-10-03T12:00:00+00:00,0.71,24.48
Telavi,42.2097,42.2342,2026-10-03T13:00:00+00:00,8.16,59.85
Telavi,41.9204,43.8807,2026-10-03T14:00:00+00:00,24.49,40.15
Telavi,41.6936,45.2132,2026-10-03T15:00:00+00:00,26.69,47.38
Batumi,41.8301,41.8979,2026-10-03T16:00:00+00:00,19.71,50.25
Telavi,42.8217,41.9172,2026-10-03T17:00:00+00:00,17.74,47.55
Tbilisi,41.4794,45.3527,2026-10-03T18:00:00+00:00,5.95,63.97
Kutaisi,42.3333,41.3337,2026-10-03T19:00:00+00:00,24.06,83.16
Telavi,41.8226,44.8093,2026-10-03T20:00:00+00:00,-0.15,45.81
Tbilisi,42.0088,44.8976,2026-10-03T21:00:00+00:00,11.4,31.54
Batumi,42.0121,43.3108,2026-10-03T22:00:00+00:00,-2.07,68.61
Telavi,41.7623,44.7298,2026-10-03T23:00:00+00:00,29.23,47.77
Tbilisi,41.5012,44.5455,2026-10-04T00:00:00+00:00,0.46,66.92
Telavi,41.9695,41.3412,2026-10-04T01:00:00+00:00,16.94,36.96
Telavi,41.2805,45.1021,2026-10-04T02:00:00+00:00,28.66,31.94
Tbilisi,42.214,41.8862,2026-10-04T03:00:00+00:00,-0.03,71.9
Batumi,41.1552,44.8179,2026-10-04T04:00:00+00:00,22.1,30.74
Kutaisi,41.3559,44.5721,2026-10-04T05:00:00+00:00,30.71,57.26
Telavi,42.3935,45.1825,2026-10-04T06:00:00+00:00,27.46,64.87
Tbilisi,41.7812,42.5416,2026-10-04T07:00:00+00:00,-2.9,20.33
Telavi,42.5342,45.6441,2026-10-04T08:00:00+00:00,9.99,36.7
Tbilisi,41.0321,41.1397,2026-10-04T09:00:00+00:00,-4.42,77.44
Tbilisi,41.4411,45.4114,2026-10-04T10:00:00+00:00,26.88,78.13
Batumi,42.448,41.2201,2026-10-04T11:00:00+00:00,15.5,77.09
Kutaisi,42.1241,41.9477,2026-10-04T12:00:00+00:00,3.28,57.92
Telavi,41.2416,42.0689,2026-10-04T13:00:00+00:00,9.26,32.15
Telavi,42.308,41.0599,2026-10-04T14:00:00+00:00,3.51,35.41
Kutaisi,42.2999,42.8449,2026-10-04T15:00:00+00:00,-2.31,35.3
Kutaisi,42.5351,43.4979,2026-10-04T16:00:00+00:00,34.62,69.88
Batumi,41.5039,41.4737,2026-10-04T17:00:00+00:00,7.97,64.16
Telavi,42.3558,45.8618,2026-10-04T18:00:00+00:00,22.75,43.24
Kutaisi,42.956,44.3319,2026-10-04T19:00:00+00:00,-2.3,21.24
Telavi,41.7647,44.203,2026-10-04T20:00:00+00:00,4.3,61.12
Tbilisi,41.4652,44.0817,2026-10-04T21:00:00+00:00,30.87,41.62
Telavi,42.5145,44.0988,2026-10-04T22:00:00+00:00,-2.6,46.22
Kutaisi,41.404,42.8787,2026-10-04T23:00:00+00:00,20.68,36.66
Telavi,42.4785,42.6434,2026-10-05T00:00:00+00:00,6.13,65.05
Tbilisi,42.0417,45.8878,2026-10-05T01:00:00+00:00,20.92,40.19
Tbilisi,41.458,44.6644,2026-10-05T02:00:00+00:00,8.71,34.41
Tbilisi,42.8133,44.325,2026-10-05T03:00:00+00:00,4.93,68.11
Batumi,42.2161,42.9074,2026-10-05T04:00:00+00:00,7.87,50.97
Tbilisi,41.1292,43.4582,2026-10-05T05:00:00+00:00,33.15,23.65
Batumi,42.8765,41.6278,2026-10-05T06:00:00+00:00,1.95,58.42
Batumi,41.4726,41.3908,2026-10-05T07:00:00+00:00,24.0,41.8
Batumi,41.4898,41.8822,2026-10-05T08:00:00+00:00,4.96,39.97
Telavi,42.9355,42.007,2026-10-05T09:00:00+00:00,29.5,53.68
Kutaisi,41.7965,41.8388,2026-10-05T10:00:00+00:00,12.66,55.37
Telavi,42.5206,45.098,2026-10-05T11:00:00+00:00,26.74,21.39
Telavi,41.8548,41.4162,2026-10-05T12:00:00+00:00,31.26,41.02
Batumi,42.1057,41.8785,2026-10-05T13:00:00+00:00,10.22,41.41
Kutaisi,41.7503,44.0301,2026-10-05T14:00:00+00:00,-2.12,29.57
Telavi,41.3914,45.5807,2026-10-05T15:00:00+00:00,-4.83,80.32
Kutaisi,41.9829,45.6285,2026-10-05T16:00:00+00:00,32.61,87.93
Kutaisi,41.7681,42.5391,2026-10-05T17:00:00+00:00,34.5,24.99
Tbilisi,42.9849,41.6224,2026-10-05T18:00:00+00:00,32.29,31.37
Telavi,42.9142,44.8564,2026-10-05T19:00:00+00:00,25.06,44.4
Telavi,42.27,42.8409,2026-10-05T20:00:00+00:00,-2.69,46.97
Telavi,42.4713,42.2118,2026-10-05T21:00:00+00:00,-3.62,76.92
Tbilisi,42.3949,44.2267,2026-10-05T22:00:00+00:00,5.45,51.88
Batumi,41.5086,44.0107,2026-10-05T23:00:00+00:00,33.07,78.91
Tbilisi,41.2335,41.4615,2026-10-06T00:00:00+00:00,23.46,46.9
Tbilisi,42.0371,41.9441,2026-10-06T01:00:00+00:00,11.92,78.08
Kutaisi,42.3837,43.5032,2026-10-06T02:00:00+00:00,16.33,82.07
Kutaisi,42.4679,44.7623,2026-10-06T03:00:00+00:00,31.97,80.86
Tbilisi,42.2724,44.8835,2026-10-06T04:00:00+00:00,8.78,29.99
Batumi,42.86,42.9899,2026-10-06T05:00:00+00:00,7.32,89.09
Telavi,41.0032,41.3492,2026-10-06T06:00:00+00:00,22.85,56.75
Kutaisi,42.4661,41.8532,2026-10-06T07:00:00+00:00,9.99,69.28
Batumi,41.9729,43.5131,2026-10-06T08:00:00+00:00,-0.59,59.7
Batumi,41.3713,41.2949,2026-10-06T09:00:00+00:00,2.31,73.14
Kutaisi,42.9659,45.3581,2026-10-06T10:00:00+00:00,12.63,83.91
Tbilisi,42.7367,41.8306,2026-10-06T11:00:00+00:00,6.73,46.44
Kutaisi,41.1285,41.1483,2026-10-06T12:00:00+00:00,4.39,53.96
Tbilisi,41.019,42.3304,2026-10-06T13:00:00+00:00,33.21,66.57
Tbilisi,41.1937,43.6117,2026-10-06T14:00:00+00:00,-4.71,62.21
Kutaisi,42.8643,43.3662,2026-10-06T15:00:00+00:00,8.48,50.06
Kutaisi,42.3637,42.7154,2026-10-06T16:00:00+00:00,7.61,36.77
Kutaisi,42.3302,42.8922,2026-10-06T17:00:00+00:00,-2.71,44.92
Kutaisi,42.6125,41.0154,2026-10-06T18:00:00+00:00,29.82,48.13
Batumi,41.0514,41.6145,2026-10-06T19:00:00+00:00,16.23,86.57
Batumi,41.7369,44.0918,2026-10-06T20:00:00+00:00,21.36,53.26
Telavi,42.3205,41.0156,2026-10-06T21:00:00+00:00,20.52,85.94
Kutaisi,41.0333,42.801,2026-10-06T22:00:00+00:00,-3.17,76.53
Kutaisi,42.3559,42.1678,2026-10-06T23:00:00+00:00,14.38,71.74
Tbilisi,41.6967,45.6954,2026-10-07T00:00:00+00:00,32.66,53.33
Tbilisi,42.4686,42.4693,2026-10-07T01:00:00+00:00,2.8,30.02
Tbilisi,41.2557,44.9841,2026-10-07T02:00:00+00:00,7.05,67.11
Telavi,41.3361,43.2314,2026-10-07T03:00:00+00:00,-0.37,66.38
Batumi,41.4867,41.8522,2026-10-07T04:00:00+00:00,32.77,68.99
Tbilisi,41.8698,44.5788,2026-10-07T05:00:00+00:00,1.41,85.03
Telavi,42.5326,42.1019,2026-10-07T06:00:00+00:00,5.31,53.34
Tbilisi,42.331,45.6137,2026-10-07T07:00:00+00:00,20.34,54.44
Kutaisi,42.7439,45.6589,2026-10-07T08:00:00+00:00,25.65,62.05
Kutaisi,41.754,44.5872,2026-10-07T09:00:00+00:00,24.44,46.72
Telavi,42.6169,42.1178,2026-10-07T10:00:00+00:00,-0.37,26.14
Tbilisi,41.6805,43.961,2026-10-07T11:00:00+00:00,2.53,85.94
Kutaisi,41.2548,42.5669,2026-10-07T12:00:00+00:00,10.21,71.58
Kutaisi,41.1238,43.678,2026-10-07T13:00:00+00:00,28.88,88.59
Kutaisi,42.5426,44.9876,2026-10-07T14:00:00+00:00,32.36,28.84
Batumi,41.2132,41.0459,2026-10-07T15:00:00+00:00,29.09,42.11
Kutaisi,42.6744,43.4992,2026-10-07T16:00:00+00:00,13.23,62.1
Batumi,42.4941,45.2456,2026-10-07T17:00:00+00:00,28.11,22.4
Kutaisi,41.6178,45.9517,2026-10-07T18:00:00+00:00,-0.06,89.78
Telavi,42.2622,42.0785,2026-10-07T19:00:00+00:00,6.66,87.65
Tbilisi,42.9623,42.6657,2026-10-07T20:00:00+00:00,28.12,34.74
Batumi,42.4008,41.2628,2026-10-07T21:00:00+00:00,29.62,32.53
Telavi,42.4548,42.4955,2026-10-07T22:00:00+00:00,27.6,83.87
Batumi,42.9821,43.7397,2026-10-07T23:00:00+00:00,8.5,67.45
Kutaisi,42.5154,42.9553,2026-10-08T00:00:00+00:00,16.11,39.81
Batumi,42.4022,43.7401,2026-10-08T01:00:00+00:00,-1.11,42.64
Tbilisi,42.6996,44.5479,2026-10-08T02:00:00+00:00,13.3,31.46
Batumi,41.8838,43.4122,2026-10-08T03:00:00+00:00,30.89,34.68
Batumi,42.4706,41.0457,2026-10-08T04:00:00+00:00,24.04,60.3
Batumi,41.7531,45.9135,2026-10-08T05:00:00+00:00,22.18,31.78
Tbilisi,41.1921,45.8708,2026-10-08T06:00:00+00:00,2.19,23.67
Kutaisi,42.1868,45.8486,2026-10-08T07:00:00+00:00,20.08,48.28
Tbilisi,41.2376,42.9832,2026-10-08T08:00:00+00:00,7.11,61.73
Batumi,42.3056,42.8769,2026-10-08T09:00:00+00:00,22.67,75.67
Tbilisi,42.5555,45.3245,2026-10-08T10:00:00+00:00,21.01,39.27
Telavi,41.7346,41.6,2026-10-08T11:00:00+00:00,-1.69,54.25
Batumi,41.0461,43.8649,2026-10-08T12:00:00+00:00,17.91,39.16
Tbilisi,42.5887,41.9055,2026-10-08T13:00:00+00:00,14.37,65.12
Telavi,41.5967,41.6262,2026-10-08T14:00:00+00:00,8.01,69.96
Batumi,41.8107,44.5037,2026-10-08T15:00:00+00:00,10.75,77.22
Telavi,41.1279,45.1857,2026-10-08T16:00:00+00:00,16.56,77.32
Tbilisi,42.507,42.0373,2026-10-08T17:00:00+00:00,21.34,28.21
Batumi,41.0106,43.2362,2026-10-08T18:00:00+00:00,7.57,22.74
Batumi,42.3053,41.4391,2026-10-08T19:00:00+00:00,5.27,72.71
Tbilisi,42.9599,43.5307,2026-10-08T20:00:00+00:00,9.54,58.11
Telavi,42.9542,44.2908,2026-10-08T21:00:00+00:00,4.93,23.23
Kutaisi,42.3183,43.2246,2026-10-08T22:00:00+00:00,18.08,68.66
Kutaisi,42.2123,43.553,2026-10-08T23:00:00+00:00,22.52,66.38
Tbilisi,41.4742,41.9404,2026-10-09T00:00:00+00:00,6.99,78.28
Batumi,42.2043,42.0802,2026-10-09T01:00:00+00:00,9.36,28.99
Telavi,41.1487,42.2748,2026-10-09T02:00:00+00:00,10.27,83.26
Telavi,41.9121,45.7237,2026-10-09T03:00:00+00:00,22.06,85.81
Batumi,42.0718,41.3528,2026-10-09T04:00:00+00:00,24.31,89.68
Batumi,42.4289,43.8182,2026-10-09T05:00:00+00:00,20.91,55.8
Batumi,41.8394,41.7675,2026-10-09T06:00:00+00:00,34.7,50.35
Tbilisi,42.928,42.2375,2026-10-09T07:00:00+00:00,5.81,57.2
Telavi,41.1319,44.2009,2026-10-09T08:00:00+00:00,9.51,43.35
Kutaisi,41.2927,44.9905,2026-10-09T09:00:00+00:00,5.95,26.86
Batumi,41.7573,41.525,2026-10-09T10:00:00+00:00,32.03,32.3
Kutaisi,42.1777,45.034,2026-10-09T11:00:00+00:00,-1.18,44.42
Kutaisi,42.1031,44.0373,2026-10-09T12:00:00+00:00,30.86,31.95
Telavi,41.3613,45.0304,2026-10-09T13:00:00+00:00,22.11,75.21
Telavi,41.9537,41.6379,2026-10-09T14:00:00+00:00,-4.62,55.95
Batumi,42.3151,41.7134,2026-10-09T15:00:00+00:00,17.7,38.72
Kutaisi,42.415,42.2456,2026-10-09T16:00:00+00:00,19.35,69.48
Batumi,41.8779,42.77,2026-10-09T17:00:00+00:00,13.75,40.08
Telavi,42.0412,44.5923,2026-10-09T18:00:00+00:00,31.95,36.01
Tbilisi,42.8949,43.0326,2026-10-09T19:00:00+00:00,7.51,26.31
Tbilisi,41.1534,42.2002,2026-10-09T20:00:00+00:00,-1.25,60.27
Tbilisi,42.4868,43.7708,2026-10-09T21:00:00+00:00,14.71,81.2
Telavi,42.3541,45.6622,2026-10-09T22:00:00+00:00,0.46,54.85
Tbilisi,41.8109,44.0814,2026-10-09T23:00:00+00:00,31.44,72.21
Telavi,42.4052,44.7483,2026-10-10T00:00:00+00:00,4.77,71.73
Tbilisi,42.2147,45.8232,2026-10-10T01:00:00+00:00,21.98,81.74
Batumi,41.3496,42.8353,2026-10-10T02:00:00+00:00,0.33,44.73
Tbilisi,41.8454,42.8955,2026-10-10T03:00:00+00:00,9.93,27.93
Batumi,42.6635,45.2539,2026-10-10T04:00:00+00:00,29.31,40.3
Telavi,41.5871,42.0653,2026-10-10T05:00:00+00:00,24.52,59.82
Batumi,42.8461,45.6455,2026-10-10T06:00:00+00:00,33.37,56.09
Tbilisi,42.8708,45.4625,2026-10-10T07:00:00+00:00,28.93,24.02
Tbilisi,42.2311,42.6428,2026-10-10T08:00:00+00:00,9.16,20.36
Batumi,41.8041,41.0443,2026-10-10T09:00:00+00:00,12.23,33.83
Batumi,41.8214,45.5655,2026-10-10T10:00:00+00:00,-4.72,73.86
Kutaisi,41.4522,42.9768,2026-10-10T11:00:00+00:00,6.97,49.98
Batumi,42.0729,42.3474,2026-10-10T12:00:00+00:00,34.57,65.94
Telavi,41.3237,42.7687,2026-10-10T13:00:00+00:00,12.36,45.15
Batumi,41.2213,42.4245,2026-10-10T14:00:00+00:00,0.35,49.47
Kutaisi,42.802,41.8016,2026-10-10T15:00:00+00:00,2.96,53.55
Kutaisi,41.2376,43.4453,2026-10-10T16:00:00+00:00,14.82,67.72
Batumi,41.6498,44.822,2026-10-10T17:00:00+00:00,30.27,55.13
Telavi,41.2628,45.7884,2026-10-10T18:00:00+00:00,26.71,28.83
Kutaisi,42.0,44.8369,2026-10-10T19:00:00+00:00,4.46,67.48
Kutaisi,41.8593,43.9854,2026-10-10T20:00:00+00:00,-4.68,53.61
Kutaisi,41.9719,44.8045,2026-10-10T21:00:00+00:00,4.91,30.67
Batumi,41.4989,44.8336,2026-10-10T22:00:00+00:00,29.57,89.6
Batumi,42.3327,43.1458,2026-10-10T23:00:00+00:00,13.96,74.79
Tbilisi,42.4023,43.5117,2026-10-11T00:00:00+00:00,2.25,89.48
Batumi,41.4588,41.6615,2026-10-11T01:00:00+00:00,-3.47,89.33
Batumi,41.8526,44.0823,2026-10-11T02:00:00+00:00,-1.36,23.57
Telavi,42.0499,44.5008,2026-10-11T03:00:00+00:00,34.2,35.52
Telavi,41.9584,43.5493,2026-10-11T04:00:00+00:00,20.75,41.3
Kutaisi,41.7272,45.715,2026-10-11T05:00:00+00:00,23.46,37.29
Tbilisi,41.3635,41.0027,2026-10-11T06:00:00+00:00,21.42,42.51
Kutaisi,41.9441,45.5424,2026-10-11T07:00:00+00:00,-0.97,32.94
Telavi,41.7272,42.5218,2026-10-11T08:00:00+00:00,-1.12,20.96
Batumi,41.6624,44.7065,2026-10-11T09:00:00+00:00,9.46,74.52
Kutaisi,41.4765,42.3797,2026-10-11T10:00:00+00:00,18.37,26.11
Tbilisi,41.261,44.7129,2026-10-11T11:00:00+00:00,-0.19,61.06
Batumi,41.3859,43.2288,2026-10-11T12:00:00+00:00,-1.05,85.93
Kutaisi,41.603,43.371,2026-10-11T13:00:00+00:00,25.44,57.35
Batumi,41.0876,41.9585,2026-10-11T14:00:00+00:00,17.02,37.68
Kutaisi,42.7898,43.2424,2026-10-11T15:00:00+00:00,23.69,83.76
Tbilisi,41.9656,43.6188,2026-10-11T16:00:00+00:00,33.1,75.36
Batumi,42.1983,44.4835,2026-10-11T17:00:00+00:00,0.16,23.18
Tbilisi,42.5888,44.469,2026-10-11T18:00:00+00:00,24.63,47.82
Tbilisi,41.331,44.7536,2026-10-11T19:00:00+00:00,10.37,74.56
Telavi,42.2144,42.0346,2026-10-11T20:00:00+00:00,-4.86,60.03
Tbilisi,42.7583,44.9532,2026-10-11T21:00:00+00:00,13.22,69.54
Kutaisi,41.6068,42.1017,2026-10-11T22:00:00+00:00,23.33,58.65
Batumi,41.4479,43.6678,2026-10-11T23:00:00+00:00,6.67,64.77
Kutaisi,42.8545,42.3522,2026-10-12T00:00:00+00:00,26.62,64.97
Batumi,42.9791,42.0499,2026-10-12T01:00:00+00:00,-0.35,65.41
Kutaisi,41.6491,45.7321,2026-10-12T02:00:00+00:00,30.36,38.48
Batumi,41.8167,44.0574,2026-10-12T03:00:00+00:00,7.99,24.01
Tbilisi,42.6479,42.0964,2026-10-12T04:00:00+00:00,33.61,32.37
Tbilisi,42.0748,45.8938,2026-10-12T05:00:00+00:00,26.13,74.64
Tbilisi,42.4452,44.4406,2026-10-12T06:00:00+00:00,32.83,38.01
Batumi,42.6337,42.1032,2026-10-12T07:00:00+00:00,5.75,60.72
Telavi,41.3113,42.1586,2026-10-12T08:00:00+00:00,24.05,45.8
Telavi,41.1874,41.9076,2026-10-12T09:00:00+00:00,2.4,80.36
Batumi,42.1393,45.7168,2026-10-12T10:00:00+00:00,2.22,39.74
Kutaisi,41.3258,41.8887,2026-10-12T11:00:00+00:00,10.77,62.55
Tbilisi,41.287,43.132,2026-10-12T12:00:00+00:00,13.2,65.16
Telavi,41.2005,43.6339,2026-10-12T13:00:00+00:00,24.07,76.56
Tbilisi,41.7558,41.1036,2026-10-12T14:00:00+00:00,28.06,73.44
Tbilisi,41.2644,44.8506,2026-10-12T15:00:00+00:00,5.71,85.7
Tbilisi,42.5848,41.047,2026-10-12T16:00:00+00:00,26.67,57.97
Kutaisi,42.7054,41.4248,2026-10-12T17:00:00+00:00,0.57,73.18
Telavi,42.6309,42.5369,2026-10-12T18:00:00+00:00,14.16,37.07
Kutaisi,42.255,41.6154,2026-10-12T19:00:00+00:00,28.0,27.2
Kutaisi,41.2051,45.4323,2026-10-12T20:00:00+00:00,11.61,20.08
Batumi,41.048,43.1357,2026-10-12T21:00:00+00:00,0.9,65.88
Batumi,42.8434,44.4221,2026-10-12T22:00:00+00:00,22.47,70.04
Tbilisi,41.9836,45.9538,2026-10-12T23:00:00+00:00,3.98,86.95
Kutaisi,41.7146,44.0785,2026-10-13T00:00:00+00:00,-0.27,84.63
Tbilisi,42.7912,44.0225,2026-10-13T01:00:00+00:00,2.12,57.13
Batumi,42.3589,41.7511,2026-10-13T02:00:00+00:00,21.69,41.11
Kutaisi,41.6968,41.5196,2026-10-13T03:00:00+00:00,31.65,66.32
Kutaisi,42.6214,44.5565,2026-10-13T04:00:00+00:00,-1.95,20.15
Batumi,42.5556,41.7329,2026-10-13T05:00:00+00:00,0.91,51.27
Telavi,42.6293,41.5658,2026-10-13T06:00:00+00:00,12.1,70.87
Batumi,41.1809,45.9739,2026-10-13T07:00:00+00:00,2.27,46.95
Kutaisi,41.9884,43.4064,2026-10-13T08:00:00+00:00,33.91,62.12
Kutaisi,41.2764,45.7202,2026-10-13T09:00:00+00:00,31.86,46.82
Telavi,42.0775,43.463,2026-10-13T10:00:00+00:00,16.45,36.11
Tbilisi,42.1619,43.1092,2026-10-13T11:00:00+00:00,18.12,68.54
Batumi,42.4062,42.176,2026-10-13T12:00:00+00:00,-4.89,89.57
Tbilisi,41.7248,43.3696,2026-10-13T13:00:00+00:00,0.34,27.71
Kutaisi,41.7217,45.2466,2026-10-13T14:00:00+00:00,26.15,29.75
Telavi,41.2883,45.2666,2026-10-13T15:00:00+00:00,33.87,83.91
Batumi,41.4215,42.1229,2026-10-13T16:00:00+00:00,24.88,28.21
Batumi,41.7549,41.1317,2026-10-13T17:00:00+00:00,33.6,46.02
Tbilisi,42.3255,41.3689,2026-10-13T18:00:00+00:00,28.5,80.93
Tbilisi,41.2938,41.7064,2026-10-13T19:00:00+00:00,4.8,20.87
Telavi,41.2994,41.9121,2026-10-13T20:00:00+00:00,24.74,72.37
Kutaisi,41.9404,44.6128,2026-10-13T21:00:00+00:00,12.76,65.14
Tbilisi,41.5735,41.7794,2026-10-13T22:00:00+00:00,30.25,22.25
Batumi,42.0066,41.0543,2026-10-13T23:00:00+00:00,28.31,67.59
Telavi,42.1083,45.1476,2026-10-14T00:00:00+00:00,31.77,55.13
Batumi,41.8473,41.784,2026-10-14T01:00:00+00:00,33.92,56.51
Batumi,42.4863,43.002,2026-10-14T02:00:00+00:00,-2.76,47.46
Tbilisi,42.6331,43.3422,2026-10-14T03:00:00+00:00,7.53,64.93
Telavi,41.3296,45.0167,2026-10-14T04:00:00+00:00,20.87,33.63
Tbilisi,41.2088,42.8135,2026-10-14T05:00:00+00:00,26.15,43.48
Batumi,41.5644,43.7078,2026-10-14T06:00:00+00:00,-2.39,61.8
Kutaisi,41.3755,42.0086,2026-10-14T07:00:00+00:00,32.17,36.82
Tbilisi,42.9533,43.824,2026-10-14T08:00:00+00:00,17.55,75.32
Tbilisi,41.0961,41.4661,2026-10-14T09:00:00+00:00,7.34,88.64
Kutaisi,42.9175,43.5011,2026-10-14T10:00:00+00:00,7.58,47.34
Kutaisi,42.9477,44.5133,2026-10-14T11:00:00+00:00,-1.1,48.51
Tbilisi,42.0044,44.8753,2026-10-14T12:00:00+00:00,-4.05,75.72
Telavi,42.1727,45.2601,2026-10-14T13:00:00+00:00,6.6,30.61
Telavi,41.1575,44.1298,2026-10-14T14:00:00+00:00,33.11,36.21
Batumi,42.615,44.2711,2026-10-14T15:00:00+00:00,25.75,31.27
Kutaisi,41.895,41.656,2026-10-14T16:00:00+00:00,6.63,63.64
Telavi,41.08,44.5638,2026-10-14T17:00:00+00:00,22.31,36.74
Tbilisi,42.916,43.8345,2026-10-14T18:00:00+00:00,34.78,26.82
Tbilisi,41.2852,45.3523,2026-10-14T19:00:00+00:00,16.89,87.83
Tbilisi,41.9978,43.274,2026-10-14T20:00:00+00:00,1.79,40.69
Tbilisi,41.5602,42.8166,2026-10-14T21:00:00+00:00,-1.43,32.54
Telavi,41.5159,43.3663,2026-10-14T22:00:00+00:00,5.24,81.37
Batumi,42.8797,45.8584,2026-10-14T23:00:00+00:00,14.53,45.44
Kutaisi,41.8019,45.285,2026-10-15T00:00:00+00:00,31.69,29.03
Kutaisi,42.025,44.1232,2026-10-15T01:00:00+00:00,7.55,25.84
Telavi,42.0119,42.3141,2026-10-15T02:00:00+00:00,30.02,67.78
Tbilisi,42.4821,42.2241,2026-10-15T03:00:00+00:00,27.85,20.56
Tbilisi,41.5813,41.791,2026-10-15T04:00:00+00:00,10.97,25.11
Telavi,42.7483,44.3458,2026-10-15T05:00:00+00:00,8.96,52.79
Telavi,41.2182,41.9014,2026-10-15T06:00:00+00:00,-0.67,87.17
Telavi,42.5364,41.9974,2026-10-15T07:00:00+00:00,8.15,42.21
Telavi,41.4253,44.7064,2026-10-15T08:00:00+00:00,-0.43,51.82
Batumi,42.8971,41.7276,2026-10-15T09:00:00+00:00,3.54,59.77
Telavi,41.1248,45.0427,2026-10-15T10:00:00+00:00,26.58,88.5
Batumi,41.1082,45.3401,2026-10-15T11:00:00+00:00,33.11,67.86
Kutaisi,41.5041,41.8805,2026-10-15T12:00:00+00:00,0.67,39.17
Tbilisi,41.5967,44.561,2026-10-15T13:00:00+00:00,29.85,56.73
Kutaisi,41.3682,41.2687,2026-10-15T14:00:00+00:00,30.8,50.0
Kutaisi,41.3291,42.7464,2026-10-15T15:00:00+00:00,11.76,53.28
Batumi,42.9312,43.1839,2026-10-15T16:00:00+00:00,31.5,59.92
Tbilisi,42.1218,45.4689,2026-10-15T17:00:00+00:00,2.94,70.59
Batumi,41.6475,45.9318,2026-10-15T18:00:00+00:00,32.56,72.0
Kutaisi,41.0284,45.4825,2026-10-15T19:00:00+00:00,32.35,54.96
Kutaisi,41.2272,45.8499,2026-10-15T20:00:00+00:00,11.26,56.45
Tbilisi,42.9765,45.7166,2026-10-15T21:00:00+00:00,29.29,64.4
Tbilisi,41.073,44.7285,2026-10-15T22:00:00+00:00,2.51,68.75
Batumi,42.2019,42.0807,2026-10-15T23:00:00+00:00,3.39,33.38
Tbilisi,41.7405,42.819,2026-10-16T00:00:00+00:00,7.08,41.49
Tbilisi,42.3986,44.2446,2026-10-16T01:00:00+00:00,13.24,48.73
Kutaisi,42.6564,43.1292,2026-10-16T02:00:00+00:00,33.96,43.51
Batumi,41.9176,42.8656,2026-10-16T03:00:00+00:00,17.11,31.39
Telavi,41.7631,45.2255,2026-10-16T04:00:00+00:00,22.54,50.62
Kutaisi,42.4042,45.6895,2026-10-16T05:00:00+00:00,31.24,26.95
Tbilisi,42.6119,41.5191,2026-10-16T06:00:00+00:00,20.98,63.14
Telavi,41.2074,44.7497,2026-10-16T07:00:00+00:00,19.95,58.13
Telavi,42.0067,45.0294,2026-10-16T08:00:00+00:00,21.71,79.62
Batumi,41.4458,43.2731,2026-10-16T09:00:00+00:00,10.24,33.69
Telavi,42.9011,42.7531,2026-10-16T10:00:00+00:00,26.75,52.48
Telavi,41.0152,42.8732,2026-10-16T11:00:00+00:00,3.96,39.85
Kutaisi,41.6148,45.5134,2026-10-16T12:00:00+00:00,31.37,67.13
Tbilisi,42.8004,43.0728,2026-10-16T13:00:00+00:00,-4.38,30.74
Kutaisi,42.6815,43.5948,2026-10-16T14:00:00+00:00,24.65,42.22
Batumi,42.9183,45.9641,2026-10-16T15:00:00+00:00,4.67,88.14
Batumi,42.2325,42.9666,2026-10-16T16:00:00+00:00,-2.94,85.24
Telavi,41.2577,44.1814,2026-10-16T17:00:00+00:00,34.09,32.16
Kutaisi,42.0346,43.187,2026-10-16T18:00:00+00:00,-1.02,76.08
Tbilisi,42.2629,44.9214,2026-10-16T19:00:00+00:00,28.72,63.91
Kutaisi,42.6747,41.7953,2026-10-16T20:00:00+00:00,7.9,26.53
Tbilisi,41.8748,44.1445,2026-10-16T21:00:00+00:00,18.73,21.95
Tbilisi,42.1436,41.1264,2026-10-16T22:00:00+00:00,24.37,88.84
Kutaisi,41.3731,44.2626,2026-10-16T23:00:00+00:00,3.87,33.57
Batumi,42.4526,45.0355,2026-10-17T00:00:00+00:00,10.12,38.23
Tbilisi,41.5499,45.6749,2026-10-17T01:00:00+00:00,20.1,64.69
Tbilisi,41.2219,45.636,2026-10-17T02:00:00+00:00,-0.09,29.93
Kutaisi,42.7892,41.4639,2026-10-17T03:00:00+00:00,14.77,45.3
Batumi,41.7816,43.4552,2026-10-17T04:00:00+00:00,-4.12,25.15
Tbilisi,41.4206,43.0995,2026-10-17T05:00:00+00:00,30.59,64.35
Telavi,42.6171,41.899,2026-10-17T06:00:00+00:00,-4.59,32.51
Tbilisi,41.2344,42.7141,2026-10-17T07:00:00+00:00,8.87,89.64
Tbilisi,41.3168,44.7085,2026-10-17T08:00:00+00:00,32.06,33.5
Tbilisi,42.0719,43.59,2026-10-17T09:00:00+00:00,25.44,35.14
Kutaisi,41.2296,42.0848,2026-10-17T10:00:00+00:00,8.1,35.38
Batumi,41.5352,43.4079,2026-10-17T11:00:00+00:00,33.13,44.4
Kutaisi,41.9341,45.0451,2026-10-17T12:00:00+00:00,12.44,86.24
Batumi,41.5002,41.9894,2026-10-17T13:00:00+00:00,28.84,70.22
Telavi,41.2058,44.9658,2026-10-17T14:00:00+00:00,18.5,31.6
Batumi,42.9075,43.4392,2026-10-17T15:00:00+00:00,30.31,49.66
Kutaisi,42.6318,44.1146,2026-10-17T16:00:00+00:00,19.29,50.05
Kutaisi,41.7479,44.1635,2026-10-17T17:00:00+00:00,-2.43,31.71
Tbilisi,42.9162,42.2653,2026-10-17T18:00:00+00:00,11.39,62.27
Kutaisi,41.7966,41.5732,2026-10-17T19:00:00+00:00,27.36,50.06
Batumi,41.7155,41.3632,2026-10-17T20:00:00+00:00,21.28,46.04
Kutaisi,41.2446,42.5929,2026-10-17T21:00:00+00:00,-4.56,43.02
Telavi,42.1349,42.6078,2026-10-17T22:00:00+00:00,4.31,24.64
Kutaisi,42.2036,43.6363,2026-10-17T23:00:00+00:00,-0.88,39.46
Tbilisi,42.1479,44.2314,2026-10-18T00:00:00+00:00,22.29,50.46
Kutaisi,41.3963,41.2483,2026-10-18T01:00:00+00:00,14.76,23.28
Kutaisi,41.8425,41.6205,2026-10-18T02:00:00+00:00,1.85,42.88
Telavi,41.4728,41.1063,2026-10-18T03:00:00+00:00,-4.29,74.83
Tbilisi,42.8233,42.4218,2026-10-18T04:00:00+00:00,28.67,48.2
Tbilisi,41.6748,41.0814,2026-10-18T05:00:00+00:00,13.8,78.09
Telavi,42.4465,42.3734,2026-10-18T06:00:00+00:00,25.15,48.02
Kutaisi,41.9876,41.2354,2026-10-18T07:00:00+00:00,6.94,88.88
Telavi,42.6973,45.8358,2026-10-18T08:00:00+00:00,-0.14,46.17
Tbilisi,41.0586,41.2392,2026-10-18T09:00:00+00:00,-4.58,27.36
Kutaisi,42.7228,44.6213,2026-10-18T10:00:00+00:00,4.05,26.16
Kutaisi,42.6323,43.6878,2026-10-18T11:00:00+00:00,-4.8,68.18
Tbilisi,41.5194,44.9247,2026-10-18T12:00:00+00:00,-0.57,86.3
Tbilisi,41.5275,44.4396,2026-10-18T13:00:00+00:00,26.67,46.57
Batumi,42.8497,43.9173,2026-10-18T14:00:00+00:00,-0.2,42.35
Batumi,42.5061,45.439,2026-10-18T15:00:00+00:00,33.63,48.93
Telavi,42.3365,43.6088,2026-10-18T16:00:00+00:00,4.62,53.45
Telavi,42.9527,42.6096,2026-10-18T17:00:00+00:00,24.23,35.81
Kutaisi,42.5324,44.5569,2026-10-18T18:00:00+00:00,9.12,78.49
Batumi,42.319,44.6763,2026-10-18T19:00:00+00:00,3.24,25.46
Telavi,41.1205,41.0656,2026-10-18T20:00:00+00:00,3.65,77.3
Batumi,41.9753,42.7023,2026-10-18T21:00:00+00:00,27.56,73.31
Kutaisi,42.521,42.5591,2026-10-18T22:00:00+00:00,13.16,30.78
Tbilisi,42.8283,42.0939,2026-10-18T23:00:00+00:00,9.55,88.25
Batumi,42.56,41.9398,2026-10-19T00:00:00+00:00,6.11,31.49
Kutaisi,42.903,43.8862,2026-10-19T01:00:00+00:00,-0.92,52.27
Tbilisi,42.4901,42.2028,2026-10-19T02:00:00+00:00,30.76,33.09
Tbilisi,41.9525,43.6544,2026-10-19T03:00:00+00:00,9.08,28.28
Tbilisi,41.7089,42.0603,2026-10-19T04:00:00+00:00,10.88,50.16
Kutaisi,41.1063,42.3629,2026-10-19T05:00:00+00:00,-1.09,65.4
Telavi,41.3879,41.9472,2026-10-19T06:00:00+00:00,2.07,39.31
Telavi,42.0372,41.5459,2026-10-19T07:00:00+00:00,-3.01,37.43
Tbilisi,41.4392,41.2657,2026-10-19T08:00:00+00:00,-3.57,38.63
Tbilisi,42.0643,42.3773,2026-10-19T09:00:00+00:00,30.3,68.97
Telavi,41.7838,41.5065,2026-10-19T10:00:00+00:00,24.36,81.57
Kutaisi,41.9903,41.8551,2026-10-19T11:00:00+00:00,3.14,64.58
Kutaisi,42.4678,41.4712,2026-10-19T12:00:00+00:00,15.13,69.03
Telavi,42.4782,45.2628,2026-10-19T13:00:00+00:00,22.52,31.92
Tbilisi,41.3333,42.6608,2026-10-19T14:00:00+00:00,13.21,87.36
Telavi,41.8558,41.1041,2026-10-19T15:00:00+00:00,33.97,81.69
Batumi,42.3584,45.2654,2026-10-19T16:00:00+00:00,18.76,87.87
Tbilisi,41.9766,42.2376,2026-10-19T17:00:00+00:00,-0.62,77.32
Kutaisi,42.6707,43.6263,2026-10-19T18:00:00+00:00,1.69,30.26
Tbilisi,41.2,45.0195,2026-10-19T19:00:00+00:00,8.43,54.35
Kutaisi,42.9796,42.2867,2026-10-19T20:00:00+00:00,14.46,45.5
Tbilisi,42.6555,42.5057,2026-10-19T21:00:00+00:00,8.35,56.25
Telavi,41.2255,44.4289,2026-10-19T22:00:00+00:00,24.13,21.45
Telavi,42.7125,44.2968,2026-10-19T23:00:00+00:00,0.67,54.85
Batumi,42.1552,44.479,2026-10-20T00:00:00+00:00,12.23,34.44
Tbilisi,41.3877,45.7741,2026-10-20T01:00:00+00:00,20.55,87.58
Telavi,42.9747,45.3805,2026-10-20T02:00:00+00:00,2.0,83.72
Kutaisi,42.776,42.9551,2026-10-20T03:00:00+00:00,11.69,89.58
Kutaisi,41.3811,43.8976,2026-10-20T04:00:00+00:00,23.07,78.39
Tbilisi,41.8669,43.2751,2026-10-20T05:00:00+00:00,33.73,75.46
Kutaisi,41.2204,41.0417,2026-10-20T06:00:00+00:00,32.09,30.3
Batumi,42.0464,42.4489,2026-10-20T07:00:00+00:00,17.33,31.38
Telavi,41.5765,44.9989,2026-10-20T08:00:00+00:00,-4.38,22.87
Kutaisi,42.6509,41.6172,2026-10-20T09:00:00+00:00,14.53,20.36
Kutaisi,42.3205,41.0032,2026-10-20T10:00:00+00:00,5.06,44.52
Kutaisi,42.5705,43.51,2026-10-20T11:00:00+00:00,33.34,59.25
Tbilisi,42.4264,41.7132,2026-10-20T12:00:00+00:00,24.32,50.24
Tbilisi,41.5816,41.1607,2026-10-20T13:00:00+00:00,32.32,37.41
Telavi,41.8451,45.8345,2026-10-20T14:00:00+00:00,-1.07,38.29
Kutaisi,42.1941,41.8665,2026-10-20T15:00:00+00:00,12.43,81.32
Batumi,42.3666,41.9975,2026-10-20T16:00:00+00:00,0.43,58.8
Kutaisi,41.61,42.4867,2026-10-20T17:00:00+00:00,32.08,52.28
Batumi,41.7519,45.3796,2026-10-20T18:00:00+00:00,12.48,29.7
Telavi,42.3883,43.5191,2026-10-20T19:00:00+00:00,22.41,45.03
Kutaisi,41.8553,43.1025,2026-10-20T20:00:00+00:00,11.41,21.94
Tbilisi,42.915,43.1046,2026-10-20T21:00:00+00:00,25.23,63.06
Kutaisi,42.5733,43.9016,2026-10-20T22:00:00+00:00,9.92,63.46
Kutaisi,41.1071,45.2255,2026-10-20T23:00:00+00:00,0.04,66.91
Telavi,42.615,45.3746,2026-10-21T00:00:00+00:00,13.41,23.8
Tbilisi,41.5403,45.9309,2026-10-21T01:00:00+00:00,-0.72,61.6
Kutaisi,42.1309,44.453,2026-10-21T02:00:00+00:00,29.57,28.5
Tbilisi,42.4031,43.5813,2026-10-21T03:00:00+00:00,17.48,87.71
Batumi,41.4471,44.3784,2026-10-21T04:00:00+00:00,29.09,41.06
Kutaisi,42.4383,45.6827,2026-10-21T05:00:00+00:00,27.22,63.66
Batumi,41.2294,41.0002,2026-10-21T06:00:00+00:00,19.15,28.47
Tbilisi,41.4944,41.518,2026-10-21T07:00:00+00:00,-4.01,55.41
Telavi,41.1113,41.6091,2026-10-21T08:00:00+00:00,11.18,88.79
Batumi,42.6834,43.7336,2026-10-21T09:00:00+00:00,27.87,67.69
Tbilisi,41.8647,44.181,2026-10-21T10:00:00+00:00,2.39,77.3
Batumi,41.3416,44.7083,2026-10-21T11:00:00+00:00,16.87,53.33
Kutaisi,41.5789,41.5001,2026-10-21T12:00:00+00:00,18.55,45.71
Kutaisi,41.7824,44.4883,2026-10-21T13:00:00+00:00,-0.71,49.18
Telavi,41.2963,42.4171,2026-10-21T14:00:00+00:00,-0.19,47.26
Kutaisi,41.0682,44.2521,2026-10-21T15:00:00+00:00,21.29,51.11
Kutaisi,42.9256,43.3395,2026-10-21T16:00:00+00:00,23.92,39.38
Batumi,41.7155,45.2792,2026-10-21T17:00:00+00:00,15.13,44.42
Telavi,42.0261,41.8725,2026-10-21T18:00:00+00:00,1.06,65.92
Kutaisi,41.919,45.2933,2026-10-21T19:00:00+00:00,0.6,74.95
Kutaisi,42.847,41.3411,2026-10-21T20:00:00+00:00,28.57,53.86
Telavi,42.2117,41.9019,2026-10-21T21:00:00+00:00,23.34,55.49
Kutaisi,41.2588,42.6204,2026-10-21T22:00:00+00:00,33.21,44.37
Telavi,41.1351,41.1476,2026-10-21T23:00:00+00:00,24.32,36.22
Tbilisi,41.9989,44.3966,2026-10-22T00:00:00+00:00,7.95,36.21
Batumi,41.2109,45.4038,2026-10-22T01:00:00+00:00,24.13,46.89
Telavi,42.8448,41.3096,2026-10-22T02:00:00+00:00,5.02,22.62
Tbilisi,41.8831,42.8716,2026-10-22T03:00:00+00:00,20.25,22.06
Batumi,41.6423,44.4936,2026-10-22T04:00:00+00:00,10.11,89.22
Batumi,41.3914,43.4555,2026-10-22T05:00:00+00:00,22.15,35.78
Batumi,41.8681,43.6426,2026-10-22T06:00:00+00:00,26.6,26.02
Tbilisi,42.2582,44.3433,2026-10-22T07:00:00+00:00,3.14,76.7
Tbilisi,41.7191,43.0401,2026-10-22T08:00:00+00:00,16.86,25.04
Batumi,42.3647,45.7887,2026-10-22T09:00:00+00:00,24.13,56.97
Batumi,42.6648,43.8519,2026-10-22T10:00:00+00:00,13.95,44.65
Batumi,42.6032,43.1944,2026-10-22T11:00:00+00:00,20.02,81.18
Tbilisi,41.2544,43.5862,2026-10-22T12:00:00+00:00,-0.96,54.91
Tbilisi,42.203,42.6546,2026-10-22T13:00:00+00:00,3.96,85.84
Kutaisi,41.7809,42.7895,2026-10-22T14:00:00+00:00,29.9,31.05
Kutaisi,41.1496,43.8768,2026-10-22T15:00:00+00:00,29.13,85.23
Kutaisi,41.7984,41.2832,2026-10-22T16:00:00+00:00,22.9,27.76
Telavi,42.8739,45.9247,2026-10-22T17:00:00+00:00,21.13,22.26
Telavi,41.5218,42.6727,2026-10-22T18:00:00+00:00,25.59,29.75
Kutaisi,42.8483,44.3167,2026-10-22T19:00:00+00:00,30.13,36.49
Tbilisi,42.6113,43.8193,2026-10-22T20:00:00+00:00,19.4,78.45
Tbilisi,41.6917,41.3538,2026-10-22T21:00:00+00:00,11.65,71.75
Tbilisi,42.775,43.3939,2026-10-22T22:00:00+00:00,0.18,70.63
Tbilisi,41.0712,43.538,2026-10-22T23:00:00+00:00,21.01,50.21
Kutaisi,42.5631,45.3822,2026-10-23T00:00:00+00:00,4.11,85.19
Tbilisi,42.5472,45.0568,2026-10-23T01:00:00+00:00,16.37,80.22
Tbilisi,42.105,41.2607,2026-10-23T02:00:00+00:00,25.63,68.68
Telavi,42.4027,43.7477,2026-10-23T03:00:00+00:00,-0.38,28.26
Kutaisi,41.7036,42.7156,2026-10-23T04:00:00+00:00,31.72,36.67
Tbilisi,42.1772,42.1356,2026-10-23T05:00:00+00:00,24.9,82.18
Tbilisi,42.9819,41.0745,2026-10-23T06:00:00+00:00,23.79,76.88
Tbilisi,41.1133,43.1928,2026-10-23T07:00:00+00:00,6.3,41.99
Batumi,42.9962,41.6486,2026-10-23T08:00:00+00:00,10.91,66.03
Tbilisi,41.1528,45.6919,2026-10-23T09:00:00+00:00,3.23,69.37
Kutaisi,42.7953,45.2938,2026-10-23T10:00:00+00:00,12.74,41.19
Kutaisi,42.5604,42.4634,2026-10-23T11:00:00+00:00,21.15,56.88
Kutaisi,41.6377,43.7071,2026-10-23T12:00:00+00:00,-0.82,44.26
Telavi,42.411,44.1094,2026-10-23T13:00:00+00:00,6.19,34.25
Batumi,42.6829,43.605,2026-10-23T14:00:00+00:00,7.2,58.71
Tbilisi,41.7448,45.0819,2026-10-23T15:00:00+00:00,0.68,88.45
Telavi,42.2998,43.2688,2026-10-23T16:00:00+00:00,-0.43,54.92
Tbilisi,41.5406,43.9412,2026-10-23T17:00:00+00:00,7.02,87.56
Tbilisi,41.5582,44.0487,2026-10-23T18:00:00+00:00,14.81,80.39
Telavi,41.888,42.1222,2026-10-23T19:00:00+00:00,10.17,66.19
Tbilisi,42.3208,41.1565,2026-10-23T20:00:00+00:00,25.52,85.61
Kutaisi,42.8454,45.5372,2026-10-23T21:00:00+00:00,27.41,61.37
Tbilisi,41.6819,45.1462,2026-10-23T22:00:00+00:00,12.36,49.93
Tbilisi,42.6148,43.7665,2026-10-23T23:00:00+00:00,33.1,85.27
Kutaisi,42.717,45.6899,2026-10-24T00:00:00+00:00,13.54,60.08
Kutaisi,41.3251,42.9065,2026-10-24T01:00:00+00:00,24.83,84.73
Batumi,42.8154,42.4035,2026-10-24T02:00:00+00:00,22.3,39.21
Batumi,42.5427,42.4791,2026-10-24T03:00:00+00:00,17.84,22.7
Kutaisi,41.7234,44.2961,2026-10-24T04:00:00+00:00,26.3,76.72
Tbilisi,41.2486,43.8422,2026-10-24T05:00:00+00:00,7.84,38.52
Batumi,41.8876,41.0863,2026-10-24T06:00:00+00:00,-4.65,22.59
Kutaisi,41.9604,45.2216,2026-10-24T07:00:00+00:00,3.71,24.1
Tbilisi,41.5529,44.0516,2026-10-24T08:00:00+00:00,7.56,24.48
Batumi,41.516,44.9337,2026-10-24T09:00:00+00:00,5.38,54.65
Batumi,42.2607,41.7345,2026-10-24T10:00:00+00:00,19.72,23.47
Tbilisi,42.3092,41.9213,2026-10-24T11:00:00+00:00,15.27,50.82
Kutaisi,41.0839,44.5868,2026-10-24T12:00:00+00:00,-2.57,70.02
Kutaisi,42.9506,41.0806,2026-10-24T13:00:00+00:00,28.8,79.46
Tbilisi,42.2012,42.7486,2026-10-24T14:00:00+00:00,-1.9,51.07
Tbilisi,41.474,42.6289,2026-10-24T15:00:00+00:00,9.85,77.59
Telavi,41.1428,43.1324,2026-10-24T16:00:00+00:00,6.32,21.73
Kutaisi,41.67,43.0407,2026-10-24T17:00:00+00:00,21.08,52.95
Kutaisi,42.2438,41.8016,2026-10-24T18:00:00+00:00,-3.22,85.12
Tbilisi,41.2125,42.0574,2026-10-24T19:00:00+00:00,7.52,70.1
Kutaisi,42.8799,42.8942,2026-10-24T20:00:00+00:00,18.31,65.99
Batumi,41.7622,45.9891,2026-10-24T21:00:00+00:00,-1.86,25.41
Batumi,42.1308,45.9891,2026-10-24T22:00:00+00:00,20.21,71.38
Tbilisi,42.6952,43.6388,2026-10-24T23:00:00+00:00,-2.94,53.06
Telavi,41.6339,41.9751,2026-10-25T00:00:00+00:00,18.01,83.77
Kutaisi,41.4861,44.8382,2026-10-25T01:00:00+00:00,9.48,51.91
Tbilisi,42.3861,43.225,2026-10-25T02:00:00+00:00,33.3,48.69
Tbilisi,41.704,43.5282,2026-10-25T03:00:00+00:00,31.59,65.73
Batumi,41.8979,43.0943,2026-10-25T04:00:00+00:00,17.77,77.87
Batumi,42.8514,42.2247,2026-10-25T05:00:00+00:00,31.37,67.19
Batumi,42.2111,44.9793,2026-10-25T06:00:00+00:00,8.66,28.26
Telavi,41.842,45.9162,2026-10-25T07:00:00+00:00,18.04,64.28
Batumi,42.7997,45.382,2026-10-25T08:00:00+00:00,-4.38,28.46
Kutaisi,42.531,44.5569,2026-10-25T09:00:00+00:00,13.79,27.07
Tbilisi,42.6677,41.1197,2026-10-25T10:00:00+00:00,1.68,25.11
Telavi,42.8085,42.7718,2026-10-25T11:00:00+00:00,11.09,58.99
Kutaisi,41.2381,45.4871,2026-10-25T12:00:00+00:00,30.93,61.4
Tbilisi,42.9883,41.2262,2026-10-25T13:00:00+00:00,24.55,44.85
Telavi,42.8213,44.1542,2026-10-25T14:00:00+00:00,24.63,50.5
Telavi,42.4002,44.6672,2026-10-25T15:00:00+00:00,23.95,61.27
Tbilisi,41.3045,41.0389,2026-10-25T16:00:00+00:00,18.72,67.17
Telavi,41.7587,43.1929,2026-10-25T17:00:00+00:00,15.35,61.17
Tbilisi,41.4645,43.4665,2026-10-25T18:00:00+00:00,-3.07,56.24
Telavi,41.5705,42.9203,2026-10-25T19:00:00+00:00,25.29,86.75
Tbilisi,42.628,44.6731,2026-10-25T20:00:00+00:00,34.57,34.75
Kutaisi,42.1503,44.0774,2026-10-25T21:00:00+00:00,-1.02,39.94
Tbilisi,41.5757,43.4332,2026-10-25T22:00:00+00:00,3.95,31.85
Kutaisi,42.9776,44.7673,2026-10-25T23:00:00+00:00,31.98,66.65
Batumi,41.192,43.7608,2026-10-26T00:00:00+00:00,15.35,31.82
Tbilisi,42.9197,43.6991,2026-10-26T01:00:00+00:00,26.96,20.47
Tbilisi,41.7391,42.4092,2026-10-26T02:00:00+00:00,32.92,49.86
Telavi,42.0418,45.1552,2026-10-26T03:00:00+00:00,6.8,27.67
Tbilisi,41.8888,43.1613,2026-10-26T04:00:00+00:00,5.52,80.52
Kutaisi,42.4633,41.5823,2026-10-26T05:00:00+00:00,9.15,25.53
Batumi,42.4547,42.6356,2026-10-26T06:00:00+00:00,15.28,39.33
Tbilisi,42.4136,42.574,2026-10-26T07:00:00+00:00,31.99,50.34
Kutaisi,41.3808,43.7909,2026-10-26T08:00:00+00:00,28.51,63.83
Tbilisi,41.4918,43.9317,2026-10-26T09:00:00+00:00,29.88,35.41
Batumi,41.5306,41.7572,2026-10-26T10:00:00+00:00,27.55,71.35
Kutaisi,41.2636,44.1739,2026-10-26T11:00:00+00:00,-1.45,56.14
Batumi,41.0064,41.3363,2026-10-26T12:00:00+00:00,17.31,34.6
Batumi,41.0776,44.4399,2026-10-26T13:00:00+00:00,19.54,64.17
Batumi,42.2754,43.4212,2026-10-26T14:00:00+00:00,21.28,32.6
Kutaisi,42.6814,45.3752,2026-10-26T15:00:00+00:00,21.72,54.32
Telavi,42.1957,43.7171,2026-10-26T16:00:00+00:00,6.82,35.33
Kutaisi,41.8392,43.2359,2026-10-26T17:00:00+00:00,4.9,49.74
Batumi,41.9295,42.5945,2026-10-26T18:00:00+00:00,-0.46,68.79
Batumi,42.5474,43.4187,2026-10-26T19:00:00+00:00,27.19,54.24
Telavi,42.3744,41.1448,2026-10-26T20:00:00+00:00,5.72,35.06
Telavi,41.1216,44.859,2026-10-26T21:00:00+00:00,5.46,42.23
Telavi,42.6181,43.126,2026-10-26T22:00:00+00:00,5.43,23.82
Telavi,42.4564,42.6992,2026-10-26T23:00:00+00:00,27.74,41.6
Telavi,41.4426,45.3781,2026-10-27T00:00:00+00:00,16.44,74.57
Tbilisi,42.8958,44.0665,2026-10-27T01:00:00+00:00,8.19,62.35
Tbilisi,42.9006,41.1056,2026-10-27T02:00:00+00:00,10.17,74.63
Kutaisi,42.8245,44.8342,2026-10-27T03:00:00+00:00,17.12,65.85
Batumi,41.7242,41.9922,2026-10-27T04:00:00+00:00,1.28,57.5
Batumi,41.5804,41.807,2026-10-27T05:00:00+00:00,9.96,48.94
Batumi,42.88,41.1804,2026-10-27T06:00:00+00:00,-4.2,85.82
Tbilisi,42.003,44.9567,2026-10-27T07:00:00+00:00,-3.31,39.82
Tbilisi,41.46,44.8621,2026-10-27T08:00:00+00:00,4.89,39.07
Tbilisi,42.626,42.8893,2026-10-27T09:00:00+00:00,11.03,77.28
Kutaisi,42.724,41.3826,2026-10-27T10:00:00+00:00,15.18,69.24
Telavi,41.0403,44.7133,2026-10-27T11:00:00+00:00,16.67,84.33
Tbilisi,42.4717,44.9631,2026-10-27T12:00:00+00:00,2.77,62.4
Kutaisi,42.5695,43.1258,2026-10-27T13:00:00+00:00,24.74,41.15
Telavi,41.4053,42.3213,2026-10-27T14:00:00+00:00,21.24,53.0
Kutaisi,41.8591,42.1113,2026-10-27T15:00:00+00:00,11.25,39.5
Kutaisi,42.8153,43.666,2026-10-27T16:00:00+00:00,4.78,21.2
Telavi,42.4551,45.7573,2026-10-27T17:00:00+00:00,25.51,70.02
Telavi,41.4481,45.876,2026-10-27T18:00:00+00:00,10.89,36.25
Kutaisi,41.9536,41.5447,2026-10-27T19:00:00+00:00,7.42,30.06
Tbilisi,41.1908,41.8463,2026-10-27T20:00:00+00:00,29.59,54.29
Batumi,41.1678,43.016,2026-10-27T21:00:00+00:00,28.52,56.64
Batumi,41.1179,43.4671,2026-10-27T22:00:00+00:00,11.47,71.84
Batumi,41.073,44.445,2026-10-27T23:00:00+00:00,18.95,81.0
Kutaisi,42.3808,44.7752,2026-10-28T00:00:00+00:00,26.79,58.19
Kutaisi,42.919,42.1787,2026-10-28T01:00:00+00:00,13.45,53.81
Tbilisi,42.8425,43.1285,2026-10-28T02:00:00+00:00,-1.9,28.91
Tbilisi,41.3242,44.7407,2026-10-28T03:00:00+00:00,1.65,50.63
Tbilisi,41.0781,43.1209,2026-10-28T04:00:00+00:00,1.83,76.22
Telavi,41.2797,45.3711,2026-10-28T05:00:00+00:00,11.73,20.65
Tbilisi,41.871,42.4711,2026-10-28T06:00:00+00:00,31.88,67.37
Kutaisi,42.2302,42.8582,2026-10-28T07:00:00+00:00,21.01,29.91
Batumi,42.6056,45.76,2026-10-28T08:00:00+00:00,9.85,62.32
Telavi,41.9258,45.681,2026-10-28T09:00:00+00:00,32.08,70.41
Batumi,41.3285,44.5754,2026-10-28T10:00:00+00:00,13.95,42.24
Batumi,41.3007,41.3352,2026-10-28T11:00:00+00:00,34.08,41.83
Batumi,41.3985,41.4692,2026-10-28T12:00:00+00:00,13.34,26.63
Telavi,42.1889,41.3339,2026-10-28T13:00:00+00:00,20.45,81.83
Kutaisi,42.2576,45.6394,2026-10-28T14:00:00+00:00,5.98,77.45
Telavi,42.1689,42.5288,2026-10-28T15:00:00+00:00,19.98,48.23
Kutaisi,42.1222,44.208,2026-10-28T16:00:00+00:00,3.1,61.48
Tbilisi,42.4613,42.3999,2026-10-28T17:00:00+00:00,5.52,27.16
Telavi,41.6603,44.8599,2026-10-28T18:00:00+00:00,18.69,39.41
Telavi,41.4186,41.0134,2026-10-28T19:00:00+00:00,4.27,35.15
Batumi,41.2867,43.3773,2026-10-28T20:00:00+00:00,-4.99,25.45
Tbilisi,41.2739,45.0362,2026-10-28T21:00:00+00:00,12.02,53.02
Kutaisi,42.0008,41.5865,2026-10-28T22:00:00+00:00,17.41,46.41
Telavi,42.4125,42.775,2026-10-28T23:00:00+00:00,28.55,42.19
Tbilisi,42.7666,45.211,2026-10-29T00:00:00+00:00,33.21,86.18
Kutaisi,42.4227,45.1994,2026-10-29T01:00:00+00:00,17.42,54.31
Kutaisi,42.3707,43.7895,2026-10-29T02:00:00+00:00,12.42,44.37
Tbilisi,42.7323,45.2769,2026-10-29T03:00:00+00:00,25.83,44.22
Telavi,41.4276,43.799,2026-10-29T04:00:00+00:00,34.92,85.76
Telavi,41.7484,45.666,2026-10-29T05:00:00+00:00,34.82,33.71
Kutaisi,42.052,41.0281,2026-10-29T06:00:00+00:00,7.42,26.59
Kutaisi,42.8316,43.514,2026-10-29T07:00:00+00:00,-4.48,39.11
Kutaisi,42.2833,42.9915,2026-10-29T08:00:00+00:00,34.83,69.3
Kutaisi,42.2505,45.8557,2026-10-29T09:00:00+00:00,27.93,80.42
Telavi,42.9945,44.1612,2026-10-29T10:00:00+00:00,14.61,53.14
Tbilisi,41.0764,41.1442,2026-10-29T11:00:00+00:00,30.77,30.72
Batumi,42.7418,41.6582,2026-10-29T12:00:00+00:00,11.78,79.21
Tbilisi,41.8868,44.553,2026-10-29T13:00:00+00:00,7.57,80.05
Kutaisi,42.9668,41.9709,2026-10-29T14:00:00+00:00,19.56,21.17
Kutaisi,42.7955,41.8461,2026-10-29T15:00:00+00:00,34.45,70.55
Kutaisi,42.0327,45.7027,2026-10-29T16:00:00+00:00,11.13,78.64
Tbilisi,41.1299,45.1252,2026-10-29T17:00:00+00:00,15.06,71.03
Tbilisi,41.3452,41.2225,2026-10-29T18:00:00+00:00,19.34,68.21
Telavi,41.3459,44.7341,2026-10-29T19:00:00+00:00,28.51,20.23
Kutaisi,42.1211,41.5886,2026-10-29T20:00:00+00:00,13.65,78.53
Tbilisi,42.1324,43.315,2026-10-29T21:00:00+00:00,-0.35,26.34
Tbilisi,41.3713,43.9557,2026-10-29T22:00:00+00:00,33.63,73.67
Tbilisi,41.4351,42.8726,2026-10-29T23:00:00+00:00,-1.75,70.7
Batumi,41.6156,44.4045,2026-10-30T00:00:00+00:00,32.71,80.52
Batumi,41.621,42.8966,2026-10-30T01:00:00+00:00,6.48,39.53
Kutaisi,41.828,45.1764,2026-10-30T02:00:00+00:00,5.91,33.95
Kutaisi,41.5187,43.198,2026-10-30T03:00:00+00:00,-1.3,44.86
Kutaisi,41.6977,44.2091,2026-10-30T04:00:00+00:00,12.99,64.17
Batumi,41.0735,45.1736,2026-10-30T05:00:00+00:00,10.43,57.66
Batumi,42.9875,43.1693,2026-10-30T06:00:00+00:00,20.84,67.74
Kutaisi,41.4149,44.4983,2026-10-30T07:00:00+00:00,15.15,78.09
Kutaisi,41.1815,44.867,2026-10-30T08:00:00+00:00,5.33,52.74
Tbilisi,42.8438,43.5851,2026-10-30T09:00:00+00:00,20.24,53.26
Telavi,42.1736,42.8614,2026-10-30T10:00:00+00:00,10.12,61.19
Tbilisi,41.6447,41.5231,2026-10-30T11:00:00+00:00,9.36,83.07
Batumi,41.8428,42.6736,2026-10-30T12:00:00+00:00,20.92,27.01
Kutaisi,41.6126,43.3342,2026-10-30T13:00:00+00:00,2.45,21.52
Telavi,42.1871,44.4725,2026-10-30T14:00:00+00:00,24.24,53.15
Batumi,41.5051,42.8661,2026-10-30T15:00:00+00:00,8.52,67.5
Kutaisi,41.0803,45.6449,2026-10-30T16:00:00+00:00,4.37,85.43
Tbilisi,41.842,44.8704,2026-10-30T17:00:00+00:00,33.16,48.05
Tbilisi,41.3281,41.8319,2026-10-30T18:00:00+00:00,7.02,61.78
Batumi,42.903,43.8399,2026-10-30T19:00:00+00:00,0.58,66.44
Tbilisi,42.9407,42.5464,2026-10-30T20:00:00+00:00,25.63,76.1
Telavi,41.792,43.3029,2026-10-30T21:00:00+00:00,21.34,34.03
Batumi,41.6026,41.4019,2026-10-30T22:00:00+00:00,4.45,34.23
Tbilisi,42.4483,41.7707,2026-10-30T23:00:00+00:00,17.21,74.29
Tbilisi,41.9547,42.7236,2026-10-31T00:00:00+00:00,13.83,68.08
Batumi,42.8257,44.3422,2026-10-31T01:00:00+00:00,28.25,69.44
Tbilisi,41.7751,42.5918,2026-10-31T02:00:00+00:00,32.41,47.99
Kutaisi,42.796,45.099,2026-10-31T03:00:00+00:00,24.21,49.72
Telavi,42.0682,42.7343,2026-10-31T04:00:00+00:00,21.8,87.92
Tbilisi,41.4434,44.0426,2026-10-31T05:00:00+00:00,25.71,45.84
Kutaisi,42.0029,41.008,2026-10-31T06:00:00+00:00,18.97,47.87
Tbilisi,42.2912,41.6904,2026-10-31T07:00:00+00:00,2.52,34.79
Telavi,41.1857,42.9203,2026-10-31T08:00:00+00:00,2.2,30.55
Kutaisi,41.7736,45.1064,2026-10-31T09:00:00+00:00,-3.61,87.1
Telavi,41.359,42.9911,2026-10-31T10:00:00+00:00,15.69,27.45
Tbilisi,41.6926,44.6634,2026-10-31T11:00:00+00:00,21.23,48.31
Tbilisi,41.3218,41.6437,2026-10-31T12:00:00+00:00,15.28,68.04
Tbilisi,41.9723,45.7996,2026-10-31T13:00:00+00:00,11.07,74.0
Kutaisi,41.85,44.7103,2026-10-31T14:00:00+00:00,-0.36,76.5
Telavi,42.0041,44.905,2026-10-31T15:00:00+00:00,23.48,79.09
Kutaisi,41.2233,41.8942,2026-10-31T16:00:00+00:00,11.96,73.17
Tbilisi,41.3008,42.6856,2026-10-31T17:00:00+00:00,32.37,61.31
Batumi,42.0298,44.0726,2026-10-31T18:00:00+00:00,29.89,50.44
Telavi,41.5634,41.6078,2026-10-31T19:00:00+00:00,14.58,45.7
Kutaisi,41.5047,42.6873,2026-10-31T20:00:00+00:00,6.85,77.34
Kutaisi,41.3575,42.7844,2026-10-31T21:00:00+00:00,-4.3,42.72
Tbilisi,42.1916,42.7862,2026-10-31T22:00:00+00:00,-3.54,71.71
Batumi,41.3505,43.6749,2026-10-31T23:00:00+00:00,0.04,30.13
Telavi,41.8622,42.3735,2026-11-01T00:00:00+00:00,33.87,68.23
Batumi,42.8376,45.5179,2026-11-01T01:00:00+00:00,32.29,77.43
Telavi,41.0813,42.6329,2026-11-01T02:00:00+00:00,-3.47,62.65
Tbilisi,41.7638,45.9013,2026-11-01T03:00:00+00:00,-1.85,84.92
Kutaisi,41.8451,41.1119,2026-11-01T04:00:00+00:00,33.01,37.98
Tbilisi,42.6737,43.1672,2026-11-01T05:00:00+00:00,-0.34,33.42
Kutaisi,42.9898,44.0779,2026-11-01T06:00:00+00:00,16.57,75.56
Tbilisi,41.7485,43.3646,2026-11-01T07:00:00+00:00,25.43,50.59
Batumi,41.5537,44.3572,2026-11-01T08:00:00+00:00,19.18,83.68
Kutaisi,41.5454,43.0359,2026-11-01T09:00:00+00:00,-4.25,49.0
Batumi,41.5495,43.3122,2026-11-01T10:00:00+00:00,26.61,64.44
Tbilisi,41.4426,41.0904,2026-11-01T11:00:00+00:00,7.98,24.46
Kutaisi,42.4563,44.0466,2026-11-01T12:00:00+00:00,13.43,49.45
Kutaisi,42.0829,43.378,2026-11-01T13:00:00+00:00,17.31,44.01
Kutaisi,41.6927,43.2219,2026-11-01T14:00:00+00:00,13.48,71.98
Batumi,42.0645,41.8501,2026-11-01T15:00:00+00:00,10.6,48.21
Tbilisi,42.2628,43.8066,2026-11-01T16:00:00+00:00,8.81,34.53
Kutaisi,41.6081,44.7543,2026-11-01T17:00:00+00:00,13.06,52.72
Batumi,42.2497,41.8337,2026-11-01T18:00:00+00:00,9.07,50.21
Tbilisi,42.5028,42.4194,2026-11-01T19:00:00+00:00,24.76,89.28
Telavi,42.8424,41.6585,2026-11-01T20:00:00+00:00,19.28,79.48
Tbilisi,41.7915,42.0565,2026-11-01T21:00:00+00:00,-0.57,40.25
Batumi,42.5337,45.9219,2026-11-01T22:00:00+00:00,34.16,58.5
Kutaisi,42.5026,43.0909,2026-11-01T23:00:00+00:00,18.97,42.36
Kutaisi,42.2606,44.3212,2026-11-02T00:00:00+00:00,22.47,64.32
Kutaisi,42.0046,43.6625,2026-11-02T01:00:00+00:00,4.0,48.28
Telavi,41.5726,45.6228,2026-11-02T02:00:00+00:00,1.28,81.13
Telavi,41.5768,43.6633,2026-11-02T03:00:00+00:00,8.36,52.48
Batumi,42.3667,41.4916,2026-11-02T04:00:00+00:00,18.21,49.27
Telavi,41.8206,44.1821,2026-11-02T05:00:00+00:00,19.76,29.7
Tbilisi,42.1991,44.6607,2026-11-02T06:00:00+00:00,32.82,42.75
Batumi,41.3329,44.1275,2026-11-02T07:00:00+00:00,22.37,86.63
Tbilisi,42.4859,45.4176,2026-11-02T08:00:00+00:00,21.16,58.64
Batumi,42.7006,41.8069,2026-11-02T09:00:00+00:00,9.76,81.23
Batumi,41.9443,44.564,2026-11-02T10:00:00+00:00,2.99,29.29
Tbilisi,42.7889,42.035,2026-11-02T11:00:00+00:00,13.45,37.15
Telavi,42.9794,44.9838,2026-11-02T12:00:00+00:00,33.91,55.02
Tbilisi,42.6074,45.1894,2026-11-02T13:00:00+00:00,29.88,83.62
Batumi,41.9244,45.8124,2026-11-02T14:00:00+00:00,-4.72,22.26
Telavi,42.7341,45.9777,2026-11-02T15:00:00+00:00,29.49,24.93
Telavi,42.9151,45.4168,2026-11-02T16:00:00+00:00,16.49,70.11
Tbilisi,41.877,45.1388,2026-11-02T17:00:00+00:00,-2.61,76.82
Tbilisi,41.7267,44.5831,2026-11-02T18:00:00+00:00,15.46,65.47
Telavi,42.5748,41.5181,2026-11-02T19:00:00+00:00,28.88,73.06
Tbilisi,42.444,42.8323,2026-11-02T20:00:00+00:00,21.26,29.94
Batumi,42.5911,42.0504,2026-11-02T21:00:00+00:00,-1.11,64.94
Tbilisi,41.9165,44.5454,2026-11-02T22:00:00+00:00,25.1,72.99
Kutaisi,41.5906,43.2234,2026-11-02T23:00:00+00:00,26.49,68.97
Kutaisi,42.1889,44.8066,2026-11-03T00:00:00+00:00,0.92,40.19
Batumi,42.7603,43.8177,2026-11-03T01:00:00+00:00,23.55,41.47
Batumi,42.1353,42.5237,2026-11-03T02:00:00+00:00,23.52,67.13
Batumi,42.4875,44.4754,2026-11-03T03:00:00+00:00,0.86,40.46
Telavi,41.5146,42.1396,2026-11-03T04:00:00+00:00,29.04,60.83
Batumi,42.1685,42.2971,2026-11-03T05:00:00+00:00,23.85,72.18
Telavi,41.9539,45.5,2026-11-03T06:00:00+00:00,33.9,65.07
Kutaisi,42.0467,42.8899,2026-11-03T07:00:00+00:00,32.04,65.39
Telavi,41.3508,45.4857,2026-11-03T08:00:00+00:00,-4.43,86.29
Kutaisi,41.4497,42.0321,2026-11-03T09:00:00+00:00,1.0,62.6
Tbilisi,42.3,42.7825,2026-11-03T10:00:00+00:00,13.37,83.89
Tbilisi,42.68,45.2287,2026-11-03T11:00:00+00:00,26.32,56.69
Batumi,42.4828,42.8178,2026-11-03T12:00:00+00:00,-3.69,63.85
Kutaisi,42.0148,42.3574,2026-11-03T13:00:00+00:00,33.47,79.26
Tbilisi,42.9409,41.2799,2026-11-03T14:00:00+00:00,17.67,37.36
Kutaisi,42.5945,41.9134,2026-11-03T15:00:00+00:00,32.45,80.03
Batumi,42.3793,43.2803,2026-11-03T16:00:00+00:00,-3.39,62.64
Kutaisi,41.1827,41.9501,2026-11-03T17:00:00+00:00,28.23,24.46
Batumi,42.0451,41.3043,2026-11-03T18:00:00+00:00,4.1,61.0
Telavi,41.9285,43.6847,2026-11-03T19:00:00+00:00,26.26,42.32
Tbilisi,41.3929,41.582,2026-11-03T20:00:00+00:00,-1.66,33.82
Batumi,42.1966,42.4998,2026-11-03T21:00:00+00:00,-4.62,50.08
Tbilisi,42.44,43.2132,2026-11-03T22:00:00+00:00,20.71,61.23
Telavi,42.9845,42.2587,2026-11-03T23:00:00+00:00,11.29,38.95
Batumi,41.6573,43.4164,2026-11-04T00:00:00+00:00,6.35,65.17
Kutaisi,42.7345,42.2451,2026-11-04T01:00:00+00:00,6.01,59.29
Kutaisi,42.2518,41.5574,2026-11-04T02:00:00+00:00,25.26,32.75
Tbilisi,41.6384,45.8718,2026-11-04T03:00:00+00:00,13.82,31.42
Tbilisi,42.5209,44.3649,2026-11-04T04:00:00+00:00,-1.22,80.34
Kutaisi,42.2758,43.693,2026-11-04T05:00:00+00:00,2.31,74.52
Batumi,41.4264,43.5089,2026-11-04T06:00:00+00:00,7.8,57.13
Tbilisi,42.3695,45.6378,2026-11-04T07:00:00+00:00,3.41,67.03
Kutaisi,41.3128,44.832,2026-11-04T08:00:00+00:00,26.43,79.67
Batumi,41.6514,43.5823,2026-11-04T09:00:00+00:00,13.95,61.67
Telavi,42.5595,42.3469,2026-11-04T10:00:00+00:00,32.31,53.04
Kutaisi,41.7416,42.5312,2026-11-04T11:00:00+00:00,24.07,78.05
Kutaisi,41.8994,43.1265,2026-11-04T12:00:00+00:00,10.74,49.2
Telavi,41.1106,43.0439,2026-11-04T13:00:00+00:00,20.83,29.8
Telavi,42.5341,41.0974,2026-11-04T14:00:00+00:00,23.17,34.6
Kutaisi,41.5896,42.8674,2026-11-04T15:00:00+00:00,7.87,75.36
Kutaisi,42.1161,44.6951,2026-11-04T16:00:00+00:00,26.9,63.23
Telavi,42.7128,41.5342,2026-11-04T17:00:00+00:00,4.73,42.78
Telavi,42.883,43.9647,2026-11-04T18:00:00+00:00,33.08,86.27
Telavi,42.3756,45.5444,2026-11-04T19:00:00+00:00,14.48,39.61
Telavi,41.1186,41.2806,2026-11-04T20:00:00+00:00,8.71,57.65
Telavi,42.8472,41.5552,2026-11-04T21:00:00+00:00,0.37,72.49
Kutaisi,42.9544,44.6622,2026-11-04T22:00:00+00:00,27.97,81.18
Kutaisi,42.1482,43.8092,2026-11-04T23:00:00+00:00,12.53,42.95
Kutaisi,42.1133,45.0865,2026-11-05T00:00:00+00:00,22.58,29.83
Tbilisi,42.7415,44.4963,2026-11-05T01:00:00+00:00,24.56,87.0
Kutaisi,42.8102,43.2292,2026-11-05T02:00:00+00:00,30.38,32.89
Telavi,41.4554,42.811,2026-11-05T03:00:00+00:00,2.96,88.0
Kutaisi,41.5107,44.7383,2026-11-05T04:00:00+00:00,-4.07,28.34
Telavi,41.8547,45.0303,2026-11-05T05:00:00+00:00,26.92,78.22
Tbilisi,42.826,43.5613,2026-11-05T06:00:00+00:00,-4.35,50.6
Tbilisi,42.9196,45.3654,2026-11-05T07:00:00+00:00,8.08,57.72
Kutaisi,42.1496,44.1719,2026-11-05T08:00:00+00:00,24.38,59.57
Tbilisi,42.0635,44.993,2026-11-05T09:00:00+00:00,28.85,26.14
Telavi,42.2201,45.9647,2026-11-05T10:00:00+00:00,25.08,73.7
Telavi,42.6355,43.3286,2026-11-05T11:00:00+00:00,30.57,89.6
Batumi,42.3009,41.3651,2026-11-05T12:00:00+00:00,20.91,43.79
Telavi,42.7788,43.0073,2026-11-05T13:00:00+00:00,6.75,63.66
Telavi,41.0377,42.1261,2026-11-05T14:00:00+00:00,12.09,38.12
Batumi,42.1688,44.8389,2026-11-05T15:00:00+00:00,16.29,65.75
Batumi,42.5399,43.8722,2026-11-05T16:00:00+00:00,9.19,81.62
Batumi,41.3777,41.7414,2026-11-05T17:00:00+00:00,7.34,27.06
Tbilisi,42.5589,43.7004,2026-11-05T18:00:00+00:00,33.19,42.92
Kutaisi,42.8569,44.2908,2026-11-05T19:00:00+00:00,3.07,31.43
Kutaisi,41.466,45.5994,2026-11-05T20:00:00+00:00,25.89,21.91
Telavi,41.2462,45.7401,2026-11-05T21:00:00+00:00,-3.98,80.73
Batumi,41.7608,43.2341,2026-11-05T22:00:00+00:00,10.97,34.39
Telavi,42.1804,41.6232,2026-11-05T23:00:00+00:00,33.77,55.47
Tbilisi,41.3258,42.0482,2026-11-06T00:00:00+00:00,32.63,71.84
Kutaisi,42.4994,42.5844,2026-11-06T01:00:00+00:00,2.64,88.96
Kutaisi,41.956,43.5437,2026-11-06T02:00:00+00:00,32.8,21.13
Telavi,42.6068,43.0015,2026-11-06T03:00:00+00:00,29.3,44.83
Kutaisi,42.6731,43.1707,2026-11-06T04:00:00+00:00,28.91,41.05
Tbilisi,42.3009,45.0508,2026-11-06T05:00:00+00:00,30.04,21.11
Kutaisi,42.4593,45.4867,2026-11-06T06:00:00+00:00,-3.19,79.32
Batumi,42.1292,41.6397,2026-11-06T07:00:00+00:00,1.23,68.65
Tbilisi,41.1224,45.0119,2026-11-06T08:00:00+00:00,29.65,66.27
Kutaisi,42.2351,45.1163,2026-11-06T09:00:00+00:00,11.77,32.22
Batumi,42.4839,45.0516,2026-11-06T10:00:00+00:00,2.26,81.54
Tbilisi,42.5731,41.1499,2026-11-06T11:00:00+00:00,3.16,48.26
Kutaisi,42.818,42.3259,2026-11-06T12:00:00+00:00,7.84,74.83
Kutaisi,41.057,43.3525,2026-11-06T13:00:00+00:00,24.4,30.1
Telavi,41.093,42.8852,2026-11-06T14:00:00+00:00,18.94,56.76
Batumi,41.2002,42.7433,2026-11-06T15:00:00+00:00,3.91,49.39
Tbilisi,41.2248,43.3784,2026-11-06T16:00:00+00:00,34.33,79.93
Telavi,41.2688,44.0164,2026-11-06T17:00:00+00:00,20.47,41.8
Telavi,42.7991,42.2843,2026-11-06T18:00:00+00:00,7.92,57.8
Tbilisi,41.9556,44.7436,2026-11-06T19:00:00+00:00,29.08,33.74
Batumi,42.0295,45.0272,2026-11-06T20:00:00+00:00,0.7,66.14
Tbilisi,42.4345,42.4115,2026-11-06T21:00:00+00:00,19.6,37.48
Kutaisi,41.3693,44.2968,2026-11-06T22:00:00+00:00,8.15,88.18
Kutaisi,42.5198,41.6585,2026-11-06T23:00:00+00:00,11.88,66.28
Tbilisi,42.4959,44.9989,2026-11-07T00:00:00+00:00,20.28,75.59
Batumi,41.0286,44.1732,2026-11-07T01:00:00+00:00,28.42,36.65
Telavi,41.6451,43.8604,2026-11-07T02:00:00+00:00,14.35,44.07
Telavi,41.9042,42.0742,2026-11-07T03:00:00+00:00,19.85,58.21
Tbilisi,42.4899,44.2773,2026-11-07T04:00:00+00:00,15.58,43.61
Batumi,41.5106,45.0349,2026-11-07T05:00:00+00:00,14.49,58.42
Tbilisi,42.336,42.7119,2026-11-07T06:00:00+00:00,15.76,24.42
Kutaisi,41.853,41.1271,2026-11-07T07:00:00+00:00,16.73,26.62
Telavi,42.6602,41.6014,2026-11-07T08:00:00+00:00,23.51,28.84
Kutaisi,41.6141,43.1808,2026-11-07T09:00:00+00:00,34.37,25.81
Batumi,41.7951,45.7062,2026-11-07T10:00:00+00:00,34.94,33.64
Batumi,42.5518,41.9934,2026-11-07T11:00:00+00:00,24.78,56.79
Batumi,42.1258,43.6528,2026-11-07T12:00:00+00:00,-3.12,57.32
Batumi,42.3874,45.9859,2026-11-07T13:00:00+00:00,1.67,31.11
Batumi,42.2698,45.2947,2026-11-07T14:00:00+00:00,4.05,85.15
Batumi,42.0816,45.7757,2026-11-07T15:00:00+00:00,11.96,34.15
Tbilisi,42.9181,45.7445,2026-11-07T16:00:00+00:00,6.86,83.07
Telavi,42.7875,43.34,2026-11-07T17:00:00+00:00,0.44,85.67
Tbilisi,41.1497,44.5417,2026-11-07T18:00:00+00:00,21.72,34.61
Tbilisi,41.1184,43.0519,2026-11-07T19:00:00+00:00,0.75,77.57
Batumi,41.7825,41.7972,2026-11-07T20:00:00+00:00,11.76,61.4
Batumi,42.6687,41.3527,2026-11-07T21:00:00+00:00,33.53,39.34
Telavi,41.2469,44.6983,2026-11-07T22:00:00+00:00,32.77,30.63
Telavi,41.2848,42.3774,2026-11-07T23:00:00+00:00,8.1,64.57
Kutaisi,42.0485,44.8583,2026-11-08T00:00:00+00:00,18.94,36.25
Telavi,41.5976,41.6243,2026-11-08T01:00:00+00:00,24.72,51.81
Tbilisi,42.7605,44.7713,2026-11-08T02:00:00+00:00,23.8,81.27
Tbilisi,41.763,45.4556,2026-11-08T03:00:00+00:00,-0.49,52.66
Batumi,42.7525,44.4572,2026-11-08T04:00:00+00:00,26.78,73.09
Batumi,42.0457,41.4429,2026-11-08T05:00:00+00:00,24.27,87.18
Kutaisi,41.4826,45.2498,2026-11-08T06:00:00+00:00,14.78,69.11
Telavi,41.8433,44.1903,2026-11-08T07:00:00+00:00,29.61,39.61
Kutaisi,42.8095,44.2013,2026-11-08T08:00:00+00:00,8.15,66.69
Kutaisi,42.9662,41.4155,2026-11-08T09:00:00+00:00,-0.95,76.42
Batumi,42.1716,42.1069,2026-11-08T10:00:00+00:00,12.35,38.6
Telavi,42.1213,45.1871,2026-11-08T11:00:00+00:00,10.03,56.33
Telavi,41.0842,41.539,2026-11-08T12:00:00+00:00,28.53,64.99
Tbilisi,42.1513,41.5874,2026-11-08T13:00:00+00:00,25.56,45.25
Telavi,42.6306,44.5914,2026-11-08T14:00:00+00:00,-3.41,65.3
Telavi,42.7045,43.8667,2026-11-08T15:00:00+00:00,15.91,85.81
Telavi,42.3381,41.1282,2026-11-08T16:00:00+00:00,17.68,21.69
Kutaisi,41.1976,45.6033,2026-11-08T17:00:00+00:00,27.08,71.03
Kutaisi,41.7172,44.4151,2026-11-08T18:00:00+00:00,9.1,87.59
Kutaisi,41.892,41.239,2026-11-08T19:00:00+00:00,13.33,89.37
Kutaisi,42.5372,41.803,2026-11-08T20:00:00+00:00,17.34,80.44
Kutaisi,42.4814,44.7666,2026-11-08T21:00:00+00:00,26.24,32.04
Telavi,42.7133,42.6688,2026-11-08T22:00:00+00:00,19.66,71.79
Batumi,41.6331,42.5292,2026-11-08T23:00:00+00:00,31.57,26.33
Telavi,41.6258,43.486,2026-11-09T00:00:00+00:00,2.45,46.79
Kutaisi,42.712,43.4272,2026-11-09T01:00:00+00:00,8.48,50.64
Kutaisi,42.5095,45.7965,2026-11-09T02:00:00+00:00,7.91,27.8
Kutaisi,42.8177,44.5011,2026-11-09T03:00:00+00:00,17.42,72.97
Batumi,41.7959,44.4782,2026-11-09T04:00:00+00:00,2.94,26.34
Telavi,42.7044,41.7288,2026-11-09T05:00:00+00:00,8.61,44.77
Batumi,42.8425,41.5181,2026-11-09T06:00:00+00:00,33.24,77.02
Kutaisi,42.2268,45.8537,2026-11-09T07:00:00+00:00,7.95,35.74
Tbilisi,41.4918,41.7751,2026-11-09T08:00:00+00:00,34.71,21.85
Batumi,42.6665,45.9163,2026-11-09T09:00:00+00:00,4.81,35.81
Batumi,41.2908,42.484,2026-11-09T10:00:00+00:00,33.58,80.03
Telavi,42.6759,43.0726,2026-11-09T11:00:00+00:00,17.05,59.77
Telavi,41.3721,43.5929,2026-11-09T12:00:00+00:00,10.98,60.28
Telavi,42.4936,44.5337,2026-11-09T13:00:00+00:00,34.28,76.24
Kutaisi,41.8626,42.8226,2026-11-09T14:00:00+00:00,32.02,36.43
Kutaisi,41.1541,44.466,2026-11-09T15:00:00+00:00,7.87,77.92
Batumi,42.5911,43.8948,2026-11-09T16:00:00+00:00,-1.14,84.22
Telavi,42.0707,41.524,2026-11-09T17:00:00+00:00,28.05,35.95
Kutaisi,42.4351,44.2248,2026-11-09T18:00:00+00:00,17.16,88.96
Telavi,41.5383,45.1831,2026-11-09T19:00:00+00:00,13.41,50.65
Telavi,41.1293,45.9789,2026-11-09T20:00:00+00:00,-4.12,51.39
Tbilisi,42.7917,43.3831,2026-11-09T21:00:00+00:00,23.25,24.46
Kutaisi,41.1308,44.5943,2026-11-09T22:00:00+00:00,17.79,86.31
Tbilisi,42.4272,43.454,2026-11-09T23:00:00+00:00,23.17,85.99
Telavi,41.4304,43.2606,2026-11-10T00:00:00+00:00,16.54,67.23
Kutaisi,41.4651,44.9921,2026-11-10T01:00:00+00:00,15.32,48.5
Kutaisi,42.7255,45.8544,2026-11-10T02:00:00+00:00,-2.88,72.81
Tbilisi,42.5492,41.3551,2026-11-10T03:00:00+00:00,-2.45,48.96
Batumi,42.4651,42.244,2026-11-10T04:00:00+00:00,19.06,73.12
Batumi,42.6715,41.1474,2026-11-10T05:00:00+00:00,32.15,71.01
Kutaisi,41.1782,45.7307,2026-11-10T06:00:00+00:00,17.96,86.43
Telavi,42.6098,42.9065,2026-11-10T07:00:00+00:00,13.98,79.31
Batumi,41.1917,42.7758,2026-11-10T08:00:00+00:00,23.29,81.53
Telavi,41.1815,42.3025,2026-11-10T09:00:00+00:00,3.02,44.58
Tbilisi,41.6794,44.7591,2026-11-10T10:00:00+00:00,15.95,21.43
Tbilisi,42.964,41.2957,2026-11-10T11:00:00+00:00,9.93,31.8
Tbilisi,41.0093,42.9238,2026-11-10T12:00:00+00:00,-3.89,83.36
Kutaisi,42.7187,45.7786,2026-11-10T13:00:00+00:00,2.54,63.46
Batumi,42.0704,45.8789,2026-11-10T14:00:00+00:00,-1.12,67.82
Batumi,42.1994,43.8699,2026-11-10T15:00:00+00:00,30.66,69.45
Batumi,42.0147,45.0718,2026-11-10T16:00:00+00:00,12.8,63.55
Tbilisi,42.6144,42.5583,2026-11-10T17:00:00+00:00,6.66,44.43
Batumi,42.1802,41.8369,2026-11-10T18:00:00+00:00,-1.01,33.52
Batumi,42.9947,45.6,2026-11-10T19:00:00+00:00,32.51,85.0
Telavi,42.5681,45.7201,2026-11-10T20:00:00+00:00,21.75,24.58
Batumi,41.7314,42.1973,2026-11-10T21:00:00+00:00,27.7,33.18
Telavi,41.0832,41.2931,2026-11-10T22:00:00+00:00,34.29,53.63
Tbilisi,42.6955,41.4548,2026-11-10T23:00:00+00:00,21.19,83.83
Telavi,42.5138,44.216,2026-11-11T00:00:00+00:00,6.3,29.48
Batumi,41.5859,44.1317,2026-11-11T01:00:00+00:00,11.17,46.39
Telavi,41.0477,41.5216,2026-11-11T02:00:00+00:00,17.45,62.68
Kutaisi,41.9952,44.9318,2026-11-11T03:00:00+00:00,6.49,67.88
Tbilisi,42.0551,41.2082,2026-11-11T04:00:00+00:00,32.87,41.5
Batumi,42.2819,44.6963,2026-11-11T05:00:00+00:00,16.37,23.3
Kutaisi,41.7698,42.7588,2026-11-11T06:00:00+00:00,16.51,77.66
Telavi,42.4771,43.6199,2026-11-11T07:00:00+00:00,2.13,45.96
Tbilisi,42.8213,41.4933,2026-11-11T08:00:00+00:00,33.0,82.46
Kutaisi,41.1459,42.018,2026-11-11T09:00:00+00:00,3.27,64.83
Tbilisi,41.0905,42.9074,2026-11-11T10:00:00+00:00,31.01,28.14
Kutaisi,41.0095,42.2019,2026-11-11T11:00:00+00:00,27.55,78.19
Batumi,42.9742,45.1329,2026-11-11T12:00:00+00:00,9.87,78.65
Tbilisi,41.3119,43.9938,2026-11-11T13:00:00+00:00,19.87,38.07
Telavi,42.3608,44.5509,2026-11-11T14:00:00+00:00,31.08,41.68
Kutaisi,41.8184,41.0511,2026-11-11T15:00:00+00:00,27.94,46.4
Batumi,42.6334,43.4411,2026-11-11T16:00:00+00:00,19.01,63.86
Telavi,41.0836,44.8356,2026-11-11T17:00:00+00:00,0.16,68.26
Tbilisi,42.2752,41.5764,2026-11-11T18:00:00+00:00,31.09,54.2
Batumi,42.0739,41.8368,2026-11-11T19:00:00+00:00,24.6,86.87
Telavi,41.5696,42.4322,2026-11-11T20:00:00+00:00,29.22,38.3
Tbilisi,41.7898,45.428,2026-11-11T21:00:00+00:00,3.09,26.06
Telavi,41.4016,43.5911,2026-11-11T22:00:00+00:00,-3.57,53.52
Tbilisi,41.4573,45.1655,2026-11-11T23:00:00+00:00,2.38,73.38
Tbilisi,41.4835,44.0766,2026-11-12T00:00:00+00:00,12.52,29.99
Tbilisi,42.3258,43.5181,2026-11-12T01:00:00+00:00,33.98,73.8
Kutaisi,41.0875,41.0711,2026-11-12T02:00:00+00:00,1.11,80.16
Kutaisi,42.8437,42.7506,2026-11-12T03:00:00+00:00,3.03,65.09
Telavi,41.7601,45.7341,2026-11-12T04:00:00+00:00,15.22,35.77
Batumi,41.6718,44.6059,2026-11-12T05:00:00+00:00,-3.99,50.84
Batumi,42.2033,42.439,2026-11-12T06:00:00+00:00,1.44,58.3
Kutaisi,41.1134,44.4238,2026-11-12T07:00:00+00:00,11.4,57.4
Batumi,42.4482,42.6083,2026-11-12T08:00:00+00:00,-3.46,83.11
Batumi,41.0118,41.0171,2026-11-12T09:00:00+00:00,-2.66,47.13
Tbilisi,42.714,44.8109,2026-11-12T10:00:00+00:00,-3.59,58.19
Tbilisi,42.2977,45.5541,2026-11-12T11:00:00+00:00,32.49,65.14
Kutaisi,42.3712,42.9338,2026-11-12T12:00:00+00:00,31.41,36.64
Telavi,42.2252,42.7257,2026-11-12T13:00:00+00:00,34.52,51.85
Batumi,41.9084,45.3972,2026-11-12T14:00:00+00:00,3.95,40.08
Batumi,42.9261,42.9423,2026-11-12T15:00:00+00:00,5.29,31.22
Tbilisi,41.8635,42.4993,2026-11-12T16:00:00+00:00,-3.3,48.73
Batumi,42.975,41.6251,2026-11-12T17:00:00+00:00,20.06,34.57
Telavi,41.8423,43.0886,2026-11-12T18:00:00+00:00,24.34,51.07
Telavi,41.927,42.689,2026-11-12T19:00:00+00:00,21.61,29.32
Batumi,41.492,44.5629,2026-11-12T20:00:00+00:00,17.74,86.36
Kutaisi,42.8007,43.741,2026-11-12T21:00:00+00:00,25.56,48.57
Kutaisi,41.427,41.7067,2026-11-12T22:00:00+00:00,-0.65,65.66
Kutaisi,42.8094,45.7787,2026-11-12T23:00:00+00:00,29.8,48.85
Batumi,41.4344,43.7585,2026-11-13T00:00:00+00:00,1.27,46.9
Telavi,41.3606,43.2149,2026-11-13T01:00:00+00:00,22.76,47.02
Batumi,41.5466,44.7299,2026-11-13T02:00:00+00:00,17.53,30.91
Telavi,42.1501,45.0042,2026-11-13T03:00:00+00:00,1.03,42.15
Batumi,42.7361,41.6528,2026-11-13T04:00:00+00:00,32.25,42.14
Tbilisi,42.3524,44.9348,2026-11-13T05:00:00+00:00,-1.57,20.61
Tbilisi,41.663,41.4497,2026-11-13T06:00:00+00:00,32.26,44.97
Batumi,42.9159,42.5378,2026-11-13T07:00:00+00:00,-2.36,63.63
Kutaisi,42.1669,45.1413,2026-11-13T08:00:00+00:00,14.0,69.25
Kutaisi,41.6065,45.0117,2026-11-13T09:00:00+00:00,1.39,81.64
Batumi,41.8304,43.6615,2026-11-13T10:00:00+00:00,19.73,31.08
Telavi,42.3997,42.4062,2026-11-13T11:00:00+00:00,28.92,37.46
Tbilisi,42.3277,41.7332,2026-11-13T12:00:00+00:00,12.8,72.9
Batumi,42.7605,43.3641,2026-11-13T13:00:00+00:00,14.08,73.7
Kutaisi,42.8619,43.9245,2026-11-13T14:00:00+00:00,2.27,82.58
Telavi,42.8932,43.8339,2026-11-13T15:00:00+00:00,30.42,89.15
Kutaisi,41.1378,41.6747,2026-11-13T16:00:00+00:00,7.0,47.55
Batumi,41.2219,45.6751,2026-11-13T17:00:00+00:00,33.42,33.8
Kutaisi,41.5847,44.9639,2026-11-13T18:00:00+00:00,26.46,44.83
Telavi,41.0319,45.4552,2026-11-13T19:00:00+00:00,11.71,31.83
Kutaisi,41.384,42.4012,2026-11-13T20:00:00+00:00,15.82,84.11
Telavi,41.6371,41.8344,2026-11-13T21:00:00+00:00,20.98,69.04
Kutaisi,41.8979,43.1647,2026-11-13T22:00:00+00:00,-3.38,72.5
Telavi,42.3188,42.6646,2026-11-13T23:00:00+00:00,-3.75,81.04
Tbilisi,42.4693,41.0961,2026-11-14T00:00:00+00:00,10.23,83.32
Telavi,41.7768,44.4764,2026-11-14T01:00:00+00:00,5.81,46.26
Kutaisi,42.6063,45.2681,2026-11-14T02:00:00+00:00,26.36,48.5
Kutaisi,41.2647,42.7312,2026-11-14T03:00:00+00:00,5.46,33.5
Kutaisi,41.5333,45.5668,2026-11-14T04:00:00+00:00,31.75,25.94
Kutaisi,42.723,45.4791,2026-11-14T05:00:00+00:00,-4.08,29.0
Tbilisi,41.4859,41.8855,2026-11-14T06:00:00+00:00,-2.4,60.03
Batumi,42.5578,45.3185,2026-11-14T07:00:00+00:00,-4.61,20.94
Kutaisi,42.7403,44.0873,2026-11-14T08:00:00+00:00,1.25,63.83
Telavi,42.262,42.6545,2026-11-14T09:00:00+00:00,21.6,62.88
Tbilisi,42.4083,41.9976,2026-11-14T10:00:00+00:00,24.84,25.68
Tbilisi,42.4365,41.4579,2026-11-14T11:00:00+00:00,12.32,67.99
Batumi,41.1,41.3971,2026-11-14T12:00:00+00:00,7.82,57.05
Telavi,42.6351,44.5412,2026-11-14T13:00:00+00:00,14.81,69.44
Telavi,41.5761,44.3808,2026-11-14T14:00:00+00:00,29.6,24.29
Batumi,42.0152,41.3978,2026-11-14T15:00:00+00:00,33.97,38.43
Batumi,42.3999,44.5143,2026-11-14T16:00:00+00:00,-1.97,33.09
Kutaisi,42.5126,42.1386,2026-11-14T17:00:00+00:00,10.79,78.52
Kutaisi,42.2031,43.5333,2026-11-14T18:00:00+00:00,6.42,49.86
Kutaisi,42.4709,43.6528,2026-11-14T19:00:00+00:00,21.19,87.77
Kutaisi,41.5629,41.8063,2026-11-14T20:00:00+00:00,-2.54,54.57
Tbilisi,42.2397,45.0885,2026-11-14T21:00:00+00:00,-1.8,73.51
Telavi,41.024,44.7213,2026-11-14T22:00:00+00:00,-1.47,61.17
Kutaisi,42.3962,44.0275,2026-11-14T23:00:00+00:00,33.37,59.84
Kutaisi,41.9016,44.711,2026-11-15T00:00:00+00:00,14.22,54.98
Telavi,41.6269,45.9955,2026-11-15T01:00:00+00:00,2.61,61.11
Tbilisi,42.3817,43.0487,2026-11-15T02:00:00+00:00,30.2,42.71
Telavi,41.9272,45.4954,2026-11-15T03:00:00+00:00,13.09,29.95
Telavi,41.8392,41.1224,2026-11-15T04:00:00+00:00,0.58,42.17
Batumi,41.7988,41.0698,2026-11-15T05:00:00+00:00,26.66,66.32
Batumi,41.3021,45.7302,2026-11-15T06:00:00+00:00,3.68,21.15
Telavi,41.2998,42.6866,2026-11-15T07:00:00+00:00,-4.13,47.46
Kutaisi,42.6596,45.2691,2026-11-15T08:00:00+00:00,6.11,33.3
Telavi,41.8657,45.7367,2026-11-15T09:00:00+00:00,1.39,87.84
Tbilisi,41.7067,41.5301,2026-11-15T10:00:00+00:00,33.12,69.42
Kutaisi,41.283,43.5938,2026-11-15T11:00:00+00:00,14.77,35.15
Telavi,41.0259,42.54,2026-11-15T12:00:00+00:00,1.34,64.13
Telavi,42.2233,43.9956,2026-11-15T13:00:00+00:00,16.19,43.88
Kutaisi,42.6142,45.3205,2026-11-15T14:00:00+00:00,9.78,87.93
Tbilisi,41.0354,42.85,2026-11-15T15:00:00+00:00,4.84,86.12
Batumi,42.8203,45.5128,2026-11-15T16:00:00+00:00,20.35,83.13
Telavi,42.5736,43.775,2026-11-15T17:00:00+00:00,18.09,43.17
Batumi,42.8037,45.8274,2026-11-15T18:00:00+00:00,26.26,60.06
Batumi,42.4162,44.0469,2026-11-15T19:00:00+00:00,27.53,37.44
Telavi,42.7811,42.5673,2026-11-15T20:00:00+00:00,30.23,46.89
Batumi,42.2472,41.4065,2026-11-15T21:00:00+00:00,14.64,62.18
Kutaisi,41.1339,42.9479,2026-11-15T22:00:00+00:00,2.73,73.9
Batumi,41.7276,44.8888,2026-11-15T23:00:00+00:00,13.95,35.63
Tbilisi,41.6544,45.1242,2026-11-16T00:00:00+00:00,14.3,30.23
Kutaisi,42.9133,43.4235,2026-11-16T01:00:00+00:00,7.57,81.82
Batumi,42.6483,44.2292,2026-11-16T02:00:00+00:00,33.31,61.83
Tbilisi,41.5912,41.3028,2026-11-16T03:00:00+00:00,30.39,56.65
Kutaisi,41.4965,42.88,2026-11-16T04:00:00+00:00,23.03,79.69
Kutaisi,41.522,41.7203,2026-11-16T05:00:00+00:00,-3.99,65.61
Telavi,41.1574,43.3247,2026-11-16T06:00:00+00:00,31.39,30.33
Telavi,42.1105,43.9692,2026-11-16T07:00:00+00:00,25.34,27.54
Kutaisi,41.9119,41.9889,2026-11-16T08:00:00+00:00,19.26,39.93
Batumi,41.6456,41.0848,2026-11-16T09:00:00+00:00,-2.9,42.86
Telavi,41.7376,42.5763,2026-11-16T10:00:00+00:00,23.82,58.51
Telavi,42.2927,42.9777,2026-11-16T11:00:00+00:00,8.06,78.53
Tbilisi,42.2872,42.6201,2026-11-16T12:00:00+00:00,25.26,22.76
Tbilisi,42.4456,44.5683,2026-11-16T13:00:00+00:00,14.87,84.89
Batumi,41.3031,43.6139,2026-11-16T14:00:00+00:00,32.6,36.45
Kutaisi,42.9446,42.6908,2026-11-16T15:00:00+00:00,11.51,72.56
Telavi,41.8011,41.3108,2026-11-16T16:00:00+00:00,11.65,75.28
Batumi,42.0962,41.4474,2026-11-16T17:00:00+00:00,3.29,31.13
Kutaisi,41.4548,41.2826,2026-11-16T18:00:00+00:00,22.34,21.7
Batumi,41.9574,41.2109,2026-11-16T19:00:00+00:00,25.34,86.5
Batumi,42.0012,42.6148,2026-11-16T20:00:00+00:00,25.24,66.92
Tbilisi,42.0205,42.4482,2026-11-16T21:00:00+00:00,-4.06,70.03
Telavi,42.1001,41.2007,2026-11-16T22:00:00+00:00,18.59,34.62
Telavi,41.0143,44.5091,2026-11-16T23:00:00+00:00,18.26,45.77
Batumi,41.7944,41.7613,2026-11-17T00:00:00+00:00,-4.71,63.94
Kutaisi,41.5313,42.8715,2026-11-17T01:00:00+00:00,10.54,78.44
Kutaisi,41.669,42.6353,2026-11-17T02:00:00+00:00,5.41,28.34
Kutaisi,41.9033,43.2277,2026-11-17T03:00:00+00:00,33.71,67.03
Telavi,41.4092,41.5635,2026-11-17T04:00:00+00:00,10.5,27.47
Batumi,41.4003,43.851,2026-11-17T05:00:00+00:00,24.89,78.31
Batumi,42.7733,45.0893,2026-11-17T06:00:00+00:00,9.44,23.81
Batumi,42.1337,45.4219,2026-11-17T07:00:00+00:00,5.09,55.78
Kutaisi,41.0247,45.1479,2026-11-17T08:00:00+00:00,29.41,34.44
Telavi,42.4399,43.2894,2026-11-17T09:00:00+00:00,10.63,72.77
Telavi,41.9604,43.9837,2026-11-17T10:00:00+00:00,26.8,66.69
Batumi,41.1553,41.5363,2026-11-17T11:00:00+00:00,-4.99,22.18
Tbilisi,42.7143,45.7339,2026-11-17T12:00:00+00:00,32.21,41.24
Telavi,42.4575,45.806,2026-11-17T13:00:00+00:00,-1.11,45.76
Batumi,42.9419,44.7092,2026-11-17T14:00:00+00:00,9.91,39.6
Tbilisi,41.5949,41.175,2026-11-17T15:00:00+00:00,-0.2,29.93
Telavi,42.8603,45.4368,2026-11-17T16:00:00+00:00,27.02,34.33
Tbilisi,42.7606,45.6602,2026-11-17T17:00:00+00:00,1.98,27.88
Batumi,41.9105,45.4322,2026-11-17T18:00:00+00:00,22.8,39.12
Tbilisi,42.4058,43.3986,2026-11-17T19:00:00+00:00,24.26,30.73
Tbilisi,41.7951,42.8871,2026-11-17T20:00:00+00:00,-3.51,50.27
Telavi,41.8248,45.8645,2026-11-17T21:00:00+00:00,18.07,23.08
Tbilisi,42.9189,45.3819,2026-11-17T22:00:00+00:00,23.4,70.32
Batumi,42.6039,41.1221,2026-11-17T23:00:00+00:00,5.88,81.04
Batumi,42.3794,45.0518,2026-11-18T00:00:00+00:00,34.83,23.09
Telavi,42.1179,44.5147,2026-11-18T01:00:00+00:00,26.68,70.09
Tbilisi,41.573,41.4421,2026-11-18T02:00:00+00:00,9.69,77.45
Batumi,41.7465,45.5091,2026-11-18T03:00:00+00:00,24.05,57.85
Kutaisi,42.4704,42.7339,2026-11-18T04:00:00+00:00,1.96,48.12
Telavi,42.967,44.8366,2026-11-18T05:00:00+00:00,0.91,67.09
Telavi,42.3514,43.0391,2026-11-18T06:00:00+00:00,33.46,26.05
Kutaisi,42.7695,42.664,2026-11-18T07:00:00+00:00,9.35,52.66
Batumi,42.7795,42.7173,2026-11-18T08:00:00+00:00,31.73,88.79
Batumi,42.1976,43.7011,2026-11-18T09:00:00+00:00,28.28,31.16
Batumi,42.9545,44.9614,2026-11-18T10:00:00+00:00,27.99,47.74
Telavi,42.7614,45.9525,2026-11-18T11:00:00+00:00,16.76,56.37
Tbilisi,41.5094,43.7522,2026-11-18T12:00:00+00:00,32.69,71.78
Kutaisi,41.9784,42.6274,2026-11-18T13:00:00+00:00,28.46,46.13
Telavi,42.0462,45.0968,2026-11-18T14:00:00+00:00,3.76,44.58
Telavi,42.3756,45.9398,2026-11-18T15:00:00+00:00,4.03,65.07
Batumi,42.6687,45.4762,2026-11-18T16:00:00+00:00,2.53,20.04
Tbilisi,41.9904,45.5792,2026-11-18T17:00:00+00:00,22.8,41.46
Telavi,41.6057,42.0462,2026-11-18T18:00:00+00:00,20.53,86.61
Batumi,41.047,41.1555,2026-11-18T19:00:00+00:00,-0.16,33.0
Tbilisi,41.134,43.263,2026-11-18T20:00:00+00:00,-0.24,86.14
Telavi,41.0211,43.9878,2026-11-18T21:00:00+00:00,8.73,46.24
Kutaisi,41.857,43.9485,2026-11-18T22:00:00+00:00,14.14,63.04
Tbilisi,42.3582,45.8851,2026-11-18T23:00:00+00:00,15.0,44.6
Kutaisi,42.4013,45.3059,2026-11-19T00:00:00+00:00,10.35,57.73
Tbilisi,41.8454,43.9356,2026-11-19T01:00:00+00:00,30.23,86.44
Telavi,42.9893,42.8998,2026-11-19T02:00:00+00:00,33.51,73.13
Tbilisi,41.9497,43.7187,2026-11-19T03:00:00+00:00,-1.68,70.7
Tbilisi,41.9094,44.7453,2026-11-19T04:00:00+00:00,4.66,88.88
Tbilisi,41.6457,43.7631,2026-11-19T05:00:00+00:00,23.16,51.58
Telavi,41.1899,44.4191,2026-11-19T06:00:00+00:00,18.74,67.27
Tbilisi,42.8711,43.2221,2026-11-19T07:00:00+00:00,15.08,52.42
Telavi,42.6026,43.6783,2026-11-19T08:00:00+00:00,23.97,37.72
Tbilisi,42.3964,43.4555,2026-11-19T09:00:00+00:00,31.09,40.54
Batumi,41.0796,44.0056,2026-11-19T10:00:00+00:00,12.07,68.08
Tbilisi,41.3982,43.4312,2026-11-19T11:00:00+00:00,-4.77,74.3
Batumi,42.5449,41.2194,2026-11-19T12:00:00+00:00,2.31,43.8
Telavi,41.4575,43.2233,2026-11-19T13:00:00+00:00,23.03,83.82
Tbilisi,41.3289,41.66,2026-11-19T14:00:00+00:00,34.15,62.36
Tbilisi,41.8762,42.8334,2026-11-19T15:00:00+00:00,22.96,21.44
Kutaisi,42.2697,41.5316,2026-11-19T16:00:00+00:00,13.95,39.52
Telavi,41.1339,41.4362,2026-11-19T17:00:00+00:00,30.11,66.53
Telavi,41.8027,45.5964,2026-11-19T18:00:00+00:00,31.26,81.29
Tbilisi,41.0482,41.4319,2026-11-19T19:00:00+00:00,2.47,33.76
Kutaisi,42.1147,43.3894,2026-11-19T20:00:00+00:00,33.83,65.94
Telavi,41.2317,41.1988,2026-11-19T21:00:00+00:00,3.1,41.02
Telavi,41.0224,41.3,2026-11-19T22:00:00+00:00,26.52,27.89
Kutaisi,42.1711,41.0443,2026-11-19T23:00:00+00:00,30.22,29.59
Batumi,42.7212,45.0061,2026-11-20T00:00:00+00:00,2.55,53.23
Telavi,41.4282,41.8621,2026-11-20T01:00:00+00:00,17.12,63.89
Tbilisi,41.2922,41.6348,2026-11-20T02:00:00+00:00,15.39,80.28
Tbilisi,41.9554,45.9493,2026-11-20T03:00:00+00:00,-2.1,31.53
Telavi,42.6795,42.8086,2026-11-20T04:00:00+00:00,4.01,38.37
Tbilisi,42.5047,41.2145,2026-11-20T05:00:00+00:00,7.82,47.62
Batumi,42.3433,45.6539,2026-11-20T06:00:00+00:00,10.63,62.45
Batumi,42.4972,41.6366,2026-11-20T07:00:00+00:00,19.6,75.33
Telavi,42.2921,44.7772,2026-11-20T08:00:00+00:00,1.29,61.93
Kutaisi,41.9943,41.3753,2026-11-20T09:00:00+00:00,18.99,49.21
Tbilisi,42.4089,44.8852,2026-11-20T10:00:00+00:00,25.92,22.8
Kutaisi,41.7865,43.3225,2026-11-20T11:00:00+00:00,27.27,84.2
Kutaisi,42.6726,44.0265,2026-11-20T12:00:00+00:00,31.77,79.88
Telavi,42.0229,42.9305,2026-11-20T13:00:00+00:00,29.85,68.19
Batumi,41.9387,41.4549,2026-11-20T14:00:00+00:00,14.59,43.97
Tbilisi,41.5032,42.3411,2026-11-20T15:00:00+00:00,5.85,40.23
Batumi,41.6261,45.5291,2026-11-20T16:00:00+00:00,31.29,59.62
Kutaisi,42.9447,41.9592,2026-11-20T17:00:00+00:00,8.4,67.33
Kutaisi,41.5278,43.1192,2026-11-20T18:00:00+00:00,21.36,73.78
Batumi,42.6045,44.4417,2026-11-20T19:00:00+00:00,2.6,68.02
Kutaisi,41.4089,43.3135,2026-11-20T20:00:00+00:00,15.8,28.2
Kutaisi,42.2772,42.0287,2026-11-20T21:00:00+00:00,26.6,78.13
Batumi,42.7745,45.0479,2026-11-20T22:00:00+00:00,10.0,47.41
Kutaisi,42.865,43.2954,2026-11-20T23:00:00+00:00,8.66,37.83
Tbilisi,41.5051,45.8326,2026-11-21T00:00:00+00:00,27.52,88.87
Tbilisi,41.1331,45.06,2026-11-21T01:00:00+00:00,5.19,54.65
Kutaisi,42.0222,43.1025,2026-11-21T02:00:00+00:00,5.63,88.71
Telavi,42.1905,43.3818,2026-11-21T03:00:00+00:00,10.48,28.36
Batumi,41.2458,44.8006,2026-11-21T04:00:00+00:00,34.77,22.87
Tbilisi,41.5547,43.7425,2026-11-21T05:00:00+00:00,5.74,74.87
Telavi,41.4098,45.4566,2026-11-21T06:00:00+00:00,17.66,20.69
Kutaisi,42.9537,44.5979,2026-11-21T07:00:00+00:00,6.37,36.85
Batumi,42.2366,43.8531,2026-11-21T08:00:00+00:00,5.67,58.68
Batumi,41.3034,43.7686,2026-11-21T09:00:00+00:00,7.67,35.39
Telavi,41.4063,44.0815,2026-11-21T10:00:00+00:00,33.18,26.38
Kutaisi,42.6191,41.6228,2026-11-21T11:00:00+00:00,4.85,48.45
Batumi,41.919,41.8282,2026-11-21T12:00:00+00:00,1.94,35.42
Tbilisi,41.0063,44.3558,2026-11-21T13:00:00+00:00,12.41,80.26
Telavi,41.8923,42.1609,2026-11-21T14:00:00+00:00,28.89,48.6
Telavi,41.8851,44.6958,2026-11-21T15:00:00+00:00,10.38,63.05
Telavi,41.0461,44.8253,2026-11-21T16:00:00+00:00,3.21,67.13
Telavi,42.5792,43.6197,2026-11-21T17:00:00+00:00,7.88,54.93
Telavi,42.6764,44.0328,2026-11-21T18:00:00+00:00,9.92,69.24
Telavi,41.3368,43.02,2026-11-21T19:00:00+00:00,3.72,44.73
Kutaisi,41.4975,42.4534,2026-11-21T20:00:00+00:00,4.24,62.03
Telavi,42.9213,44.4325,2026-11-21T21:00:00+00:00,17.53,65.18
Tbilisi,41.9045,45.0005,2026-11-21T22:00:00+00:00,10.55,44.16
Telavi,41.041,43.1815,2026-11-21T23:00:00+00:00,12.81,49.69
Telavi,41.5099,42.1428,2026-11-22T00:00:00+00:00,9.66,89.8
Telavi,41.3162,42.0957,2026-11-22T01:00:00+00:00,18.42,56.2
Batumi,42.6918,45.8958,2026-11-22T02:00:00+00:00,9.58,73.25
Tbilisi,42.4142,41.7938,2026-11-22T03:00:00+00:00,19.62,58.7
Kutaisi,41.1585,45.6601,2026-11-22T04:00:00+00:00,13.12,40.52
Telavi,41.557,45.5798,2026-11-22T05:00:00+00:00,4.16,41.81
Tbilisi,41.4636,41.4614,2026-11-22T06:00:00+00:00,-2.91,65.82
Batumi,41.5765,43.3512,2026-11-22T07:00:00+00:00,11.93,31.75
Tbilisi,42.6155,41.9769,2026-11-22T08:00:00+00:00,23.5,24.72
Tbilisi,41.5381,44.9157,2026-11-22T09:00:00+00:00,16.36,74.53
Kutaisi,42.4464,41.7636,2026-11-22T10:00:00+00:00,32.29,37.2
Tbilisi,41.651,41.859,2026-11-22T11:00:00+00:00,5.89,76.93
Tbilisi,41.7876,41.835,2026-11-22T12:00:00+00:00,13.76,79.26
Batumi,42.7234,45.1714,2026-11-22T13:00:00+00:00,17.95,39.55
Batumi,41.9099,44.551,2026-11-22T14:00:00+00:00,23.54,31.35
Tbilisi,41.1341,42.8871,2026-11-22T15:00:00+00:00,-4.98,52.25
Telavi,42.3551,42.9751,2026-11-22T16:00:00+00:00,16.66,48.27
Telavi,42.9242,45.7164,2026-11-22T17:00:00+00:00,9.16,62.39
Telavi,42.5033,43.6174,2026-11-22T18:00:00+00:00,11.31,55.22
Telavi,41.2525,41.1821,2026-11-22T19:00:00+00:00,-2.06,89.63
Kutaisi,41.2311,45.5208,2026-11-22T20:00:00+00:00,10.3,40.97
Tbilisi,41.6291,41.9935,2026-11-22T21:00:00+00:00,-4.36,50.49
Batumi,41.8999,43.9521,2026-11-22T22:00:00+00:00,25.35,29.79
Kutaisi,41.7927,41.7116,2026-11-22T23:00:00+00:00,31.02,83.26
Kutaisi,41.9736,43.3317,2026-11-23T00:00:00+00:00,13.61,81.77
Telavi,41.2608,45.7981,2026-11-23T01:00:00+00:00,4.81,30.19
Tbilisi,41.5908,41.2656,2026-11-23T02:00:00+00:00,13.6,47.06
Telavi,41.1562,42.4698,2026-11-23T03:00:00+00:00,27.84,58.61
Tbilisi,42.868,45.3431,2026-11-23T04:00:00+00:00,14.18,44.67
Batumi,41.6207,43.5336,2026-11-23T05:00:00+00:00,-4.56,27.09
Kutaisi,41.1198,43.5475,2026-11-23T06:00:00+00:00,20.23,45.99
Telavi,41.8068,44.9926,2026-11-23T07:00:00+00:00,13.41,63.52
Kutaisi,41.7359,45.0061,2026-11-23T08:00:00+00:00,18.42,81.85
Telavi,41.8668,43.5699,2026-11-23T09:00:00+00:00,21.65,58.36
Tbilisi,42.9973,41.7667,2026-11-23T10:00:00+00:00,27.99,43.11
Telavi,42.4629,44.176,2026-11-23T11:00:00+00:00,0.76,73.35
Batumi,41.1864,42.9194,2026-11-23T12:00:00+00:00,10.78,22.93
Kutaisi,41.0242,41.6647,2026-11-23T13:00:00+00:00,11.74,33.56
Batumi,41.8538,43.8409,2026-11-23T14:00:00+00:00,34.62,34.74
Tbilisi,41.3268,41.1873,2026-11-23T15:00:00+00:00,24.09,75.09
Batumi,41.9366,45.906,2026-11-23T16:00:00+00:00,31.99,54.54
Tbilisi,42.3388,45.0584,2026-11-23T17:00:00+00:00,8.71,70.95
Kutaisi,42.7012,45.7783,2026-11-23T18:00:00+00:00,5.32,59.1
Kutaisi,42.263,42.6327,2026-11-23T19:00:00+00:00,1.22,67.74
Kutaisi,42.6124,44.8915,2026-11-23T20:00:00+00:00,4.81,77.05
Telavi,41.9668,42.6408,2026-11-23T21:00:00+00:00,15.35,54.92
Telavi,41.1026,43.9585,2026-11-23T22:00:00+00:00,27.07,38.03
Batumi,42.11,45.2224,2026-11-23T23:00:00+00:00,3.76,86.93
Telavi,42.8103,45.6303,2026-11-24T00:00:00+00:00,22.9,55.41
Telavi,42.485,43.0965,2026-11-24T01:00:00+00:00,8.25,25.68
Batumi,42.2461,45.7425,2026-11-24T02:00:00+00:00,21.52,74.25
Tbilisi,41.8712,45.0753,2026-11-24T03:00:00+00:00,1.16,53.12
Tbilisi,41.6676,42.8519,2026-11-24T04:00:00+00:00,7.32,54.06
Telavi,42.8557,42.9817,2026-11-24T05:00:00+00:00,3.56,50.11
Batumi,41.5729,44.0529,2026-11-24T06:00:00+00:00,1.6,31.14
Kutaisi,42.1869,45.266,2026-11-24T07:00:00+00:00,-0.97,25.76
Tbilisi,41.3001,43.1427,2026-11-24T08:00:00+00:00,30.86,85.41
Batumi,42.9837,41.0104,2026-11-24T09:00:00+00:00,2.1,29.34
Kutaisi,42.3575,45.5904,2026-11-24T10:00:00+00:00,23.0,66.62
Tbilisi,41.0809,45.4644,2026-11-24T11:00:00+00:00,8.21,22.73
Tbilisi,42.9764,44.0718,2026-11-24T12:00:00+00:00,27.86,33.46
Batumi,42.7941,45.121,2026-11-24T13:00:00+00:00,14.61,38.71
Kutaisi,42.2309,43.6304,2026-11-24T14:00:00+00:00,28.27,39.91
Tbilisi,41.9247,45.262,2026-11-24T15:00:00+00:00,1.3,74.33
Tbilisi,41.9928,42.119,2026-11-24T16:00:00+00:00,6.35,47.54
Kutaisi,42.33,44.4745,2026-11-24T17:00:00+00:00,27.41,45.11
Kutaisi,41.5873,44.5283,2026-11-24T18:00:00+00:00,11.04,76.49
Batumi,42.5885,45.2356,2026-11-24T19:00:00+00:00,21.65,34.74
Telavi,41.2974,41.7761,2026-11-24T20:00:00+00:00,-1.82,61.14
Tbilisi,41.2954,45.9911,2026-11-24T21:00:00+00:00,0.04,70.59
Kutaisi,42.5407,44.4386,2026-11-24T22:00:00+00:00,18.17,70.3
Telavi,41.8198,45.6494,2026-11-24T23:00:00+00:00,21.73,67.01
Kutaisi,42.8749,42.0489,2026-11-25T00:00:00+00:00,13.93,22.37
Batumi,41.7816,42.7254,2026-11-25T01:00:00+00:00,-3.04,78.88
Kutaisi,41.7791,45.0626,2026-11-25T02:00:00+00:00,13.54,87.66
Kutaisi,41.8992,45.0789,2026-11-25T03:00:00+00:00,24.81,69.52
Kutaisi,42.9161,44.7576,2026-11-25T04:00:00+00:00,29.73,32.88
Batumi,42.9086,43.079,2026-11-25T05:00:00+00:00,14.48,89.19
Batumi,41.0841,41.7017,2026-11-25T06:00:00+00:00,15.51,54.68
Kutaisi,42.8146,44.6039,2026-11-25T07:00:00+00:00,11.71,73.96
Kutaisi,42.4227,45.001,2026-11-25T08:00:00+00:00,9.92,20.19
Telavi,42.5431,45.8464,2026-11-25T09:00:00+00:00,3.07,30.35
Kutaisi,42.0617,45.4479,2026-11-25T10:00:00+00:00,34.75,62.87
Batumi,41.8699,45.7491,2026-11-25T11:00:00+00:00,27.01,51.85
Kutaisi,42.0776,44.7789,2026-11-25T12:00:00+00:00,-3.22,43.28
Telavi,42.1786,45.8254,2026-11-25T13:00:00+00:00,-2.49,78.07
Telavi,42.8581,45.5705,2026-11-25T14:00:00+00:00,19.35,36.17
Kutaisi,42.6696,42.1145,2026-11-25T15:00:00+00:00,5.59,82.41
Tbilisi,42.6335,44.3422,2026-11-25T16:00:00+00:00,18.18,47.64
Tbilisi,42.0615,41.2027,2026-11-25T17:00:00+00:00,33.08,51.45
Telavi,41.0045,41.2388,2026-11-25T18:00:00+00:00,-1.96,76.23
Telavi,41.0327,45.3427,2026-11-25T19:00:00+00:00,24.31,73.67
Kutaisi,42.5378,44.3166,2026-11-25T20:00:00+00:00,14.87,60.61
Kutaisi,42.5593,45.2762,2026-11-25T21:00:00+00:00,32.03,47.23
Kutaisi,41.3545,44.2805,2026-11-25T22:00:00+00:00,-4.43,50.07
Kutaisi,42.2937,45.7329,2026-11-25T23:00:00+00:00,-4.17,29.09
Kutaisi,41.338,42.4616,2026-11-26T00:00:00+00:00,5.28,31.33
Telavi,41.4082,41.8195,2026-11-26T01:00:00+00:00,-1.1,85.22
Kutaisi,42.9958,44.4578,2026-11-26T02:00:00+00:00,20.56,25.34
Batumi,42.7464,45.2652,2026-11-26T03:00:00+00:00,-4.87,36.77
Kutaisi,42.9303,41.5669,2026-11-26T04:00:00+00:00,13.05,28.5
Telavi,42.0216,43.4062,2026-11-26T05:00:00+00:00,19.57,74.98
Kutaisi,42.578,42.7662,2026-11-26T06:00:00+00:00,10.52,33.25
Kutaisi,42.4506,45.5546,2026-11-26T07:00:00+00:00,19.81,87.86
Tbilisi,42.9842,41.8115,2026-11-26T08:00:00+00:00,8.68,56.55
Batumi,41.9574,45.6236,2026-11-26T09:00:00+00:00,20.26,22.09
Telavi,42.5853,43.162,2026-11-26T10:00:00+00:00,27.29,74.31
Telavi,41.4247,41.9507,2026-11-26T11:00:00+00:00,20.5,74.14
Tbilisi,42.9523,44.7233,2026-11-26T12:00:00+00:00,28.38,85.37
Telavi,42.1149,43.2893,2026-11-26T13:00:00+00:00,7.89,45.82
Tbilisi,41.0728,41.9404,2026-11-26T14:00:00+00:00,17.84,21.2
Kutaisi,42.2974,43.0777,2026-11-26T15:00:00+00:00,28.5,87.87
Telavi,41.1705,45.2151,2026-11-26T16:00:00+00:00,18.79,59.3
Tbilisi,42.1858,43.3671,2026-11-26T17:00:00+00:00,17.14,58.61
Kutaisi,41.2395,45.0541,2026-11-26T18:00:00+00:00,26.45,64.67
Batumi,41.6241,45.1108,2026-11-26T19:00:00+00:00,6.74,80.11
Tbilisi,42.8781,44.3241,2026-11-26T20:00:00+00:00,34.94,68.71
Telavi,42.9986,42.4033,2026-11-26T21:00:00+00:00,28.99,88.69
Kutaisi,41.1502,42.5419,2026-11-26T22:00:00+00:00,6.99,21.59
Kutaisi,41.6555,44.559,2026-11-26T23:00:00+00:00,29.78,85.2
Tbilisi,41.7251,41.4758,2026-11-27T00:00:00+00:00,5.57,43.36
Tbilisi,41.3652,42.0616,2026-11-27T01:00:00+00:00,27.01,36.21
Kutaisi,41.623,44.8032,2026-11-27T02:00:00+00:00,25.19,83.91
Tbilisi,42.6232,43.7447,2026-11-27T03:00:00+00:00,18.09,68.33
Kutaisi,42.8126,44.2895,2026-11-27T04:00:00+00:00,-0.98,48.26
Tbilisi,41.6238,45.3898,2026-11-27T05:00:00+00:00,-1.28,43.33
Tbilisi,41.2738,41.4716,2026-11-27T06:00:00+00:00,32.79,20.28
Telavi,41.085,45.0475,2026-11-27T07:00:00+00:00,11.24,27.48
Batumi,42.1817,43.806,2026-11-27T08:00:00+00:00,26.76,25.74
Batumi,41.3703,45.5908,2026-11-27T09:00:00+00:00,23.03,27.27
Tbilisi,41.9406,44.6437,2026-11-27T10:00:00+00:00,0.07,71.65
Batumi,42.9793,41.0264,2026-11-27T11:00:00+00:00,15.92,39.13
Batumi,41.9853,42.1896,2026-11-27T12:00:00+00:00,12.19,62.93
Telavi,41.3849,43.6389,2026-11-27T13:00:00+00:00,8.77,48.32
Telavi,42.8215,42.4383,2026-11-27T14:00:00+00:00,4.96,79.93
Tbilisi,42.4138,42.275,2026-11-27T15:00:00+00:00,19.21,20.1
Tbilisi,41.8111,41.9558,2026-11-27T16:00:00+00:00,5.12,28.97
Batumi,42.6289,43.901,2026-11-27T17:00:00+00:00,33.69,37.41
Tbilisi,41.4617,42.25,2026-11-27T18:00:00+00:00,-3.14,25.05
Telavi,41.2659,42.0907,2026-11-27T19:00:00+00:00,33.38,60.22
Batumi,42.4345,45.1499,2026-11-27T20:00:00+00:00,-4.45,27.49
Batumi,41.8941,41.7349,2026-11-27T21:00:00+00:00,20.92,28.63
Kutaisi,41.6502,43.0556,2026-11-27T22:00:00+00:00,21.38,67.62
Telavi,42.3262,45.2888,2026-11-27T23:00:00+00:00,0.84,47.24
Batumi,42.7399,45.2906,2026-11-28T00:00:00+00:00,21.49,54.29
Kutaisi,41.8749,42.2606,2026-11-28T01:00:00+00:00,12.33,31.1
Tbilisi,42.4966,43.6214,2026-11-28T02:00:00+00:00,3.15,27.73
Kutaisi,41.2814,42.3966,2026-11-28T03:00:00+00:00,12.05,20.96
Tbilisi,42.173,42.7392,2026-11-28T04:00:00+00:00,20.77,51.45
Kutaisi,42.6789,45.8175,2026-11-28T05:00:00+00:00,5.79,53.62
Telavi,42.8096,41.0857,2026-11-28T06:00:00+00:00,4.38,54.01
Batumi,42.973,43.7587,2026-11-28T07:00:00+00:00,20.68,30.13
Kutaisi,42.4425,43.6101,2026-11-28T08:00:00+00:00,22.6,39.03
Kutaisi,42.4928,41.1015,2026-11-28T09:00:00+00:00,17.69,81.94
Batumi,42.7976,42.2605,2026-11-28T10:00:00+00:00,4.77,87.04
Batumi,42.255,45.8873,2026-11-28T11:00:00+00:00,-4.87,87.1
Kutaisi,42.537,44.8484,2026-11-28T12:00:00+00:00,11.79,43.89
Telavi,41.3868,41.5423,2026-11-28T13:00:00+00:00,7.25,73.49
Kutaisi,42.3921,42.3597,2026-11-28T14:00:00+00:00,2.98,48.14
Kutaisi,41.1922,43.3593,2026-11-28T15:00:00+00:00,2.85,37.14
Tbilisi,42.7156,42.7844,2026-11-28T16:00:00+00:00,25.36,57.27
Telavi,41.4552,45.7875,2026-11-28T17:00:00+00:00,-4.34,25.34
Batumi,41.4626,45.3328,2026-11-28T18:00:00+00:00,3.2,48.87
Tbilisi,41.2052,45.9489,2026-11-28T19:00:00+00:00,16.94,70.29
Batumi,42.476,42.0924,2026-11-28T20:00:00+00:00,-1.13,37.95
Telavi,41.2406,42.4021,2026-11-28T21:00:00+00:00,18.55,51.49
Batumi,41.187,45.6178,2026-11-28T22:00:00+00:00,19.47,26.55
Kutaisi,42.5822,43.6845,2026-11-28T23:00:00+00:00,20.16,73.26
Tbilisi,41.952,42.3854,2026-11-29T00:00:00+00:00,1.68,73.01
Tbilisi,42.8525,43.4477,2026-11-29T01:00:00+00:00,34.69,75.7
Kutaisi,41.2002,43.5185,2026-11-29T02:00:00+00:00,4.17,60.3
Tbilisi,41.8542,42.7448,2026-11-29T03:00:00+00:00,9.28,51.66
Batumi,41.0538,41.4876,2026-11-29T04:00:00+00:00,20.09,21.5
Kutaisi,41.3851,45.1116,2026-11-29T05:00:00+00:00,4.37,23.16
Batumi,41.3917,42.0454,2026-11-29T06:00:00+00:00,0.31,52.26
Telavi,41.4513,41.6726,2026-11-29T07:00:00+00:00,-0.28,83.86
Batumi,41.7333,44.7829,2026-11-29T08:00:00+00:00,25.44,78.43
Telavi,41.3079,41.3163,2026-11-29T09:00:00+00:00,31.05,53.16
Tbilisi,41.3428,41.1756,2026-11-29T10:00:00+00:00,2.0,79.0
Telavi,41.217,44.8221,2026-11-29T11:00:00+00:00,3.47,30.76
Tbilisi,41.8692,44.4984,2026-11-29T12:00:00+00:00,1.65,69.96
Kutaisi,42.7728,41.787,2026-11-29T13:00:00+00:00,34.89,57.3
Batumi,42.9072,43.1244,2026-11-29T14:00:00+00:00,19.44,75.63
Kutaisi,41.6315,44.0314,2026-11-29T15:00:00+00:00,32.05,75.88
Tbilisi,41.3925,42.4777,2026-11-29T16:00:00+00:00,25.9,52.54
Tbilisi,42.7494,41.5767,2026-11-29T17:00:00+00:00,22.78,83.06
Batumi,42.474,43.6677,2026-11-29T18:00:00+00:00,29.29,59.2
Telavi,42.8187,43.9033,2026-11-29T19:00:00+00:00,24.5,29.47
Batumi,42.0781,42.159,2026-11-29T20:00:00+00:00,0.06,83.56
Tbilisi,41.483,43.7614,2026-11-29T21:00:00+00:00,8.56,57.63
Kutaisi,41.5223,43.7445,2026-11-29T22:00:00+00:00,28.12,23.08
Telavi,42.7005,42.0265,2026-11-29T23:00:00+00:00,27.11,35.44
Tbilisi,42.0359,44.1242,2026-11-30T00:00:00+00:00,-2.14,70.46
Tbilisi,42.4755,42.6092,2026-11-30T01:00:00+00:00,1.59,39.34
Kutaisi,41.0599,44.8274,2026-11-30T02:00:00+00:00,26.2,74.27
Tbilisi,42.7258,44.6155,2026-11-30T03:00:00+00:00,-1.65,31.54
Tbilisi,41.1653,41.9521,2026-11-30T04:00:00+00:00,33.12,26.88
Kutaisi,41.1145,44.1542,2026-11-30T05:00:00+00:00,33.75,21.81
Batumi,42.9768,42.5642,2026-11-30T06:00:00+00:00,21.89,75.63
Kutaisi,42.5051,42.304,2026-11-30T07:00:00+00:00,-1.6,76.89
Telavi,41.5744,43.6111,2026-11-30T08:00:00+00:00,25.72,30.54
Kutaisi,42.0028,44.9415,2026-11-30T09:00:00+00:00,7.56,52.82
Telavi,41.9346,41.2207,2026-11-30T10:00:00+00:00,-3.05,66.34
Batumi,41.7558,44.1833,2026-11-30T11:00:00+00:00,-1.45,70.67
Kutaisi,42.0601,43.0259,2026-11-30T12:00:00+00:00,17.52,36.51
Batumi,42.5954,43.5584,2026-11-30T13:00:00+00:00,34.63,45.87
Tbilisi,41.7324,45.1079,2026-11-30T14:00:00+00:00,26.41,46.27
Tbilisi,42.1051,41.1969,2026-11-30T15:00:00+00:00,13.79,48.47
Batumi,41.8204,45.2801,2026-11-30T16:00:00+00:00,17.33,63.27
Tbilisi,42.5447,44.8931,2026-11-30T17:00:00+00:00,33.12,79.93
Batumi,41.2515,41.3036,2026-11-30T18:00:00+00:00,27.08,84.97
Telavi,41.5056,43.6429,2026-11-30T19:00:00+00:00,30.61,84.07
Tbilisi,41.5232,44.6664,2026-11-30T20:00:00+00:00,33.49,65.06
Telavi,41.9969,45.6545,2026-11-30T21:00:00+00:00,15.63,46.47
Batumi,42.0566,41.3208,2026-11-30T22:00:00+00:00,5.71,30.84
Tbilisi,41.283,43.0004,2026-11-30T23:00:00+00:00,22.12,70.82
Kutaisi,41.8153,41.793,2026-12-01T00:00:00+00:00,4.71,49.39
Batumi,41.7365,44.6261,2026-12-01T01:00:00+00:00,16.13,34.97
Kutaisi,42.9215,42.2592,2026-12-01T02:00:00+00:00,13.48,22.85
Telavi,41.5833,45.911,2026-12-01T03:00:00+00:00,10.6,44.83
Kutaisi,42.5153,45.3314,2026-12-01T04:00:00+00:00,-3.31,48.23
Batumi,42.4422,42.8452,2026-12-01T05:00:00+00:00,16.74,33.09
Batumi,42.9184,45.5572,2026-12-01T06:00:00+00:00,-4.07,25.92
Telavi,41.6155,44.9605,2026-12-01T07:00:00+00:00,29.52,55.91
Tbilisi,42.5441,44.6539,2026-12-01T08:00:00+00:00,9.73,58.93
Batumi,42.6608,42.3772,2026-12-01T09:00:00+00:00,24.02,29.4
Tbilisi,42.3474,42.6996,2026-12-01T10:00:00+00:00,6.59,64.74
Kutaisi,41.4776,45.5824,2026-12-01T11:00:00+00:00,3.36,73.55
Kutaisi,41.3887,43.6311,2026-12-01T12:00:00+00:00,18.48,81.84
Tbilisi,41.7894,42.1094,2026-12-01T13:00:00+00:00,0.66,27.15
Tbilisi,42.4226,43.2737,2026-12-01T14:00:00+00:00,13.66,81.5
Tbilisi,42.0888,44.0323,2026-12-01T15:00:00+00:00,2.94,61.53
Batumi,41.9852,41.6735,2026-12-01T16:00:00+00:00,20.76,89.96
Tbilisi,42.7648,45.2741,2026-12-01T17:00:00+00:00,23.93,86.93
Telavi,42.5168,42.6372,2026-12-01T18:00:00+00:00,10.57,52.32
Telavi,42.5578,44.6014,2026-12-01T19:00:00+00:00,15.98,20.59
Batumi,41.4174,41.1328,2026-12-01T20:00:00+00:00,27.43,61.03
Kutaisi,42.5573,41.5601,2026-12-01T21:00:00+00:00,0.12,61.8
Tbilisi,41.4888,42.8865,2026-12-01T22:00:00+00:00,13.89,69.2
Kutaisi,42.4585,45.1152,2026-12-01T23:00:00+00:00,18.84,87.23
Telavi,42.8333,45.4114,2026-12-02T00:00:00+00:00,22.2,47.42
Kutaisi,41.2679,41.2897,2026-12-02T01:00:00+00:00,7.45,24.96
Tbilisi,42.7417,44.1964,2026-12-02T02:00:00+00:00,18.0,27.62
Kutaisi,41.4517,42.985,2026-12-02T03:00:00+00:00,14.09,78.66
Batumi,42.513,43.0364,2026-12-02T04:00:00+00:00,1.82,70.61
Batumi,42.2131,43.5293,2026-12-02T05:00:00+00:00,-2.06,51.59
Kutaisi,41.6754,41.3837,2026-12-02T06:00:00+00:00,5.21,22.55
Kutaisi,41.2601,43.6805,2026-12-02T07:00:00+00:00,32.63,23.0
Kutaisi,42.261,44.8901,2026-12-02T08:00:00+00:00,8.5,54.47
Telavi,41.8573,45.8314,2026-12-02T09:00:00+00:00,24.75,56.35
Tbilisi,41.233,41.6439,2026-12-02T10:00:00+00:00,26.21,21.26
Tbilisi,42.8877,45.3741,2026-12-02T11:00:00+00:00,-2.78,81.95
Kutaisi,41.7812,45.4227,2026-12-02T12:00:00+00:00,-1.46,80.99
Tbilisi,41.7726,44.4245,2026-12-02T13:00:00+00:00,-2.09,85.82
Batumi,41.1999,41.8775,2026-12-02T14:00:00+00:00,3.74,82.82
Kutaisi,41.1041,43.149,2026-12-02T15:00:00+00:00,17.01,50.54
Tbilisi,41.9708,45.2372,2026-12-02T16:00:00+00:00,11.98,59.3
Batumi,42.2424,45.9196,2026-12-02T17:00:00+00:00,28.26,40.33
Tbilisi,41.2317,42.52,2026-12-02T18:00:00+00:00,17.18,75.57
Telavi,42.5605,42.713,2026-12-02T19:00:00+00:00,4.5,80.4
Batumi,41.8149,42.0598,2026-12-02T20:00:00+00:00,20.81,63.02
Tbilisi,41.1068,44.3351,2026-12-02T21:00:00+00:00,13.06,68.58
Tbilisi,42.0148,45.966,2026-12-02T22:00:00+00:00,18.23,24.54
Kutaisi,41.5715,41.9089,2026-12-02T23:00:00+00:00,-4.37,89.68
Kutaisi,42.1658,41.828,2026-12-03T00:00:00+00:00,25.25,69.43
Telavi,42.5333,43.8636,2026-12-03T01:00:00+00:00,10.03,74.64
Kutaisi,42.6606,44.2087,2026-12-03T02:00:00+00:00,25.38,72.22
Telavi,41.1793,43.6111,2026-12-03T03:00:00+00:00,0.81,74.85
Telavi,42.2736,43.8438,2026-12-03T04:00:00+00:00,0.88,59.57
Kutaisi,41.0425,43.5022,2026-12-03T05:00:00+00:00,7.38,63.31
Batumi,42.9066,45.4527,2026-12-03T06:00:00+00:00,-0.67,78.74
Batumi,41.5889,41.7065,2026-12-03T07:00:00+00:00,33.76,48.29
Tbilisi,41.8156,44.4984,2026-12-03T08:00:00+00:00,34.6,53.11
Telavi,42.2805,43.2859,2026-12-03T09:00:00+00:00,11.71,82.41
Telavi,41.3478,42.0795,2026-12-03T10:00:00+00:00,17.47,89.63
Batumi,42.04,42.102,2026-12-03T11:00:00+00:00,21.81,62.17
Kutaisi,42.3004,45.4926,2026-12-03T12:00:00+00:00,15.81,66.01
Tbilisi,42.6719,45.9047,2026-12-03T13:00:00+00:00,28.12,82.81
Telavi,42.7746,41.589,2026-12-03T14:00:00+00:00,0.7,68.66
Telavi,41.6827,43.7463,2026-12-03T15:00:00+00:00,28.96,30.31
Kutaisi,42.089,41.7331,2026-12-03T16:00:00+00:00,21.44,26.54
Telavi,42.1458,42.7236,2026-12-03T17:00:00+00:00,20.21,84.64
Batumi,41.0299,43.4096,2026-12-03T18:00:00+00:00,12.04,67.04
Batumi,42.533,45.0362,2026-12-03T19:00:00+00:00,7.55,43.58
Tbilisi,41.5039,41.9602,2026-12-03T20:00:00+00:00,5.68,57.9
Batumi,42.1752,44.8657,2026-12-03T21:00:00+00:00,28.99,39.03
Tbilisi,42.7093,45.1626,2026-12-03T22:00:00+00:00,1.57,72.66
Tbilisi,41.013,45.261,2026-12-03T23:00:00+00:00,12.37,47.35
Telavi,41.1252,41.2758,2026-12-04T00:00:00+00:00,28.35,73.43
Batumi,41.1501,44.3416,2026-12-04T01:00:00+00:00,27.57,43.44
Tbilisi,41.0958,41.3311,2026-12-04T02:00:00+00:00,16.11,62.84
Kutaisi,41.1602,44.1493,2026-12-04T03:00:00+00:00,-2.07,71.64
Tbilisi,41.9063,44.8683,2026-12-04T04:00:00+00:00,29.52,56.53
Telavi,42.2841,44.1349,2026-12-04T05:00:00+00:00,-2.99,45.79
Kutaisi,41.5402,45.4786,2026-12-04T06:00:00+00:00,12.63,61.92
Telavi,41.3246,44.5716,2026-12-04T07:00:00+00:00,12.96,29.78
Telavi,42.5259,43.0582,2026-12-04T08:00:00+00:00,0.2,29.6
Tbilisi,42.1109,41.4603,2026-12-04T09:00:00+00:00,29.9,70.75
Telavi,42.8457,45.6155,2026-12-04T10:00:00+00:00,34.28,59.58
Tbilisi,42.5382,42.3177,2026-12-04T11:00:00+00:00,10.89,56.68
Kutaisi,41.1343,41.9763,2026-12-04T12:00:00+00:00,3.11,36.25
Batumi,42.9084,42.571,2026-12-04T13:00:00+00:00,23.6,31.99
Kutaisi,42.8316,43.0066,2026-12-04T14:00:00+00:00,13.69,84.9
Telavi,41.0213,45.2477,2026-12-04T15:00:00+00:00,30.96,31.5
Tbilisi,41.1572,41.8169,2026-12-04T16:00:00+00:00,10.19,35.32
Telavi,41.4759,43.5665,2026-12-04T17:00:00+00:00,21.79,29.26
Telavi,42.0922,45.8822,2026-12-04T18:00:00+00:00,10.04,33.33
Telavi,41.1487,44.3394,2026-12-04T19:00:00+00:00,6.87,38.52
Tbilisi,42.452,41.8435,2026-12-04T20:00:00+00:00,18.15,23.34
Telavi,41.588,41.215,2026-12-04T21:00:00+00:00,27.7,50.18
Kutaisi,42.9899,42.1825,2026-12-04T22:00:00+00:00,3.2,37.51
Tbilisi,41.7967,43.6709,2026-12-04T23:00:00+00:00,32.11,83.35
Telavi,42.3346,41.8516,2026-12-05T00:00:00+00:00,2.47,20.98
Batumi,42.2781,45.3909,2026-12-05T01:00:00+00:00,30.77,61.23
Batumi,41.2047,41.9669,2026-12-05T02:00:00+00:00,15.78,88.16
Batumi,42.145,42.7007,2026-12-05T03:00:00+00:00,28.19,74.91
Telavi,41.4677,43.1301,2026-12-05T04:00:00+00:00,28.05,81.23
Batumi,42.7533,45.2404,2026-12-05T05:00:00+00:00,2.09,67.71
Kutaisi,41.8169,42.6924,2026-12-05T06:00:00+00:00,17.9,51.48
Tbilisi,41.9857,44.5141,2026-12-05T07:00:00+00:00,16.78,64.57
Telavi,42.3615,45.9723,2026-12-05T08:00:00+00:00,13.14,69.01
Telavi,42.7218,43.4823,2026-12-05T09:00:00+00:00,31.01,56.28
Batumi,42.7202,41.0773,2026-12-05T10:00:00+00:00,25.58,46.33
Batumi,41.1687,45.2034,2026-12-05T11:00:00+00:00,2.22,64.04
Kutaisi,42.3478,41.4309,2026-12-05T12:00:00+00:00,10.73,81.14
Kutaisi,41.0297,42.6753,2026-12-05T13:00:00+00:00,34.55,85.59
Kutaisi,41.8099,41.7517,2026-12-05T14:00:00+00:00,-2.09,65.59
Batumi,41.1455,43.8531,2026-12-05T15:00:00+00:00,8.1,47.86
Telavi,42.5099,45.7745,2026-12-05T16:00:00+00:00,17.3,57.4
Kutaisi,41.4704,44.1172,2026-12-05T17:00:00+00:00,16.67,74.83
Tbilisi,42.9062,41.6344,2026-12-05T18:00:00+00:00,31.74,79.56
Tbilisi,42.9028,44.459,2026-12-05T19:00:00+00:00,4.19,78.92
Telavi,42.95,43.9911,2026-12-05T20:00:00+00:00,22.66,55.52
Kutaisi,42.2967,42.4907,2026-12-05T21:00:00+00:00,19.22,79.23
Tbilisi,42.2945,42.4178,2026-12-05T22:00:00+00:00,13.07,58.2
Telavi,42.9249,44.7559,2026-12-05T23:00:00+00:00,-3.57,65.84
Tbilisi,41.7139,41.8952,2026-12-06T00:00:00+00:00,30.81,48.12
Telavi,41.9552,43.6964,2026-12-06T01:00:00+00:00,33.88,33.07
Telavi,41.5498,44.9012,2026-12-06T02:00:00+00:00,33.54,24.44
Telavi,41.9898,43.661,2026-12-06T03:00:00+00:00,10.38,30.49
Telavi,42.0116,44.5927,2026-12-06T04:00:00+00:00,1.16,78.39
Kutaisi,42.0322,41.9808,2026-12-06T05:00:00+00:00,34.77,22.67
Kutaisi,42.3631,41.0033,2026-12-06T06:00:00+00:00,20.74,67.76
Batumi,41.7374,44.4775,2026-12-06T07:00:00+00:00,30.32,66.45
Kutaisi,42.5111,42.9508,2026-12-06T08:00:00+00:00,24.11,43.23
Telavi,42.1384,41.1532,2026-12-06T09:00:00+00:00,-0.01,39.57
Batumi,42.5568,42.7132,2026-12-06T10:00:00+00:00,9.98,37.58
Telavi,41.9214,42.9703,2026-12-06T11:00:00+00:00,0.61,77.85
Kutaisi,41.3714,42.2331,2026-12-06T12:00:00+00:00,33.07,67.85
Kutaisi,42.5791,45.1515,2026-12-06T13:00:00+00:00,3.89,85.84
Tbilisi,41.6804,41.8221,2026-12-06T14:00:00+00:00,-1.82,67.64
Kutaisi,41.3732,44.8075,2026-12-06T15:00:00+00:00,23.9,85.25
Batumi,42.8279,42.7168,2026-12-06T16:00:00+00:00,1.71,60.28
Telavi,42.8921,42.1083,2026-12-06T17:00:00+00:00,22.78,44.03
Kutaisi,41.2044,45.3023,2026-12-06T18:00:00+00:00,32.58,27.43
Telavi,41.7385,41.1283,2026-12-06T19:00:00+00:00,20.83,56.33
Telavi,42.8992,43.7934,2026-12-06T20:00:00+00:00,-4.37,42.43
Telavi,42.546,42.4365,2026-12-06T21:00:00+00:00,5.47,20.53
Kutaisi,42.2563,41.5999,2026-12-06T22:00:00+00:00,22.02,55.86
Tbilisi,42.8526,41.566,2026-12-06T23:00:00+00:00,14.25,53.9
Tbilisi,41.3983,45.1651,2026-12-07T00:00:00+00:00,8.34,36.52
Tbilisi,41.172,42.8211,2026-12-07T01:00:00+00:00,10.78,26.17
Kutaisi,41.9074,42.6338,2026-12-07T02:00:00+00:00,8.11,27.51
Batumi,41.7322,45.4305,2026-12-07T03:00:00+00:00,27.7,53.31
Tbilisi,41.4763,43.1313,2026-12-07T04:00:00+00:00,29.06,23.21
Kutaisi,42.9055,41.7484,2026-12-07T05:00:00+00:00,29.57,76.17
Kutaisi,42.9008,44.9623,2026-12-07T06:00:00+00:00,-3.59,44.77
Telavi,41.7659,43.6461,2026-12-07T07:00:00+00:00,34.9,68.73
Telavi,42.123,44.0254,2026-12-07T08:00:00+00:00,28.4,73.04
Tbilisi,41.5434,41.6489,2026-12-07T09:00:00+00:00,28.79,56.87
Kutaisi,41.8044,45.4509,2026-12-07T10:00:00+00:00,32.41,59.02
Telavi,41.8322,45.7777,2026-12-07T11:00:00+00:00,29.56,60.85
Telavi,42.5846,43.2489,2026-12-07T12:00:00+00:00,12.69,40.91
Batumi,41.2764,44.5305,2026-12-07T13:00:00+00:00,15.41,88.82
Kutaisi,42.0827,42.6977,2026-12-07T14:00:00+00:00,18.53,87.52
Kutaisi,42.5752,45.2079,2026-12-07T15:00:00+00:00,6.52,55.14
Kutaisi,42.916,45.5524,2026-12-07T16:00:00+00:00,33.71,76.87
Telavi,42.9708,41.127,2026-12-07T17:00:00+00:00,32.3,20.44
Tbilisi,41.0857,45.0081,2026-12-07T18:00:00+00:00,9.9,36.07
Batumi,41.1455,42.1821,2026-12-07T19:00:00+00:00,20.71,77.81
Tbilisi,42.5986,45.3424,2026-12-07T20:00:00+00:00,-2.23,20.39
Kutaisi,41.9611,43.6089,2026-12-07T21:00:00+00:00,20.34,49.8
Batumi,42.364,42.4195,2026-12-07T22:00:00+00:00,6.37,56.39
Telavi,41.7717,44.0998,2026-12-07T23:00:00+00:00,23.67,30.09
Batumi,41.8461,45.4943,2026-12-08T00:00:00+00:00,26.55,70.36
Kutaisi,42.2863,41.7485,2026-12-08T01:00:00+00:00,-4.75,45.64
Batumi,42.8385,42.4396,2026-12-08T02:00:00+00:00,32.99,24.87
Batumi,42.6108,41.8644,2026-12-08T03:00:00+00:00,16.73,77.14
Batumi,41.3808,41.3146,2026-12-08T04:00:00+00:00,3.01,30.02
Tbilisi,42.2538,44.1203,2026-12-08T05:00:00+00:00,-2.64,71.68
Tbilisi,42.0392,43.0768,2026-12-08T06:00:00+00:00,14.58,34.28
Telavi,41.69,43.6626,2026-12-08T07:00:00+00:00,25.68,48.28
Tbilisi,42.3303,41.8847,2026-12-08T08:00:00+00:00,2.23,44.51
Telavi,41.6417,44.7341,2026-12-08T09:00:00+00:00,9.53,63.94
Telavi,41.2713,41.7738,2026-12-08T10:00:00+00:00,17.85,22.29
Batumi,42.2372,43.5546,2026-12-08T11:00:00+00:00,26.02,66.88
Telavi,41.7648,44.2884,2026-12-08T12:00:00+00:00,4.64,27.16
Tbilisi,42.0987,41.9083,2026-12-08T13:00:00+00:00,12.58,28.47
Telavi,41.3511,43.2858,2026-12-08T14:00:00+00:00,3.6,51.0
Batumi,42.8516,44.277,2026-12-08T15:00:00+00:00,33.66,86.97
Tbilisi,41.6516,41.8627,2026-12-08T16:00:00+00:00,18.07,59.68
Batumi,42.482,45.4078,2026-12-08T17:00:00+00:00,33.21,71.3
Kutaisi,42.3145,43.9259,2026-12-08T18:00:00+00:00,20.61,36.54
Batumi,41.4729,41.8328,2026-12-08T19:00:00+00:00,21.13,69.17
Batumi,42.5787,45.2785,2026-12-08T20:00:00+00:00,16.61,42.41
Kutaisi,41.5336,41.6108,2026-12-08T21:00:00+00:00,23.99,52.41
Telavi,41.4377,45.0412,2026-12-08T22:00:00+00:00,6.59,85.93
Kutaisi,41.5221,42.2695,2026-12-08T23:00:00+00:00,27.43,74.25
Tbilisi,41.3609,43.2341,2026-12-09T00:00:00+00:00,27.99,80.24
Telavi,41.0054,43.8552,2026-12-09T01:00:00+00:00,12.61,31.35
Kutaisi,41.493,45.5054,2026-12-09T02:00:00+00:00,13.74,56.89
Telavi,42.4375,42.0712,2026-12-09T03:00:00+00:00,23.32,77.23
Batumi,42.1592,43.7916,2026-12-09T04:00:00+00:00,31.6,37.01
Batumi,41.0562,44.3761,2026-12-09T05:00:00+00:00,33.88,29.43
Kutaisi,41.7943,44.9529,2026-12-09T06:00:00+00:00,29.52,58.36
Batumi,41.0753,41.2223,2026-12-09T07:00:00+00:00,25.44,54.23
Telavi,42.0372,43.5296,2026-12-09T08:00:00+00:00,17.76,44.45
Batumi,42.3866,44.6102,2026-12-09T09:00:00+00:00,30.14,66.71
Kutaisi,41.3693,44.1871,2026-12-09T10:00:00+00:00,10.77,24.26
Tbilisi,41.404,42.3907,2026-12-09T11:00:00+00:00,7.08,84.58
Tbilisi,42.6293,45.2759,2026-12-09T12:00:00+00:00,17.95,27.66
Tbilisi,41.6938,45.3591,2026-12-09T13:00:00+00:00,33.16,81.04
Tbilisi,41.0457,41.7461,2026-12-09T14:00:00+00:00,18.09,74.55
Kutaisi,42.328,41.4624,2026-12-09T15:00:00+00:00,2.95,39.4
Batumi,41.1134,45.1162,2026-12-09T16:00:00+00:00,31.47,60.36
Telavi,41.1653,44.4339,2026-12-09T17:00:00+00:00,14.99,62.61
Tbilisi,41.2904,41.2421,2026-12-09T18:00:00+00:00,1.04,30.63
Batumi,41.3148,45.3337,2026-12-09T19:00:00+00:00,31.96,87.21
Telavi,41.9331,44.3009,2026-12-09T20:00:00+00:00,-2.86,62.41
Tbilisi,41.2319,42.9129,2026-12-09T21:00:00+00:00,-0.82,83.93
Tbilisi,41.2419,44.6084,2026-12-09T22:00:00+00:00,12.86,70.61
Telavi,42.8648,41.9898,2026-12-09T23:00:00+00:00,19.92,71.08
Tbilisi,41.5872,41.9622,2026-12-10T00:00:00+00:00,10.21,34.59
Tbilisi,42.3207,43.2767,2026-12-10T01:00:00+00:00,30.07,76.79
Tbilisi,41.2993,44.925,2026-12-10T02:00:00+00:00,2.05,26.31
Tbilisi,42.5797,44.4152,2026-12-10T03:00:00+00:00,20.01,29.84
Kutaisi,42.7197,43.8821,2026-12-10T04:00:00+00:00,8.07,29.42
Kutaisi,41.7512,41.0856,2026-12-10T05:00:00+00:00,27.93,33.56
Kutaisi,42.9891,42.7499,2026-12-10T06:00:00+00:00,10.22,75.37
Tbilisi,42.6107,42.0731,2026-12-10T07:00:00+00:00,21.68,61.73
Batumi,42.5584,43.9173,2026-12-10T08:00:00+00:00,27.94,74.35
Batumi,42.9378,41.5933,2026-12-10T09:00:00+00:00,6.02,49.67
Kutaisi,42.0994,43.6982,2026-12-10T10:00:00+00:00,10.49,73.38
Batumi,41.424,41.1352,2026-12-10T11:00:00+00:00,32.66,82.17
Batumi,41.0513,45.9505,2026-12-10T12:00:00+00:00,32.21,49.57
Kutaisi,42.2285,43.3966,2026-12-10T13:00:00+00:00,17.3,39.46
Batumi,42.1981,41.3076,2026-12-10T14:00:00+00:00,23.75,87.48
Telavi,41.8524,43.9541,2026-12-10T15:00:00+00:00,11.49,29.1
Kutaisi,42.0621,45.7258,2026-12-10T16:00:00+00:00,-0.72,42.36
Batumi,42.6555,44.4222,2026-12-10T17:00:00+00:00,20.68,35.53
Kutaisi,41.0648,41.2932,2026-12-10T18:00:00+00:00,-4.33,45.42
Telavi,42.9132,43.8221,2026-12-10T19:00:00+00:00,25.74,51.6
Telavi,42.7861,42.5413,2026-12-10T20:00:00+00:00,-2.4,51.0
Kutaisi,41.7439,43.1259,2026-12-10T21:00:00+00:00,1.9,37.23
Telavi,42.6832,41.6843,2026-12-10T22:00:00+00:00,27.4,52.32
Tbilisi,41.2211,43.7747,2026-12-10T23:00:00+00:00,25.77,75.81
Tbilisi,41.0775,41.1332,2026-12-11T00:00:00+00:00,31.46,75.48
Batumi,41.2008,42.9932,2026-12-11T01:00:00+00:00,25.54,26.3
Batumi,41.8476,41.2131,2026-12-11T02:00:00+00:00,-4.47,26.82
Kutaisi,41.8955,41.7407,2026-12-11T03:00:00+00:00,-3.78,70.39
Kutaisi,42.4086,43.3173,2026-12-11T04:00:00+00:00,2.82,22.97
Telavi,41.2033,41.2694,2026-12-11T05:00:00+00:00,23.5,43.25
Tbilisi,42.626,42.4386,2026-12-11T06:00:00+00:00,33.8,86.77
Telavi,41.6005,45.0051,2026-12-11T07:00:00+00:00,2.0,69.28
Tbilisi,41.0349,43.1755,2026-12-11T08:00:00+00:00,8.96,80.16
Kutaisi,41.8936,44.517,2026-12-11T09:00:00+00:00,18.85,54.73
Batumi,41.241,41.0273,2026-12-11T10:00:00+00:00,2.96,66.97
Batumi,42.2139,41.7829,2026-12-11T11:00:00+00:00,27.39,85.71
Kutaisi,42.6767,45.4482,2026-12-11T12:00:00+00:00,12.47,30.42
Kutaisi,42.1703,43.6231,2026-12-11T13:00:00+00:00,28.23,68.96
Telavi,41.038,41.2879,2026-12-11T14:00:00+00:00,5.64,49.04
Tbilisi,41.6212,42.6517,2026-12-11T15:00:00+00:00,18.57,72.86
Tbilisi,41.1012,43.9426,2026-12-11T16:00:00+00:00,21.66,28.7
Kutaisi,41.0747,44.7451,2026-12-11T17:00:00+00:00,5.51,36.52
Tbilisi,42.6411,43.8146,2026-12-11T18:00:00+00:00,23.0,69.53
Kutaisi,42.1483,42.5752,2026-12-11T19:00:00+00:00,21.71,69.54
Kutaisi,42.5689,41.2115,2026-12-11T20:00:00+00:00,19.42,55.13
Kutaisi,42.2932,43.9897,2026-12-11T21:00:00+00:00,14.88,83.88
Telavi,42.2778,44.2401,2026-12-11T22:00:00+00:00,2.95,61.32
Tbilisi,42.6273,42.9111,2026-12-11T23:00:00+00:00,17.26,40.48
Telavi,42.8162,45.7773,2026-12-12T00:00:00+00:00,0.94,53.95
Tbilisi,41.97,43.8551,2026-12-12T01:00:00+00:00,4.93,78.16
Kutaisi,41.8738,42.0547,2026-12-12T02:00:00+00:00,22.56,56.08
Kutaisi,42.1657,45.5598,2026-12-12T03:00:00+00:00,34.83,51.22
Tbilisi,41.134,45.1127,2026-12-12T04:00:00+00:00,5.56,81.84
Batumi,41.0526,43.3363,2026-12-12T05:00:00+00:00,15.62,77.39
Batumi,41.2114,43.0537,2026-12-12T06:00:00+00:00,28.64,66.25
Tbilisi,42.2616,44.3022,2026-12-12T07:00:00+00:00,5.38,79.47
Tbilisi,41.4704,44.4217,2026-12-12T08:00:00+00:00,25.04,60.01
Telavi,42.8017,45.4872,2026-12-12T09:00:00+00:00,-1.66,51.11
Tbilisi,42.4619,43.6875,2026-12-12T10:00:00+00:00,20.04,87.52
Tbilisi,42.6306,45.257,2026-12-12T11:00:00+00:00,33.82,84.97
Kutaisi,41.6082,41.6912,2026-12-12T12:00:00+00:00,25.31,51.59
Kutaisi,42.0439,44.6872,2026-12-12T13:00:00+00:00,4.33,88.8
Kutaisi,41.8753,41.0577,2026-12-12T14:00:00+00:00,1.9,76.83
Kutaisi,42.0802,43.0939,2026-12-12T15:00:00+00:00,7.81,66.66
Batumi,42.6842,42.9012,2026-12-12T16:00:00+00:00,-1.59,61.7
Tbilisi,42.5292,44.3399,2026-12-12T17:00:00+00:00,32.37,55.76
Telavi,42.3487,43.9521,2026-12-12T18:00:00+00:00,26.66,61.99
Telavi,42.1194,43.5234,2026-12-12T19:00:00+00:00,13.53,72.65
Telavi,42.3292,41.2501,2026-12-12T20:00:00+00:00,-3.27,44.82
Tbilisi,41.5173,44.9524,2026-12-12T21:00:00+00:00,26.6,49.65
Kutaisi,41.8543,43.4718,2026-12-12T22:00:00+00:00,17.07,37.37
Telavi,41.5682,45.4688,2026-12-12T23:00:00+00:00,22.64,59.07
Kutaisi,42.4457,42.7702,2026-12-13T00:00:00+00:00,26.16,52.22
Telavi,41.3635,44.2,2026-12-13T01:00:00+00:00,30.39,84.84
Kutaisi,42.6702,42.8816,2026-12-13T02:00:00+00:00,16.87,70.42
Telavi,41.0512,43.2653,2026-12-13T03:00:00+00:00,7.5,24.53
Tbilisi,41.3059,42.6901,2026-12-13T04:00:00+00:00,10.44,31.19
Kutaisi,42.16,42.2158,2026-12-13T05:00:00+00:00,20.21,39.27
Batumi,41.0007,45.8383,2026-12-13T06:00:00+00:00,33.41,74.51
Kutaisi,42.0692,43.6635,2026-12-13T07:00:00+00:00,15.07,62.99
Telavi,41.2749,42.2927,2026-12-13T08:00:00+00:00,14.18,89.34
Telavi,42.2039,41.3407,2026-12-13T09:00:00+00:00,-4.12,78.31
Tbilisi,41.5998,42.0723,2026-12-13T10:00:00+00:00,28.19,61.05
Batumi,41.7155,44.7775,2026-12-13T11:00:00+00:00,18.99,77.04
Batumi,42.4295,41.5398,2026-12-13T12:00:00+00:00,3.53,70.38
Tbilisi,41.6835,45.9051,2026-12-13T13:00:00+00:00,-3.25,37.82
Tbilisi,41.8012,44.8988,2026-12-13T14:00:00+00:00,23.01,83.7
Kutaisi,42.8129,42.3921,2026-12-13T15:00:00+00:00,7.08,30.13
Tbilisi,42.2326,43.1446,2026-12-13T16:00:00+00:00,21.01,81.11
Kutaisi,41.5472,44.9385,2026-12-13T17:00:00+00:00,11.66,79.16
Telavi,42.5112,43.4212,2026-12-13T18:00:00+00:00,31.46,72.33
Batumi,42.4004,43.9727,2026-12-13T19:00:00+00:00,17.93,58.26
Tbilisi,42.0934,45.7821,2026-12-13T20:00:00+00:00,24.18,80.64
Telavi,42.6667,41.7273,2026-12-13T21:00:00+00:00,5.86,51.0
Telavi,42.0339,45.9764,2026-12-13T22:00:00+00:00,26.49,78.78
Batumi,42.8382,44.133,2026-12-13T23:00:00+00:00,32.89,58.21
Batumi,42.3978,43.9088,2026-12-14T00:00:00+00:00,22.86,58.47
Kutaisi,42.8606,42.9058,2026-12-14T01:00:00+00:00,7.49,82.48
Tbilisi,41.6547,43.9418,2026-12-14T02:00:00+00:00,34.16,76.25
Tbilisi,41.2213,44.0685,2026-12-14T03:00:00+00:00,23.9,67.57
Tbilisi,42.6896,44.9052,2026-12-14T04:00:00+00:00,34.79,37.25
Telavi,42.7783,41.2224,2026-12-14T05:00:00+00:00,-0.46,53.21
Telavi,42.3655,41.3093,2026-12-14T06:00:00+00:00,28.3,57.65
Telavi,41.4143,42.5719,2026-12-14T07:00:00+00:00,11.43,69.65
Batumi,41.2,43.8963,2026-12-14T08:00:00+00:00,8.11,61.96
Telavi,41.971,41.2458,2026-12-14T09:00:00+00:00,18.76,65.59
Kutaisi,42.614,42.4936,2026-12-14T10:00:00+00:00,33.85,37.52
Tbilisi,41.5866,42.8817,2026-12-14T11:00:00+00:00,10.0,80.56
Telavi,41.8627,43.0523,2026-12-14T12:00:00+00:00,8.07,50.51
Batumi,41.0287,44.9525,2026-12-14T13:00:00+00:00,7.43,49.65
Kutaisi,41.9801,43.2155,2026-12-14T14:00:00+00:00,16.5,22.04
Telavi,42.565,42.5426,2026-12-14T15:00:00+00:00,7.76,35.45
Tbilisi,41.8503,42.2126,2026-12-14T16:00:00+00:00,26.29,38.07
Telavi,42.7518,44.9164,2026-12-14T17:00:00+00:00,29.17,32.9
Telavi,41.673,42.446,2026-12-14T18:00:00+00:00,-0.66,64.28
Kutaisi,41.4578,41.2685,2026-12-14T19:00:00+00:00,22.79,67.27
Batumi,42.7112,41.5921,2026-12-14T20:00:00+00:00,1.09,32.67
Telavi,41.8564,45.4068,2026-12-14T21:00:00+00:00,22.76,53.18
Telavi,41.2687,42.58,2026-12-14T22:00:00+00:00,-2.31,21.94
Tbilisi,41.3538,44.5457,2026-12-14T23:00:00+00:00,-1.0,46.08
Kutaisi,42.0668,43.5853,2026-12-15T00:00:00+00:00,10.53,24.2
Tbilisi,41.2167,43.944,2026-12-15T01:00:00+00:00,34.28,53.68
Telavi,42.9833,41.6393,2026-12-15T02:00:00+00:00,29.98,32.1
Kutaisi,41.8882,44.928,2026-12-15T03:00:00+00:00,-4.46,76.13
Telavi,41.2698,44.5914,2026-12-15T04:00:00+00:00,26.7,79.69
Telavi,41.1523,44.6522,2026-12-15T05:00:00+00:00,31.78,23.74
Kutaisi,41.4576,44.7986,2026-12-15T06:00:00+00:00,14.15,35.96
Kutaisi,42.3929,44.6475,2026-12-15T07:00:00+00:00,29.66,57.26
Telavi,42.1082,45.8685,2026-12-15T08:00:00+00:00,20.42,45.79
Kutaisi,42.896,41.8741,2026-12-15T09:00:00+00:00,0.12,67.02
Batumi,42.0069,45.3932,2026-12-15T10:00:00+00:00,9.48,72.67
Kutaisi,41.0943,44.3791,2026-12-15T11:00:00+00:00,12.17,41.39
Kutaisi,41.5704,43.3361,2026-12-15T12:00:00+00:00,24.59,80.89
Tbilisi,41.2228,45.7223,2026-12-15T13:00:00+00:00,1.17,69.9
Telavi,41.5709,43.6863,2026-12-15T14:00:00+00:00,25.61,71.17
Telavi,42.3643,44.104,2026-12-15T15:00:00+00:00,27.62,25.94
Telavi,42.8023,42.9907,2026-12-15T16:00:00+00:00,3.25,66.51
Batumi,41.9786,41.1535,2026-12-15T17:00:00+00:00,29.7,58.86
Telavi,42.3702,45.0982,2026-12-15T18:00:00+00:00,30.91,44.75
Tbilisi,42.3101,41.3039,2026-12-15T19:00:00+00:00,28.87,62.47
Telavi,42.9246,45.1335,2026-12-15T20:00:00+00:00,5.2,70.03
Batumi,41.0664,44.0444,2026-12-15T21:00:00+00:00,26.71,36.07
Batumi,41.5335,45.469,2026-12-15T22:00:00+00:00,8.24,36.07
Kutaisi,41.0236,45.2892,2026-12-15T23:00:00+00:00,29.53,75.15
Tbilisi,42.0294,44.5758,2026-12-16T00:00:00+00:00,10.85,53.19
Kutaisi,42.0284,41.3348,2026-12-16T01:00:00+00:00,12.0,89.22
Kutaisi,41.5082,45.5839,2026-12-16T02:00:00+00:00,33.22,38.32
Telavi,41.107,43.6587,2026-12-16T03:00:00+00:00,27.78,81.53
Tbilisi,41.9502,44.0977,2026-12-16T04:00:00+00:00,13.01,74.9
Tbilisi,41.0311,44.4312,2026-12-16T05:00:00+00:00,25.23,76.03
Kutaisi,41.4818,43.9788,2026-12-16T06:00:00+00:00,0.88,51.95
Kutaisi,42.7483,44.6767,2026-12-16T07:00:00+00:00,27.16,59.75
Telavi,42.9763,43.6385,2026-12-16T08:00:00+00:00,26.06,81.94
Tbilisi,41.6122,45.9264,2026-12-16T09:00:00+00:00,14.25,69.22
Telavi,41.2093,45.1987,2026-12-16T10:00:00+00:00,22.24,37.77
Batumi,41.0729,41.4477,2026-12-16T11:00:00+00:00,24.16,61.88
Telavi,42.4209,41.8751,2026-12-16T12:00:00+00:00,0.29,34.26
Batumi,42.1848,41.8137,2026-12-16T13:00:00+00:00,4.42,59.76
Tbilisi,41.3019,41.5636,2026-12-16T14:00:00+00:00,20.84,58.48
Tbilisi,41.7838,45.0846,2026-12-16T15:00:00+00:00,32.75,59.66
Batumi,42.0342,43.5734,2026-12-16T16:00:00+00:00,-3.02,60.47
Batumi,41.3356,41.6056,2026-12-16T17:00:00+00:00,27.65,21.04
Batumi,41.3515,41.0106,2026-12-16T18:00:00+00:00,-2.48,56.54
Telavi,41.8679,41.5731,2026-12-16T19:00:00+00:00,31.4,55.55
Telavi,42.4297,41.6085,2026-12-16T20:00:00+00:00,16.91,77.25
Batumi,41.7453,44.9843,2026-12-16T21:00:00+00:00,6.55,84.21
Batumi,42.7955,42.4468,2026-12-16T22:00:00+00:00,7.77,37.08
Tbilisi,42.1793,44.7756,2026-12-16T23:00:00+00:00,26.45,39.35
Batumi,41.39,42.5467,2026-12-17T00:00:00+00:00,29.65,61.21
Tbilisi,41.0697,41.9928,2026-12-17T01:00:00+00:00,25.92,21.18
Telavi,42.832,41.0175,2026-12-17T02:00:00+00:00,27.69,39.53
Kutaisi,42.905,43.9416,2026-12-17T03:00:00+00:00,12.5,25.22
Tbilisi,42.8059,41.2304,2026-12-17T04:00:00+00:00,12.31,82.78
Telavi,41.8442,41.4601,2026-12-17T05:00:00+00:00,-4.48,65.31
Kutaisi,41.5982,41.4327,2026-12-17T06:00:00+00:00,-1.39,78.85
Batumi,42.9736,41.0079,2026-12-17T07:00:00+00:00,12.88,42.68
Telavi,42.2282,45.612,2026-12-17T08:00:00+00:00,18.66,74.07
Telavi,41.0839,44.0759,2026-12-17T09:00:00+00:00,9.69,59.32
Batumi,41.8598,43.7412,2026-12-17T10:00:00+00:00,6.77,29.86
Telavi,41.3186,44.0347,2026-12-17T11:00:00+00:00,26.4,56.96
Telavi,42.1161,43.6002,2026-12-17T12:00:00+00:00,20.41,28.28
Telavi,42.5632,41.3632,2026-12-17T13:00:00+00:00,-3.77,76.2
Telavi,41.3612,43.2677,2026-12-17T14:00:00+00:00,-1.9,51.81
Telavi,41.0467,43.9735,2026-12-17T15:00:00+00:00,0.06,86.03
Batumi,41.8632,44.5077,2026-12-17T16:00:00+00:00,34.53,51.82
Batumi,41.7603,42.5136,2026-12-17T17:00:00+00:00,-1.85,79.83
Kutaisi,42.869,45.7037,2026-12-17T18:00:00+00:00,26.36,45.28
Kutaisi,42.943,41.5889,2026-12-17T19:00:00+00:00,14.47,40.36
Tbilisi,42.3419,41.6898,2026-12-17T20:00:00+00:00,6.87,62.15
Tbilisi,41.1931,44.3649,2026-12-17T21:00:00+00:00,28.39,58.6
Kutaisi,41.1838,44.5639,2026-12-17T22:00:00+00:00,11.11,29.64
Kutaisi,41.3541,41.7046,2026-12-17T23:00:00+00:00,32.72,43.4
Tbilisi,41.8986,45.0558,2026-12-18T00:00:00+00:00,30.27,83.94
Kutaisi,42.442,42.8322,2026-12-18T01:00:00+00:00,31.65,27.37
Kutaisi,42.362,42.8642,2026-12-18T02:00:00+00:00,28.34,23.18
Telavi,42.559,41.6321,2026-12-18T03:00:00+00:00,28.8,29.91
Kutaisi,41.9939,41.0003,2026-12-18T04:00:00+00:00,17.98,85.67
Tbilisi,41.1267,42.9965,2026-12-18T05:00:00+00:00,32.01,82.89
Telavi,41.5502,41.2642,2026-12-18T06:00:00+00:00,1.87,77.91
Kutaisi,42.6952,43.35,2026-12-18T07:00:00+00:00,2.11,31.41
Kutaisi,42.7748,45.4274,2026-12-18T08:00:00+00:00,6.2,24.09
Telavi,42.0403,45.7266,2026-12-18T09:00:00+00:00,27.67,32.79
Kutaisi,42.4342,42.2019,2026-12-18T10:00:00+00:00,0.45,49.38
Telavi,42.8832,43.7112,2026-12-18T11:00:00+00:00,32.25,74.07
Tbilisi,41.9629,41.2946,2026-12-18T12:00:00+00:00,9.06,59.37
Tbilisi,41.1829,43.8718,2026-12-18T13:00:00+00:00,33.99,62.73
Telavi,42.7718,41.546,2026-12-18T14:00:00+00:00,27.65,26.03
Batumi,41.8548,44.7377,2026-12-18T15:00:00+00:00,-3.26,45.39
Telavi,41.1065,43.8476,2026-12-18T16:00:00+00:00,2.98,22.3
Tbilisi,42.6193,43.9682,2026-12-18T17:00:00+00:00,22.22,20.32
Telavi,41.5129,44.5033,2026-12-18T18:00:00+00:00,34.52,26.06
Kutaisi,42.1235,42.6361,2026-12-18T19:00:00+00:00,6.72,76.75
Batumi,42.5949,43.6095,2026-12-18T20:00:00+00:00,11.53,58.87
Batumi,42.7304,43.0606,2026-12-18T21:00:00+00:00,0.26,38.0
Telavi,42.532,43.0671,2026-12-18T22:00:00+00:00,24.31,87.15
Batumi,42.9548,42.0109,2026-12-18T23:00:00+00:00,7.43,57.69
Batumi,42.8034,44.6268,2026-12-19T00:00:00+00:00,-2.17,38.05
Tbilisi,41.3075,44.8734,2026-12-19T01:00:00+00:00,21.56,48.23
Batumi,41.1374,45.462,2026-12-19T02:00:00+00:00,3.53,81.72
Kutaisi,41.8757,43.6201,2026-12-19T03:00:00+00:00,30.25,36.94
Batumi,41.8414,41.3024,2026-12-19T04:00:00+00:00,29.48,88.53
Telavi,41.0778,43.1463,2026-12-19T05:00:00+00:00,2.75,58.36
Kutaisi,42.782,45.6547,2026-12-19T06:00:00+00:00,15.14,58.3
Batumi,41.6358,42.1393,2026-12-19T07:00:00+00:00,31.85,75.85
Kutaisi,41.8118,41.6895,2026-12-19T08:00:00+00:00,-3.1,43.38
Telavi,42.6326,45.6351,2026-12-19T09:00:00+00:00,23.19,47.54
Telavi,42.2397,42.7622,2026-12-19T10:00:00+00:00,9.57,47.79
Batumi,42.1291,44.6459,2026-12-19T11:00:00+00:00,-4.61,22.38
Kutaisi,42.8046,42.6228,2026-12-19T12:00:00+00:00,-3.3,64.03
Kutaisi,42.4612,44.3304,2026-12-19T13:00:00+00:00,19.0,82.26
Tbilisi,42.9021,45.9839,2026-12-19T14:00:00+00:00,13.51,55.53
Telavi,41.1895,45.9314,2026-12-19T15:00:00+00:00,-4.24,43.0
Kutaisi,42.4083,43.2259,2026-12-19T16:00:00+00:00,10.56,68.07
Batumi,41.3364,41.119,2026-12-19T17:00:00+00:00,23.68,45.97
Batumi,41.6303,45.5996,2026-12-19T18:00:00+00:00,5.72,85.83
Batumi,42.9964,45.4648,2026-12-19T19:00:00+00:00,21.67,32.76
Kutaisi,42.5699,45.5005,2026-12-19T20:00:00+00:00,9.29,87.34
Tbilisi,41.3158,43.0884,2026-12-19T21:00:00+00:00,27.5,84.33
Tbilisi,41.639,42.6863,2026-12-19T22:00:00+00:00,29.51,85.14
Kutaisi,42.9332,44.2734,2026-12-19T23:00:00+00:00,22.46,38.17
Kutaisi,41.064,42.4126,2026-12-20T00:00:00+00:00,33.23,54.46
Telavi,42.4084,45.2226,2026-12-20T01:00:00+00:00,13.55,58.55
Kutaisi,42.4166,43.9494,2026-12-20T02:00:00+00:00,9.65,21.96
Batumi,42.3329,45.1462,2026-12-20T03:00:00+00:00,-3.07,88.78
Kutaisi,42.9148,44.1102,2026-12-20T04:00:00+00:00,33.79,74.1
Tbilisi,41.4065,45.4863,2026-12-20T05:00:00+00:00,-0.26,39.42
Batumi,42.8754,45.3914,2026-12-20T06:00:00+00:00,12.14,55.45
Kutaisi,41.1288,43.7138,2026-12-20T07:00:00+00:00,20.07,83.69
Batumi,42.981,42.6841,2026-12-20T08:00:00+00:00,19.61,82.43
Kutaisi,41.6922,44.7502,2026-12-20T09:00:00+00:00,31.37,68.02
Kutaisi,41.293,42.8067,2026-12-20T10:00:00+00:00,-2.17,24.15
Telavi,42.1388,43.888,2026-12-20T11:00:00+00:00,20.77,47.84
Telavi,42.8858,45.5442,2026-12-20T12:00:00+00:00,16.9,25.16
Telavi,42.4343,43.3875,2026-12-20T13:00:00+00:00,-3.24,68.68
Batumi,42.9922,43.5048,2026-12-20T14:00:00+00:00,22.78,28.77
Batumi,42.3244,43.8514,2026-12-20T15:00:00+00:00,6.56,60.67
Kutaisi,42.7238,41.1026,2026-12-20T16:00:00+00:00,10.71,52.09
Batumi,41.6683,41.0402,2026-12-20T17:00:00+00:00,1.43,44.36
Tbilisi,41.1458,42.0626,2026-12-20T18:00:00+00:00,10.18,37.86
Telavi,41.3673,41.5288,2026-12-20T19:00:00+00:00,16.49,32.86
Tbilisi,42.2555,44.3075,2026-12-20T20:00:00+00:00,17.91,74.54
Batumi,42.5786,42.5386,2026-12-20T21:00:00+00:00,29.24,24.88
Tbilisi,42.1426,44.2158,2026-12-20T22:00:00+00:00,30.69,78.73
Tbilisi,41.7123,41.0281,2026-12-20T23:00:00+00:00,25.57,57.87
Telavi,42.0209,42.2149,2026-12-21T00:00:00+00:00,1.06,83.2
Tbilisi,41.7681,43.2204,2026-12-21T01:00:00+00:00,26.78,63.14
Tbilisi,41.5632,44.3917,2026-12-21T02:00:00+00:00,33.31,84.65
Telavi,41.6682,45.3823,2026-12-21T03:00:00+00:00,17.5,75.3
Telavi,41.6466,43.828,2026-12-21T04:00:00+00:00,2.44,31.97
Telavi,41.6234,42.9762,2026-12-21T05:00:00+00:00,4.24,79.02
Telavi,42.3421,45.4115,2026-12-21T06:00:00+00:00,26.89,81.93
Batumi,41.9151,42.7686,2026-12-21T07:00:00+00:00,2.46,37.91
Telavi,42.7799,44.4745,2026-12-21T08:00:00+00:00,0.04,83.51
Tbilisi,41.1817,42.7213,2026-12-21T09:00:00+00:00,1.48,69.96
Tbilisi,41.3619,43.1572,2026-12-21T10:00:00+00:00,33.3,26.93
Batumi,41.1351,45.5345,2026-12-21T11:00:00+00:00,15.98,28.71
Telavi,42.4456,44.432,2026-12-21T12:00:00+00:00,17.62,50.36
Tbilisi,42.0063,42.0572,2026-12-21T13:00:00+00:00,9.86,58.52
Tbilisi,42.4607,45.4036,2026-12-21T14:00:00+00:00,17.76,52.46
Telavi,41.335,44.4537,2026-12-21T15:00:00+00:00,10.27,56.17
Tbilisi,42.5008,44.8656,2026-12-21T16:00:00+00:00,31.69,53.51
Batumi,41.1343,45.8954,2026-12-21T17:00:00+00:00,19.35,30.82
Telavi,42.7984,45.0185,2026-12-21T18:00:00+00:00,6.04,87.3
Kutaisi,42.7325,44.2868,2026-12-21T19:00:00+00:00,34.82,29.67
Telavi,41.325,41.2699,2026-12-21T20:00:00+00:00,17.05,63.05
Batumi,42.2505,45.1934,2026-12-21T21:00:00+00:00,4.15,66.37
Batumi,41.1183,41.4434,2026-12-21T22:00:00+00:00,6.15,89.12
Batumi,42.4623,45.6228,2026-12-21T23:00:00+00:00,29.41,72.34
Tbilisi,41.8429,45.7674,2026-12-22T00:00:00+00:00,9.4,62.17
Batumi,42.4022,44.3656,2026-12-22T01:00:00+00:00,24.43,71.44
Batumi,41.0722,42.0393,2026-12-22T02:00:00+00:00,-2.97,85.6
Batumi,41.438,41.656,2026-12-22T03:00:00+00:00,23.68,54.86
Batumi,42.3909,41.5162,2026-12-22T04:00:00+00:00,9.92,33.58
Batumi,42.0067,43.0896,2026-12-22T05:00:00+00:00,30.45,48.5
Telavi,41.3941,44.4109,2026-12-22T06:00:00+00:00,28.0,44.11
Batumi,42.8698,43.1999,2026-12-22T07:00:00+00:00,13.38,47.85
Tbilisi,42.2222,42.1212,2026-12-22T08:00:00+00:00,25.72,67.87
Batumi,42.9813,41.4483,2026-12-22T09:00:00+00:00,22.31,76.91
Tbilisi,41.9394,42.8906,2026-12-22T10:00:00+00:00,19.32,80.24
Batumi,42.1641,45.7789,2026-12-22T11:00:00+00:00,3.73,86.09
Tbilisi,41.5273,45.2107,2026-12-22T12:00:00+00:00,24.67,77.48
Tbilisi,42.2402,42.9594,2026-12-22T13:00:00+00:00,1.03,25.68
Batumi,42.8778,43.099,2026-12-22T14:00:00+00:00,-4.44,23.91
Telavi,42.1144,42.8429,2026-12-22T15:00:00+00:00,28.65,78.9
Telavi,41.921,44.7657,2026-12-22T16:00:00+00:00,30.64,46.82
Telavi,42.8597,41.4206,2026-12-22T17:00:00+00:00,15.49,47.56
Kutaisi,41.1209,43.9061,2026-12-22T18:00:00+00:00,26.15,74.83
Kutaisi,42.3121,43.2049,2026-12-22T19:00:00+00:00,12.26,88.58
Kutaisi,42.2093,41.9428,2026-12-22T20:00:00+00:00,3.99,49.18
Tbilisi,41.6046,44.0226,2026-12-22T21:00:00+00:00,1.69,33.28
Batumi,41.7707,43.1692,2026-12-22T22:00:00+00:00,28.36,26.19
Batumi,41.5115,44.9292,2026-12-22T23:00:00+00:00,21.62,84.37
Kutaisi,42.8817,43.774,2026-12-23T00:00:00+00:00,7.82,67.15
Tbilisi,42.3584,45.2508,2026-12-23T01:00:00+00:00,20.45,86.85
Telavi,42.8983,43.9706,2026-12-23T02:00:00+00:00,22.49,26.87
Telavi,41.295,42.2005,2026-12-23T03:00:00+00:00,7.45,77.45
Tbilisi,42.316,43.8545,2026-12-23T04:00:00+00:00,10.21,35.44
Kutaisi,42.61,45.4368,2026-12-23T05:00:00+00:00,23.81,87.37
Kutaisi,42.8945,45.8705,2026-12-23T06:00:00+00:00,2.47,45.59
Tbilisi,41.7293,42.1793,2026-12-23T07:00:00+00:00,4.82,86.45
Tbilisi,42.6178,42.2044,2026-12-23T08:00:00+00:00,-1.85,78.41
Telavi,41.8113,42.8693,2026-12-23T09:00:00+00:00,23.75,45.89
Telavi,42.5567,42.952,2026-12-23T10:00:00+00:00,22.59,67.26
Telavi,41.6617,43.2677,2026-12-23T11:00:00+00:00,18.47,82.64
Kutaisi,42.4435,45.7137,2026-12-23T12:00:00+00:00,31.65,43.49
Batumi,41.721,42.1996,2026-12-23T13:00:00+00:00,9.83,53.05
Kutaisi,41.7861,45.656,2026-12-23T14:00:00+00:00,18.79,55.2
Tbilisi,41.8618,45.5297,2026-12-23T15:00:00+00:00,0.06,32.4
Kutaisi,41.7399,43.6774,2026-12-23T16:00:00+00:00,31.33,60.09
Kutaisi,42.0161,45.0738,2026-12-23T17:00:00+00:00,2.41,47.94
Batumi,41.6462,45.6998,2026-12-23T18:00:00+00:00,18.03,47.8
Telavi,41.3634,45.2672,2026-12-23T19:00:00+00:00,4.58,51.72
Kutaisi,41.2734,42.8397,2026-12-23T20:00:00+00:00,23.7,89.11
Kutaisi,41.3632,41.6127,2026-12-23T21:00:00+00:00,27.55,23.68
Kutaisi,42.3013,43.9176,2026-12-23T22:00:00+00:00,4.91,82.81
Telavi,42.6332,42.505,2026-12-23T23:00:00+00:00,7.67,41.63
Tbilisi,41.9056,43.0632,2026-12-24T00:00:00+00:00,21.31,52.05
Tbilisi,42.9221,44.4033,2026-12-24T01:00:00+00:00,-4.28,57.39
Tbilisi,41.9914,43.6542,2026-12-24T02:00:00+00:00,9.25,31.69
Tbilisi,41.1588,44.6494,2026-12-24T03:00:00+00:00,12.87,84.13
Kutaisi,41.6367,42.0456,2026-12-24T04:00:00+00:00,27.63,66.06
Batumi,41.8659,45.5292,2026-12-24T05:00:00+00:00,26.9,38.18
Telavi,41.0972,43.4861,2026-12-24T06:00:00+00:00,20.71,31.45
Tbilisi,42.383,43.0546,2026-12-24T07:00:00+00:00,8.66,71.94
Batumi,41.4451,43.2235,2026-12-24T08:00:00+00:00,13.12,60.41
Telavi,42.3639,43.0337,2026-12-24T09:00:00+00:00,2.8,20.24
Kutaisi,42.8221,44.2285,2026-12-24T10:00:00+00:00,-3.13,73.42
Kutaisi,42.6306,45.0684,2026-12-24T11:00:00+00:00,32.3,24.4
Kutaisi,41.651,43.5957,2026-12-24T12:00:00+00:00,34.36,22.55
Batumi,41.9677,44.4121,2026-12-24T13:00:00+00:00,24.18,24.6
Batumi,41.6396,44.3128,2026-12-24T14:00:00+00:00,32.81,28.39
Tbilisi,42.2084,42.1335,2026-12-24T15:00:00+00:00,17.95,75.42
Batumi,42.5261,43.6454,2026-12-24T16:00:00+00:00,20.1,26.08
Batumi,42.8169,41.9923,2026-12-24T17:00:00+00:00,2.92,63.57
Kutaisi,42.4184,43.5905,2026-12-24T18:00:00+00:00,10.63,83.45
Tbilisi,42.2019,41.9324,2026-12-24T19:00:00+00:00,24.05,79.92
Batumi,41.6879,44.5957,2026-12-24T20:00:00+00:00,33.65,44.66
Batumi,42.8191,41.7418,2026-12-24T21:00:00+00:00,1.03,68.53
Telavi,41.4537,44.0797,2026-12-24T22:00:00+00:00,30.74,62.24
Batumi,41.0028,42.818,2026-12-24T23:00:00+00:00,13.95,68.54
Batumi,42.5637,42.1275,2026-12-25T00:00:00+00:00,4.07,49.88
Kutaisi,42.944,43.3477,2026-12-25T01:00:00+00:00,-1.33,23.43
Telavi,41.0911,41.9372,2026-12-25T02:00:00+00:00,19.29,75.15
Tbilisi,42.529,45.0346,2026-12-25T03:00:00+00:00,28.19,33.99
Tbilisi,41.1973,43.457,2026-12-25T04:00:00+00:00,1.24,26.98
Batumi,42.7859,43.7914,2026-12-25T05:00:00+00:00,17.41,87.33
Tbilisi,42.9273,43.465,2026-12-25T06:00:00+00:00,26.75,64.12
Kutaisi,42.0683,42.2914,2026-12-25T07:00:00+00:00,11.1,34.02
Telavi,42.5075,41.6551,2026-12-25T08:00:00+00:00,3.39,87.89
Batumi,42.9643,45.9124,2026-12-25T09:00:00+00:00,0.67,31.3
Tbilisi,42.2695,44.7719,2026-12-25T10:00:00+00:00,6.68,89.8
Kutaisi,42.1204,44.3518,2026-12-25T11:00:00+00:00,24.62,30.8
Batumi,41.3573,45.7918,2026-12-25T12:00:00+00:00,11.2,46.39
Kutaisi,41.4221,44.2804,2026-12-25T13:00:00+00:00,31.01,36.96
Telavi,42.729,42.2232,2026-12-25T14:00:00+00:00,29.2,28.03
Tbilisi,41.5431,44.4184,2026-12-25T15:00:00+00:00,14.67,27.32
Batumi,41.0126,44.345,2026-12-25T16:00:00+00:00,4.16,59.12
Kutaisi,42.5443,44.266,2026-12-25T17:00:00+00:00,7.96,20.95
Tbilisi,41.4395,42.9268,2026-12-25T18:00:00+00:00,11.05,24.01
Kutaisi,42.3279,42.1462,2026-12-25T19:00:00+00:00,28.13,53.15
Kutaisi,41.7722,42.5692,2026-12-25T20:00:00+00:00,6.07,53.33
Kutaisi,41.6368,43.8434,2026-12-25T21:00:00+00:00,26.97,85.57
Tbilisi,41.7366,43.1406,2026-12-25T22:00:00+00:00,23.82,25.04
Kutaisi,41.6599,42.3581,2026-12-25T23:00:00+00:00,17.78,66.94
Telavi,42.1849,42.0576,2026-12-26T00:00:00+00:00,7.84,58.3
Kutaisi,42.6097,41.301,2026-12-26T01:00:00+00:00,27.14,76.78
Tbilisi,41.5072,43.173,2026-12-26T02:00:00+00:00,1.33,21.04
Telavi,41.1922,44.6448,2026-12-26T03:00:00+00:00,-1.41,41.52
Batumi,42.1431,44.7595,2026-12-26T04:00:00+00:00,12.2,86.26
Telavi,41.9255,43.8326,2026-12-26T05:00:00+00:00,13.16,22.54
Telavi,41.4312,41.8249,2026-12-26T06:00:00+00:00,14.62,53.87
Tbilisi,42.5958,45.9254,2026-12-26T07:00:00+00:00,2.41,50.65
Telavi,42.3499,41.1416,2026-12-26T08:00:00+00:00,33.37,68.68
Telavi,42.2975,43.1018,2026-12-26T09:00:00+00:00,4.49,64.62
Batumi,42.8814,44.4247,2026-12-26T10:00:00+00:00,31.0,68.88
Kutaisi,41.406,44.0131,2026-12-26T11:00:00+00:00,20.2,46.76
Kutaisi,41.3768,45.7691,2026-12-26T12:00:00+00:00,21.88,74.99
Kutaisi,41.3634,41.6234,2026-12-26T13:00:00+00:00,-3.17,28.47
Tbilisi,41.7039,41.1176,2026-12-26T14:00:00+00:00,8.96,76.53
Kutaisi,42.9864,43.8152,2026-12-26T15:00:00+00:00,13.24,84.52
Telavi,41.0138,41.2497,2026-12-26T16:00:00+00:00,0.61,87.77
Telavi,41.7913,42.5459,2026-12-26T17:00:00+00:00,21.62,50.47
Telavi,41.5955,43.2391,2026-12-26T18:00:00+00:00,13.01,41.67
Tbilisi,41.8396,42.0065,2026-12-26T19:00:00+00:00,30.62,49.86
Tbilisi,41.5139,42.6531,2026-12-26T20:00:00+00:00,-4.08,37.1
Kutaisi,42.3981,43.3513,2026-12-26T21:00:00+00:00,-3.49,71.74
Kutaisi,42.1301,44.0823,2026-12-26T22:00:00+00:00,33.52,50.9
Tbilisi,42.7655,43.8272,2026-12-26T23:00:00+00:00,9.32,59.85
Telavi,41.4455,42.0294,2026-12-27T00:00:00+00:00,22.79,61.55
Tbilisi,41.3585,42.7488,2026-12-27T01:00:00+00:00,1.46,31.28
Telavi,42.3488,43.1328,2026-12-27T02:00:00+00:00,4.39,25.49
Kutaisi,42.2282,45.5808,2026-12-27T03:00:00+00:00,19.83,59.17
Kutaisi,42.2234,42.7434,2026-12-27T04:00:00+00:00,6.27,66.02
Batumi,41.5971,42.652,2026-12-27T05:00:00+00:00,5.47,83.08
Kutaisi,42.4907,42.537,2026-12-27T06:00:00+00:00,5.3,25.11
Kutaisi,42.224,42.9776,2026-12-27T07:00:00+00:00,32.12,61.24
Batumi,42.6676,45.7237,2026-12-27T08:00:00+00:00,5.34,60.48
Kutaisi,41.4528,45.4046,2026-12-27T09:00:00+00:00,30.08,38.47
Batumi,41.2922,41.2387,2026-12-27T10:00:00+00:00,8.13,49.41
Telavi,42.4471,42.0926,2026-12-27T11:00:00+00:00,18.02,77.23
Kutaisi,41.1995,41.7885,2026-12-27T12:00:00+00:00,33.69,89.84
Telavi,41.2582,44.4564,2026-12-27T13:00:00+00:00,-0.39,53.51
Tbilisi,41.9579,42.5068,2026-12-27T14:00:00+00:00,29.07,44.34
Kutaisi,42.2606,44.9218,2026-12-27T15:00:00+00:00,9.82,53.08
Batumi,42.7183,41.6283,2026-12-27T16:00:00+00:00,4.78,23.0
Kutaisi,42.1334,45.2413,2026-12-27T17:00:00+00:00,10.26,24.49
Batumi,42.1331,45.1148,2026-12-27T18:00:00+00:00,0.66,71.61
Kutaisi,41.2133,44.8939,2026-12-27T19:00:00+00:00,3.16,80.46
Kutaisi,42.7169,45.3216,2026-12-27T20:00:00+00:00,16.15,61.64
Batumi,41.6615,42.6869,2026-12-27T21:00:00+00:00,22.1,52.99
Tbilisi,42.1108,43.1512,2026-12-27T22:00:00+00:00,27.25,84.59
Batumi,42.8888,42.3055,2026-12-27T23:00:00+00:00,9.42,40.88
Kutaisi,42.3915,42.9827,2026-12-28T00:00:00+00:00,3.85,25.07
Kutaisi,41.0961,42.0235,2026-12-28T01:00:00+00:00,30.61,33.33
Telavi,41.3151,44.3537,2026-12-28T02:00:00+00:00,0.43,80.06
Batumi,41.6201,42.4638,2026-12-28T03:00:00+00:00,5.6,34.55
Tbilisi,41.0374,42.16,2026-12-28T04:00:00+00:00,13.03,60.56
Telavi,42.5629,43.7014,2026-12-28T05:00:00+00:00,-3.88,58.65
Kutaisi,42.4215,45.4859,2026-12-28T06:00:00+00:00,17.76,39.64
Tbilisi,41.306,45.0236,2026-12-28T07:00:00+00:00,-1.41,66.39
Telavi,41.8763,42.4302,2026-12-28T08:00:00+00:00,13.63,33.18
Tbilisi,41.6042,45.2074,2026-12-28T09:00:00+00:00,-2.66,35.99
Kutaisi,42.8945,41.8168,2026-12-28T10:00:00+00:00,27.6,62.67
Kutaisi,41.8442,42.6917,2026-12-28T11:00:00+00:00,12.94,43.57
Batumi,41.3979,41.6674,2026-12-28T12:00:00+00:00,34.76,63.65
Batumi,41.0186,41.0812,2026-12-28T13:00:00+00:00,8.21,60.15
Tbilisi,41.4311,45.3891,2026-12-28T14:00:00+00:00,4.19,35.36
Kutaisi,41.8166,43.2049,2026-12-28T15:00:00+00:00,24.36,28.6
Telavi,42.5666,42.826,2026-12-28T16:00:00+00:00,27.63,50.63
Telavi,41.284,43.3919,2026-12-28T17:00:00+00:00,19.4,72.56
Kutaisi,41.4982,44.742,2026-12-28T18:00:00+00:00,1.94,64.92
Batumi,41.1121,45.7078,2026-12-28T19:00:00+00:00,1.92,36.16
Kutaisi,42.6321,41.8531,2026-12-28T20:00:00+00:00,-3.84,38.96
Batumi,41.0933,43.7009,2026-12-28T21:00:00+00:00,13.34,86.26
Tbilisi,41.1817,44.5885,2026-12-28T22:00:00+00:00,33.3,66.33
Batumi,41.5853,45.4054,2026-12-28T23:00:00+00:00,-2.66,77.0
Telavi,42.8326,42.2947,2026-12-29T00:00:00+00:00,30.32,52.38
Tbilisi,42.6634,43.3814,2026-12-29T01:00:00+00:00,20.44,54.66
Kutaisi,41.8278,44.1115,2026-12-29T02:00:00+00:00,28.3,85.5
Batumi,42.8513,41.2502,2026-12-29T03:00:00+00:00,9.39,57.91
Telavi,41.3082,44.3882,2026-12-29T04:00:00+00:00,20.16,43.76
Tbilisi,41.3598,42.5833,2026-12-29T05:00:00+00:00,-3.4,86.9
Kutaisi,41.7706,44.7912,2026-12-29T06:00:00+00:00,6.27,37.83
Batumi,42.8943,43.4273,2026-12-29T07:00:00+00:00,20.09,51.6
Tbilisi,42.5889,41.4986,2026-12-29T08:00:00+00:00,-1.62,88.55
Tbilisi,42.0618,45.8301,2026-12-29T09:00:00+00:00,-3.32,68.78
Telavi,42.6147,44.7137,2026-12-29T10:00:00+00:00,-3.0,84.14
Tbilisi,41.9088,41.2474,2026-12-29T11:00:00+00:00,27.98,40.39
Tbilisi,42.5959,45.6627,2026-12-29T12:00:00+00:00,18.93,44.68
Kutaisi,42.3889,41.891,2026-12-29T13:00:00+00:00,7.73,82.0
Tbilisi,41.988,41.8633,2026-12-29T14:00:00+00:00,0.68,54.46
Telavi,42.4969,42.2489,2026-12-29T15:00:00+00:00,17.3,32.73
Tbilisi,41.7214,42.4463,2026-12-29T16:00:00+00:00,0.77,46.3
Telavi,42.3583,44.4255,2026-12-29T17:00:00+00:00,5.43,81.53
Telavi,42.7,41.9618,2026-12-29T18:00:00+00:00,2.81,71.52
Batumi,41.4047,42.4495,2026-12-29T19:00:00+00:00,7.08,81.4
Tbilisi,41.6095,45.2031,2026-12-29T20:00:00+00:00,14.96,61.95
Kutaisi,41.0235,43.3231,2026-12-29T21:00:00+00:00,27.18,20.72
Kutaisi,42.2277,42.8876,2026-12-29T22:00:00+00:00,15.3,44.46
Kutaisi,41.3789,44.4094,2026-12-29T23:00:00+00:00,14.87,63.67
Batumi,41.7945,44.1733,2026-12-30T00:00:00+00:00,3.37,86.33
Kutaisi,41.8282,42.34,2026-12-30T01:00:00+00:00,13.09,54.86
Kutaisi,42.5896,41.8001,2026-12-30T02:00:00+00:00,9.35,30.75
Telavi,41.1611,42.9968,2026-12-30T03:00:00+00:00,16.71,29.92
Batumi,41.0556,42.8444,2026-12-30T04:00:00+00:00,24.01,31.04
Kutaisi,41.2341,42.6129,2026-12-30T05:00:00+00:00,29.59,85.03
Telavi,41.4367,41.7582,2026-12-30T06:00:00+00:00,7.71,73.02
Telavi,41.4652,42.2218,2026-12-30T07:00:00+00:00,21.74,76.87
Telavi,41.3447,44.1121,2026-12-30T08:00:00+00:00,6.87,73.48
Batumi,41.0855,42.8849,2026-12-30T09:00:00+00:00,8.41,38.14
Tbilisi,42.2926,43.7561,2026-12-30T10:00:00+00:00,-1.12,34.33
Tbilisi,41.4461,43.6915,2026-12-30T11:00:00+00:00,29.05,23.05
Batumi,42.4087,41.7852,2026-12-30T12:00:00+00:00,27.76,25.86
Batumi,41.1887,45.1442,2026-12-30T13:00:00+00:00,26.28,46.05
Kutaisi,42.0227,45.5585,2026-12-30T14:00:00+00:00,-0.49,46.07
Batumi,42.7395,43.7172,2026-12-30T15:00:00+00:00,16.43,89.4
Kutaisi,42.7873,41.5199,2026-12-30T16:00:00+00:00,18.31,57.16
Kutaisi,42.1125,41.2924,2026-12-30T17:00:00+00:00,7.37,41.39
Batumi,42.6743,44.3686,2026-12-30T18:00:00+00:00,-3.3,47.18
Telavi,41.8845,43.6221,2026-12-30T19:00:00+00:00,4.78,41.96
Kutaisi,42.5519,45.7988,2026-12-30T20:00:00+00:00,20.51,39.72
Telavi,42.4979,44.8754,2026-12-30T21:00:00+00:00,-0.25,50.47
Batumi,41.4354,44.2925,2026-12-30T22:00:00+00:00,-0.53,29.86
Telavi,42.6173,41.8952,2026-12-30T23:00:00+00:00,2.73,21.2
Tbilisi,41.0909,41.8155,2026-12-31T00:00:00+00:00,5.12,35.19
Tbilisi,41.5628,43.428,2026-12-31T01:00:00+00:00,15.44,81.6
Tbilisi,41.1801,45.3135,2026-12-31T02:00:00+00:00,12.86,77.78
Telavi,42.1763,43.9703,2026-12-31T03:00:00+00:00,19.52,60.28
Tbilisi,42.3034,43.5684,2026-12-31T04:00:00+00:00,2.97,71.47
Tbilisi,41.114,45.3759,2026-12-31T05:00:00+00:00,11.89,21.47
Batumi,42.4125,41.3119,2026-12-31T06:00:00+00:00,8.91,33.77
Batumi,42.0785,41.967,2026-12-31T07:00:00+00:00,10.84,81.11
Tbilisi,41.6435,41.2321,2026-12-31T08:00:00+00:00,27.38,38.91
Batumi,42.0997,41.0096,2026-12-31T09:00:00+00:00,9.21,68.24
Telavi,42.6849,44.0797,2026-12-31T10:00:00+00:00,21.4,59.52
Tbilisi,41.1193,42.9905,2026-12-31T11:00:00+00:00,22.9,31.48
Telavi,42.5126,45.6678,2026-12-31T12:00:00+00:00,29.31,32.41
Batumi,42.764,43.508,2026-12-31T13:00:00+00:00,30.72,67.12
Batumi,41.429,43.4183,2026-12-31T14:00:00+00:00,31.01,25.83
Kutaisi,42.27,45.4164,2026-12-31T15:00:00+00:00,33.54,83.91
Telavi,41.3541,43.2744,2026-12-31T16:00:00+00:00,4.91,58.65
Tbilisi,41.0016,41.3719,2026-12-31T17:00:00+00:00,1.2,55.41
Batumi,41.4023,42.128,2026-12-31T18:00:00+00:00,19.35,26.94
Batumi,41.6987,41.9342,2026-12-31T19:00:00+00:00,24.49,70.98
Tbilisi,42.0567,42.6268,2026-12-31T20:00:00+00:00,32.52,71.54
Tbilisi,41.8121,45.4783,2026-12-31T21:00:00+00:00,14.72,26.65
Tbilisi,41.845,44.1457,2026-12-31T22:00:00+00:00,9.81,60.74
Tbilisi,42.2696,45.6717,2026-12-31T23:00:00+00:00,15.91,79.94
Kutaisi,41.4947,41.3753,2027-01-01T00:00:00+00:00,0.1,62.47
Telavi,41.2336,45.5911,2027-01-01T01:00:00+00:00,22.79,44.66
Telavi,42.1591,43.6662,2027-01-01T02:00:00+00:00,4.88,68.49
Kutaisi,42.3215,41.891,2027-01-01T03:00:00+00:00,22.02,89.35
Batumi,42.403,42.8844,2027-01-01T04:00:00+00:00,22.84,77.54
Telavi,42.5274,44.0582,2027-01-01T05:00:00+00:00,9.16,78.06
Batumi,41.6473,42.0207,2027-01-01T06:00:00+00:00,19.67,61.52
Batumi,41.6869,42.1176,2027-01-01T07:00:00+00:00,5.91,50.46
Tbilisi,42.528,44.6909,2027-01-01T08:00:00+00:00,30.46,60.55
Tbilisi,41.8901,44.137,2027-01-01T09:00:00+00:00,0.71,63.21
Telavi,42.1805,45.9851,2027-01-01T10:00:00+00:00,-2.48,50.65
Telavi,41.9689,43.8122,2027-01-01T11:00:00+00:00,17.13,61.67
Kutaisi,42.372,43.4902,2027-01-01T12:00:00+00:00,17.37,67.99
Kutaisi,41.8113,41.3763,2027-01-01T13:00:00+00:00,15.36,76.19
Kutaisi,41.2251,43.3102,2027-01-01T14:00:00+00:00,6.56,52.08
Kutaisi,41.4125,44.6654,2027-01-01T15:00:00+00:00,16.46,57.33
Telavi,41.5859,43.9214,2027-01-01T16:00:00+00:00,-3.88,40.3
Tbilisi,42.5847,41.8333,2027-01-01T17:00:00+00:00,20.6,76.43
Tbilisi,41.6533,41.8545,2027-01-01T18:00:00+00:00,28.43,89.06
Batumi,41.7969,45.8059,2027-01-01T19:00:00+00:00,-3.44,48.02
Tbilisi,41.0362,43.7218,2027-01-01T20:00:00+00:00,5.82,78.35
Kutaisi,42.0402,44.8509,2027-01-01T21:00:00+00:00,-4.98,81.41
Batumi,42.7499,45.0225,2027-01-01T22:00:00+00:00,8.2,41.36
Batumi,42.2377,44.6845,2027-01-01T23:00:00+00:00,5.48,79.82
Tbilisi,42.1067,43.08,2027-01-02T00:00:00+00:00,29.62,21.02
Telavi,42.5766,45.576,2027-01-02T01:00:00+00:00,-3.11,34.9
Kutaisi,42.4404,44.7989,2027-01-02T02:00:00+00:00,11.13,61.45
Kutaisi,42.2901,41.0864,2027-01-02T03:00:00+00:00,33.73,45.02
Kutaisi,41.1942,42.3053,2027-01-02T04:00:00+00:00,17.61,77.78
Kutaisi,41.864,43.8474,2027-01-02T05:00:00+00:00,15.11,53.59
Tbilisi,42.3073,43.6541,2027-01-02T06:00:00+00:00,1.48,81.47
Tbilisi,41.0625,44.1551,2027-01-02T07:00:00+00:00,3.16,46.07
Tbilisi,41.0952,42.3569,2027-01-02T08:00:00+00:00,6.83,86.48
Kutaisi,41.2631,43.9765,2027-01-02T09:00:00+00:00,-3.27,53.88
Kutaisi,42.9094,43.7931,2027-01-02T10:00:00+00:00,32.17,77.3
Kutaisi,41.3297,45.7,2027-01-02T11:00:00+00:00,10.11,75.12
Batumi,41.2337,45.5508,2027-01-02T12:00:00+00:00,19.45,50.53
Telavi,41.2739,45.6622,2027-01-02T13:00:00+00:00,25.72,32.9
Batumi,41.2498,41.0396,2027-01-02T14:00:00+00:00,4.44,85.23
Kutaisi,41.8792,41.147,2027-01-02T15:00:00+00:00,14.96,53.63
Telavi,41.6071,42.4429,2027-01-02T16:00:00+00:00,26.42,46.07
Batumi,42.2016,42.6313,2027-01-02T17:00:00+00:00,-1.14,77.69
Batumi,42.0688,42.5627,2027-01-02T18:00:00+00:00,14.56,25.73
Batumi,41.5749,44.6433,2027-01-02T19:00:00+00:00,3.73,31.64
Tbilisi,41.0066,42.2457,2027-01-02T20:00:00+00:00,0.11,32.94
Tbilisi,42.861,41.3399,2027-01-02T21:00:00+00:00,23.69,53.06
Batumi,42.2666,43.3166,2027-01-02T22:00:00+00:00,1.28,74.07
Batumi,42.235,43.7784,2027-01-02T23:00:00+00:00,23.49,42.49
Kutaisi,41.3419,43.9223,2027-01-03T00:00:00+00:00,7.21,67.69
Kutaisi,41.2799,45.2961,2027-01-03T01:00:00+00:00,-0.94,28.1
Kutaisi,41.9785,44.0747,2027-01-03T02:00:00+00:00,12.95,23.83
Tbilisi,42.0582,44.1837,2027-01-03T03:00:00+00:00,9.53,61.95
Kutaisi,41.8965,42.5363,2027-01-03T04:00:00+00:00,13.86,73.53
Batumi,41.7132,41.7057,2027-01-03T05:00:00+00:00,12.53,57.02
Kutaisi,41.2243,44.9474,2027-01-03T06:00:00+00:00,13.45,44.95
Kutaisi,42.4047,45.8999,2027-01-03T07:00:00+00:00,13.38,38.2
Batumi,41.0733,42.1568,2027-01-03T08:00:00+00:00,15.42,22.12
Batumi,41.2496,42.0889,2027-01-03T09:00:00+00:00,-1.67,75.13
Batumi,41.4793,44.2215,2027-01-03T10:00:00+00:00,31.74,88.63
Telavi,42.8727,43.5649,2027-01-03T11:00:00+00:00,15.24,82.27
Tbilisi,41.7053,41.8704,2027-01-03T12:00:00+00:00,16.73,33.74
Kutaisi,42.6544,43.174,2027-01-03T13:00:00+00:00,7.64,24.38
Batumi,41.2445,44.4575,2027-01-03T14:00:00+00:00,11.34,78.22
Batumi,42.8532,44.6447,2027-01-03T15:00:00+00:00,14.31,76.4
Tbilisi,41.2031,43.8226,2027-01-03T16:00:00+00:00,-0.7,49.74
Telavi,41.376,42.3961,2027-01-03T17:00:00+00:00,10.26,26.13
Telavi,41.8854,42.8945,2027-01-03T18:00:00+00:00,1.5,76.64
Tbilisi,42.9739,42.1224,2027-01-03T19:00:00+00:00,27.55,29.56
Kutaisi,42.7773,44.1455,2027-01-03T20:00:00+00:00,12.2,88.02
Kutaisi,41.1053,43.9377,2027-01-03T21:00:00+00:00,18.43,22.03
Tbilisi,41.2243,43.6613,2027-01-03T22:00:00+00:00,17.16,53.58
Tbilisi,42.0626,42.1698,2027-01-03T23:00:00+00:00,32.24,69.62
Batumi,41.1904,41.4249,2027-01-04T00:00:00+00:00,18.78,66.45
Kutaisi,42.8092,41.851,2027-01-04T01:00:00+00:00,6.79,39.39
Kutaisi,42.2385,45.6958,2027-01-04T02:00:00+00:00,28.57,63.06
Telavi,42.1657,43.1902,2027-01-04T03:00:00+00:00,17.44,81.38
Telavi,41.6572,44.5499,2027-01-04T04:00:00+00:00,8.94,56.39
Tbilisi,42.6852,41.2567,2027-01-04T05:00:00+00:00,0.74,50.88
Telavi,42.4623,44.046,2027-01-04T06:00:00+00:00,30.89,79.2
Tbilisi,42.64,42.4962,2027-01-04T07:00:00+00:00,16.62,64.75
Telavi,42.7974,43.3106,2027-01-04T08:00:00+00:00,32.05,72.54
Kutaisi,42.8318,42.3135,2027-01-04T09:00:00+00:00,8.15,26.92
Kutaisi,42.5896,42.0306,2027-01-04T10:00:00+00:00,14.85,81.17
Telavi,42.9641,41.5241,2027-01-04T11:00:00+00:00,2.29,35.23
Tbilisi,41.4198,43.5139,2027-01-04T12:00:00+00:00,25.08,79.42
Tbilisi,42.5507,43.8906,2027-01-04T13:00:00+00:00,19.39,89.01
Tbilisi,41.5502,45.5822,2027-01-04T14:00:00+00:00,18.06,82.13
Tbilisi,42.4758,44.086,2027-01-04T15:00:00+00:00,31.68,87.62
Batumi,42.6668,43.2265,2027-01-04T16:00:00+00:00,18.08,45.93
Batumi,42.1205,43.1261,2027-01-04T17:00:00+00:00,11.92,34.54
Kutaisi,41.1789,45.1453,2027-01-04T18:00:00+00:00,7.52,55.32
Tbilisi,42.5091,43.3234,2027-01-04T19:00:00+00:00,24.96,73.82
Kutaisi,41.3903,44.3667,2027-01-04T20:00:00+00:00,-4.2,72.11
Tbilisi,42.1513,44.9363,2027-01-04T21:00:00+00:00,-1.81,37.4
Batumi,42.7057,45.9238,2027-01-04T22:00:00+00:00,7.29,65.24
Kutaisi,41.6991,42.2167,2027-01-04T23:00:00+00:00,12.06,60.18
Kutaisi,42.6527,44.988,2027-01-05T00:00:00+00:00,29.22,70.2
Tbilisi,41.5668,41.305,2027-01-05T01:00:00+00:00,0.43,34.85
Telavi,41.4132,41.3484,2027-01-05T02:00:00+00:00,8.73,68.8
Telavi,41.4113,44.7876,2027-01-05T03:00:00+00:00,0.59,50.79
Batumi,42.3804,43.5483,2027-01-05T04:00:00+00:00,18.98,59.78
Batumi,41.7065,44.9924,2027-01-05T05:00:00+00:00,-2.59,20.5
Kutaisi,42.0891,45.8771,2027-01-05T06:00:00+00:00,34.06,78.91
Telavi,41.1807,44.1643,2027-01-05T07:00:00+00:00,6.68,66.6
Tbilisi,42.3013,45.3039,2027-01-05T08:00:00+00:00,27.82,36.76
Telavi,42.1362,42.7853,2027-01-05T09:00:00+00:00,26.59,28.1
Telavi,41.5804,42.9644,2027-01-05T10:00:00+00:00,22.15,22.98
Batumi,42.6766,45.5551,2027-01-05T11:00:00+00:00,13.86,32.72
Tbilisi,42.7105,43.7235,2027-01-05T12:00:00+00:00,11.87,73.6
Telavi,41.8197,42.7156,2027-01-05T13:00:00+00:00,4.97,32.4
Tbilisi,41.7554,42.2744,2027-01-05T14:00:00+00:00,-2.25,69.34
Telavi,41.1531,45.4665,2027-01-05T15:00:00+00:00,19.94,68.76
Kutaisi,42.2692,42.0237,2027-01-05T16:00:00+00:00,16.42,77.27
Kutaisi,41.8192,42.328,2027-01-05T17:00:00+00:00,34.01,87.43
Tbilisi,41.3778,43.8011,2027-01-05T18:00:00+00:00,-4.95,54.33
Batumi,41.0165,41.7135,2027-01-05T19:00:00+00:00,11.79,49.56
Tbilisi,41.5266,42.2958,2027-01-05T20:00:00+00:00,5.82,28.12
Batumi,42.184,44.9712,2027-01-05T21:00:00+00:00,32.06,60.27
Tbilisi,41.8368,43.0107,2027-01-05T22:00:00+00:00,22.81,80.24
Tbilisi,42.1393,41.8657,2027-01-05T23:00:00+00:00,16.46,80.07
Telavi,42.5305,45.3558,2027-01-06T00:00:00+00:00,25.18,44.54
Batumi,42.6623,44.8346,2027-01-06T01:00:00+00:00,16.51,82.49
Batumi,42.6917,41.6164,2027-01-06T02:00:00+00:00,5.64,33.76
Telavi,42.6121,45.7993,2027-01-06T03:00:00+00:00,34.4,75.22
Telavi,42.6783,45.1038,2027-01-06T04:00:00+00:00,26.03,73.6
Tbilisi,41.4062,45.7356,2027-01-06T05:00:00+00:00,18.63,73.2
Tbilisi,42.0145,42.0277,2027-01-06T06:00:00+00:00,13.8,65.63
Kutaisi,42.9236,42.1122,2027-01-06T07:00:00+00:00,4.36,48.33
Telavi,41.899,45.147,2027-01-06T08:00:00+00:00,-1.23,70.22
Tbilisi,42.2454,41.5636,2027-01-06T09:00:00+00:00,33.06,33.51
Telavi,42.9386,41.9314,2027-01-06T10:00:00+00:00,0.11,29.33
Kutaisi,42.575,45.8494,2027-01-06T11:00:00+00:00,31.95,24.75
Batumi,42.7247,42.1632,2027-01-06T12:00:00+00:00,-1.6,22.44
Kutaisi,41.9004,41.6698,2027-01-06T13:00:00+00:00,5.74,39.56
Tbilisi,41.1132,44.4507,2027-01-06T14:00:00+00:00,22.58,78.72
Kutaisi,41.1994,42.0755,2027-01-06T15:00:00+00:00,5.83,89.85
Batumi,42.6804,44.2162,2027-01-06T16:00:00+00:00,-2.62,53.79
Kutaisi,41.1976,44.1715,2027-01-06T17:00:00+00:00,0.78,72.55
Telavi,41.0563,44.6509,2027-01-06T18:00:00+00:00,17.32,30.57
Telavi,42.9659,45.3278,2027-01-06T19:00:00+00:00,17.97,34.33
Batumi,41.7464,45.9593,2027-01-06T20:00:00+00:00,28.68,75.54
Batumi,41.5792,42.3251,2027-01-06T21:00:00+00:00,30.6,65.2
Batumi,41.3448,41.4984,2027-01-06T22:00:00+00:00,16.34,63.53
Tbilisi,41.3848,42.9129,2027-01-06T23:00:00+00:00,12.26,68.13
Batumi,41.1005,41.06,2027-01-07T00:00:00+00:00,16.85,51.41
Batumi,41.1122,45.6498,2027-01-07T01:00:00+00:00,26.16,22.23
Kutaisi,42.5589,42.1822,2027-01-07T02:00:00+00:00,30.73,48.99
Batumi,41.1402,42.802,2027-01-07T03:00:00+00:00,11.37,58.06
Tbilisi,41.02,43.3242,2027-01-07T04:00:00+00:00,19.2,22.1
Tbilisi,41.9899,41.6828,2027-01-07T05:00:00+00:00,33.21,59.42
Tbilisi,41.052,43.307,2027-01-07T06:00:00+00:00,19.61,26.26
Tbilisi,42.3087,41.8583,2027-01-07T07:00:00+00:00,-1.26,34.29
Telavi,42.1327,44.7162,2027-01-07T08:00:00+00:00,13.9,25.29
Telavi,41.9912,41.9282,2027-01-07T09:00:00+00:00,-4.0,77.65
Kutaisi,42.7403,44.5497,2027-01-07T10:00:00+00:00,6.17,48.53
Tbilisi,42.9976,41.5548,2027-01-07T11:00:00+00:00,1.69,76.54
Tbilisi,41.9479,41.0314,2027-01-07T12:00:00+00:00,5.27,37.14
Tbilisi,42.9665,41.7235,2027-01-07T13:00:00+00:00,4.02,41.11
Batumi,41.3673,41.7211,2027-01-07T14:00:00+00:00,20.92,21.08
Kutaisi,41.3622,45.5568,2027-01-07T15:00:00+00:00,5.8,25.76
Tbilisi,42.1667,42.5255,2027-01-07T16:00:00+00:00,27.93,75.85
Telavi,42.7666,42.8791,2027-01-07T17:00:00+00:00,-4.1,67.21
Telavi,42.2831,42.7656,2027-01-07T18:00:00+00:00,-1.23,84.61
Telavi,41.818,44.2577,2027-01-07T19:00:00+00:00,19.11,41.01
Tbilisi,42.941,44.3856,2027-01-07T20:00:00+00:00,5.81,44.15
Kutaisi,42.1687,42.7538,2027-01-07T21:00:00+00:00,10.29,29.2
Tbilisi,42.1499,41.5522,2027-01-07T22:00:00+00:00,33.2,57.59
Tbilisi,41.3415,43.1493,2027-01-07T23:00:00+00:00,30.23,89.54
Kutaisi,42.465,45.0117,2027-01-08T00:00:00+00:00,30.4,37.87
Telavi,42.5823,45.5415,2027-01-08T01:00:00+00:00,15.55,49.49
Batumi,41.9272,45.9956,2027-01-08T02:00:00+00:00,31.31,55.01
Kutaisi,41.6239,42.2941,2027-01-08T03:00:00+00:00,15.45,36.15
Tbilisi,42.9534,41.5477,2027-01-08T04:00:00+00:00,-3.7,40.41
Batumi,41.1715,42.5039,2027-01-08T05:00:00+00:00,-2.99,59.99
Batumi,41.7861,45.8097,2027-01-08T06:00:00+00:00,20.01,78.35
Kutaisi,42.9593,42.393,2027-01-08T07:00:00+00:00,5.76,50.59
Telavi,42.8891,41.1954,2027-01-08T08:00:00+00:00,1.31,35.68
Telavi,41.6371,43.1585,2027-01-08T09:00:00+00:00,0.92,79.9
Batumi,41.1318,41.8325,2027-01-08T10:00:00+00:00,24.74,54.42
Batumi,42.7324,42.7964,2027-01-08T11:00:00+00:00,8.15,81.51
Batumi,41.004,41.1031,2027-01-08T12:00:00+00:00,16.94,46.38
Kutaisi,42.4876,45.9703,2027-01-08T13:00:00+00:00,13.14,61.56
Tbilisi,41.0067,43.6055,2027-01-08T14:00:00+00:00,25.72,59.77
Tbilisi,41.2426,41.5956,2027-01-08T15:00:00+00:00,26.93,21.62
Tbilisi,41.769,44.7648,2027-01-08T16:00:00+00:00,20.11,77.43
Batumi,42.371,42.0077,2027-01-08T17:00:00+00:00,13.27,78.22
Telavi,42.48,44.0889,2027-01-08T18:00:00+00:00,10.53,57.92
Kutaisi,41.6004,45.945,2027-01-08T19:00:00+00:00,33.04,86.0
Telavi,41.9601,42.2901,2027-01-08T20:00:00+00:00,4.8,23.55
Kutaisi,42.3686,42.2452,2027-01-08T21:00:00+00:00,-0.25,26.77
Batumi,42.9062,41.4124,2027-01-08T22:00:00+00:00,-1.16,81.77
Kutaisi,41.1849,44.0206,2027-01-08T23:00:00+00:00,20.83,68.6
Kutaisi,42.0025,44.7961,2027-01-09T00:00:00+00:00,33.51,41.63
Tbilisi,41.3782,42.2989,2027-01-09T01:00:00+00:00,28.91,20.84
Kutaisi,41.4069,44.8132,2027-01-09T02:00:00+00:00,6.11,48.78
Telavi,41.6433,45.7172,2027-01-09T03:00:00+00:00,19.29,37.53
Kutaisi,42.7265,43.1597,2027-01-09T04:00:00+00:00,0.93,23.76
Tbilisi,42.1011,42.335,2027-01-09T05:00:00+00:00,20.76,21.12
Batumi,42.4127,43.6954,2027-01-09T06:00:00+00:00,-1.34,55.49
Batumi,42.3052,43.5667,2027-01-09T07:00:00+00:00,18.86,73.69
Tbilisi,41.2986,45.4534,2027-01-09T08:00:00+00:00,0.63,57.16
Tbilisi,41.9938,44.4441,2027-01-09T09:00:00+00:00,31.19,52.73
Kutaisi,42.2743,41.9633,2027-01-09T10:00:00+00:00,7.46,86.57
Batumi,41.6889,43.2722,2027-01-09T11:00:00+00:00,-4.66,26.1
Tbilisi,42.985,43.8001,2027-01-09T12:00:00+00:00,0.58,69.09
Tbilisi,42.0979,44.4331,2027-01-09T13:00:00+00:00,32.53,63.98
Kutaisi,41.6919,41.0895,2027-01-09T14:00:00+00:00,21.62,82.46
Tbilisi,42.7667,41.3042,2027-01-09T15:00:00+00:00,19.06,35.33
Kutaisi,41.8529,41.1177,2027-01-09T16:00:00+00:00,-1.59,59.31
Batumi,41.9166,41.1481,2027-01-09T17:00:00+00:00,23.94,72.19
Batumi,41.401,45.5204,2027-01-09T18:00:00+00:00,17.71,89.31
Telavi,41.1373,41.4479,2027-01-09T19:00:00+00:00,-3.83,83.31
Kutaisi,41.0231,44.6771,2027-01-09T20:00:00+00:00,12.41,42.76
Kutaisi,41.6241,44.627,2027-01-09T21:00:00+00:00,33.83,41.38
Batumi,42.7877,45.8923,2027-01-09T22:00:00+00:00,11.76,35.31
Kutaisi,41.7656,45.832,2027-01-09T23:00:00+00:00,-0.72,26.17
Batumi,41.0137,43.4961,2027-01-10T00:00:00+00:00,24.74,63.81
Batumi,42.9281,42.5456,2027-01-10T01:00:00+00:00,28.81,38.16
Kutaisi,42.1167,43.1093,2027-01-10T02:00:00+00:00,14.65,48.69
Batumi,41.3264,42.5893,2027-01-10T03:00:00+00:00,-0.94,67.56
Telavi,42.3364,41.9164,2027-01-10T04:00:00+00:00,13.12,20.27
Telavi,42.6946,44.518,2027-01-10T05:00:00+00:00,10.5,44.58
Telavi,42.9054,45.2796,2027-01-10T06:00:00+00:00,6.04,25.36
Telavi,42.7677,43.0438,2027-01-10T07:00:00+00:00,16.83,55.74
Kutaisi,42.5802,42.4673,2027-01-10T08:00:00+00:00,13.68,25.64
Batumi,42.1564,44.1956,2027-01-10T09:00:00+00:00,9.46,22.55
Tbilisi,42.6126,42.5165,2027-01-10T10:00:00+00:00,17.63,89.54
Batumi,41.2511,42.566,2027-01-10T11:00:00+00:00,5.88,34.66
Tbilisi,41.6145,43.0964,2027-01-10T12:00:00+00:00,24.56,46.49
Batumi,42.8949,41.7541,2027-01-10T13:00:00+00:00,8.45,64.6
Kutaisi,42.2092,44.756,2027-01-10T14:00:00+00:00,1.55,37.97
Batumi,41.0344,42.9983,2027-01-10T15:00:00+00:00,22.64,76.07
Tbilisi,42.5328,41.5054,2027-01-10T16:00:00+00:00,23.41,54.51
Batumi,42.0934,41.4015,2027-01-10T17:00:00+00:00,0.87,37.44
Telavi,41.467,42.1267,2027-01-10T18:00:00+00:00,22.09,75.23
Batumi,42.448,43.6412,2027-01-10T19:00:00+00:00,6.09,76.1
Tbilisi,42.9861,43.0258,2027-01-10T20:00:00+00:00,29.65,21.28
Tbilisi,42.6331,45.9648,2027-01-10T21:00:00+00:00,2.27,31.27
Kutaisi,41.622,44.2826,2027-01-10T22:00:00+00:00,6.16,76.15
Batumi,41.4943,41.1465,2027-01-10T23:00:00+00:00,23.33,23.57
Telavi,41.0084,45.7298,2027-01-11T00:00:00+00:00,14.87,27.03
Telavi,41.1057,41.2923,2027-01-11T01:00:00+00:00,1.53,89.97
Batumi,41.2101,43.2336,2027-01-11T02:00:00+00:00,28.12,63.6
Tbilisi,41.1604,45.0379,2027-01-11T03:00:00+00:00,-3.7,20.92
Kutaisi,42.838,43.3742,2027-01-11T04:00:00+00:00,-0.33,27.49
Telavi,42.4951,43.9485,2027-01-11T05:00:00+00:00,13.67,65.66
Telavi,41.0912,44.7461,2027-01-11T06:00:00+00:00,30.39,73.04
Batumi,42.5211,45.6995,2027-01-11T07:00:00+00:00,22.35,63.18
Tbilisi,42.4435,42.2919,2027-01-11T08:00:00+00:00,18.27,39.94
Telavi,42.643,42.6433,2027-01-11T09:00:00+00:00,9.59,20.66
Tbilisi,41.1541,45.791,2027-01-11T10:00:00+00:00,8.63,43.64
Batumi,42.4123,41.1132,2027-01-11T11:00:00+00:00,31.9,59.07
Telavi,42.0452,41.0173,2027-01-11T12:00:00+00:00,0.5,52.76
Tbilisi,42.4301,43.3397,2027-01-11T13:00:00+00:00,32.82,27.4
Tbilisi,42.105,43.5599,2027-01-11T14:00:00+00:00,26.17,52.9
Batumi,41.2596,42.014,2027-01-11T15:00:00+00:00,18.83,73.07
Telavi,41.5026,43.4521,2027-01-11T16:00:00+00:00,-0.18,33.86
Kutaisi,42.675,41.2016,2027-01-11T17:00:00+00:00,30.13,59.18
Tbilisi,42.7993,41.0349,2027-01-11T18:00:00+00:00,26.93,58.29
Kutaisi,42.5688,43.3276,2027-01-11T19:00:00+00:00,33.81,22.2
Batumi,42.3027,44.3456,2027-01-11T20:00:00+00:00,6.73,75.89
Batumi,41.4266,42.9763,2027-01-11T21:00:00+00:00,2.45,87.92
Tbilisi,41.7814,41.1903,2027-01-11T22:00:00+00:00,34.73,62.17
Telavi,42.103,45.2346,2027-01-11T23:00:00+00:00,5.38,66.65
Tbilisi,41.7779,43.2124,2027-01-12T00:00:00+00:00,22.31,24.64
Tbilisi,41.4918,45.2485,2027-01-12T01:00:00+00:00,31.58,45.53
Batumi,41.1789,41.2746,2027-01-12T02:00:00+00:00,-0.38,48.46
Kutaisi,42.6469,42.942,2027-01-12T03:00:00+00:00,-4.82,84.94
Batumi,41.3952,41.2321,2027-01-12T04:00:00+00:00,32.64,76.94
Kutaisi,42.7856,41.7827,2027-01-12T05:00:00+00:00,28.94,69.2
Tbilisi,42.24,45.3285,2027-01-12T06:00:00+00:00,18.12,40.2
Kutaisi,42.0068,42.102,2027-01-12T07:00:00+00:00,-4.59,83.9
Telavi,42.2014,45.0474,2027-01-12T08:00:00+00:00,27.56,42.15
Batumi,41.0937,41.5047,2027-01-12T09:00:00+00:00,31.46,46.39
Kutaisi,42.5273,44.5715,2027-01-12T10:00:00+00:00,34.57,68.88
Telavi,42.4258,42.2253,2027-01-12T11:00:00+00:00,21.71,85.5
Kutaisi,41.4653,43.7498,2027-01-12T12:00:00+00:00,-1.26,42.81
Tbilisi,42.7609,42.3807,2027-01-12T13:00:00+00:00,14.95,38.17
Batumi,41.9812,45.1013,2027-01-12T14:00:00+00:00,18.41,49.71
Tbilisi,41.6401,42.2339,2027-01-12T15:00:00+00:00,8.48,72.11
Tbilisi,41.2736,44.8521,2027-01-12T16:00:00+00:00,31.23,83.53
Kutaisi,42.6144,41.6699,2027-01-12T17:00:00+00:00,18.69,73.56
Telavi,42.0134,42.7068,2027-01-12T18:00:00+00:00,5.38,46.35
Tbilisi,42.5249,45.0605,2027-01-12T19:00:00+00:00,13.47,35.9
Telavi,41.0377,42.4782,2027-01-12T20:00:00+00:00,6.71,73.09
Kutaisi,42.5434,43.1143,2027-01-12T21:00:00+00:00,13.5,29.89
Kutaisi,41.1293,41.5087,2027-01-12T22:00:00+00:00,13.43,24.28
Telavi,41.245,42.9214,2027-01-12T23:00:00+00:00,5.54,65.66
Batumi,41.9623,44.6133,2027-01-13T00:00:00+00:00,3.66,54.07
Kutaisi,42.9574,43.6504,2027-01-13T01:00:00+00:00,26.05,82.21
Kutaisi,42.6427,45.2027,2027-01-13T02:00:00+00:00,15.13,42.7
Telavi,42.3434,42.9166,2027-01-13T03:00:00+00:00,1.48,32.09
Kutaisi,42.5412,42.9721,2027-01-13T04:00:00+00:00,16.12,88.69
Telavi,41.3719,43.581,2027-01-13T05:00:00+00:00,7.01,23.2
Telavi,41.8572,41.6805,2027-01-13T06:00:00+00:00,12.81,82.47
Batumi,41.2876,45.728,2027-01-13T07:00:00+00:00,29.39,69.45
Kutaisi,41.4165,43.7424,2027-01-13T08:00:00+00:00,31.83,53.31
Batumi,41.7163,41.6269,2027-01-13T09:00:00+00:00,30.72,50.19
Telavi,42.2148,43.0322,2027-01-13T10:00:00+00:00,21.87,22.11
Kutaisi,42.034,45.6806,2027-01-13T11:00:00+00:00,34.75,61.39
Batumi,41.3527,44.4696,2027-01-13T12:00:00+00:00,26.21,74.42
Kutaisi,41.0121,44.941,2027-01-13T13:00:00+00:00,22.49,86.05
Batumi,41.9485,43.8886,2027-01-13T14:00:00+00:00,24.69,86.99
Kutaisi,42.1924,43.2469,2027-01-13T15:00:00+00:00,33.06,74.36
Kutaisi,41.3837,44.2812,2027-01-13T16:00:00+00:00,7.87,51.52
Telavi,42.0004,45.4092,2027-01-13T17:00:00+00:00,14.99,43.73
Kutaisi,41.3176,45.2527,2027-01-13T18:00:00+00:00,18.47,80.39
Batumi,42.6623,43.6348,2027-01-13T19:00:00+00:00,0.89,32.66
Batumi,42.7206,44.7479,2027-01-13T20:00:00+00:00,0.21,71.0
Batumi,41.1193,41.8803,2027-01-13T21:00:00+00:00,32.75,30.31
Tbilisi,41.2128,41.3751,2027-01-13T22:00:00+00:00,13.59,45.97
Telavi,41.8519,41.6035,2027-01-13T23:00:00+00:00,14.67,49.61
Tbilisi,42.5589,41.7881,2027-01-14T00:00:00+00:00,30.32,46.04
Kutaisi,41.5364,43.7624,2027-01-14T01:00:00+00:00,18.08,36.29
Kutaisi,41.3514,41.5178,2027-01-14T02:00:00+00:00,11.99,60.5
Batumi,42.169,45.0324,2027-01-14T03:00:00+00:00,2.49,82.89
Telavi,42.9898,45.9197,2027-01-14T04:00:00+00:00,26.79,20.97
Kutaisi,41.3688,42.9876,2027-01-14T05:00:00+00:00,14.82,25.42
Telavi,42.0927,45.3418,2027-01-14T06:00:00+00:00,13.02,81.85
Tbilisi,42.8432,45.0311,2027-01-14T07:00:00+00:00,-1.78,84.67
Telavi,42.7742,41.1967,2027-01-14T08:00:00+00:00,8.7,20.75
Tbilisi,41.5824,41.9914,2027-01-14T09:00:00+00:00,2.39,78.46
Batumi,41.5076,42.3983,2027-01-14T10:00:00+00:00,18.1,79.7
Telavi,41.3198,42.3932,2027-01-14T11:00:00+00:00,12.74,88.52
Tbilisi,42.0799,45.7895,2027-01-14T12:00:00+00:00,-3.7,47.84
Kutaisi,41.5202,41.7814,2027-01-14T13:00:00+00:00,8.99,71.0
Kutaisi,41.2175,44.0181,2027-01-14T14:00:00+00:00,24.53,35.74
Telavi,42.4014,45.9565,2027-01-14T15:00:00+00:00,14.73,57.86
Tbilisi,41.3201,43.863,2027-01-14T16:00:00+00:00,27.89,35.55
Tbilisi,41.5969,44.862,2027-01-14T17:00:00+00:00,27.68,24.16
Telavi,42.4371,43.2628,2027-01-14T18:00:00+00:00,20.84,77.68
Telavi,42.726,43.7648,2027-01-14T19:00:00+00:00,7.15,88.41
Telavi,41.5295,44.7446,2027-01-14T20:00:00+00:00,18.46,21.64
Tbilisi,42.0113,43.7307,2027-01-14T21:00:00+00:00,7.05,20.2
Telavi,42.9874,44.7677,2027-01-14T22:00:00+00:00,28.86,21.52
Tbilisi,42.0913,44.3255,2027-01-14T23:00:00+00:00,31.89,59.55
Batumi,42.19,41.8295,2027-01-15T00:00:00+00:00,25.87,83.29
Kutaisi,42.7642,42.191,2027-01-15T01:00:00+00:00,-3.7,38.13
Tbilisi,42.1696,41.8668,2027-01-15T02:00:00+00:00,1.28,87.0
Batumi,41.4126,41.0328,2027-01-15T03:00:00+00:00,1.71,45.03
Tbilisi,41.3079,42.8712,2027-01-15T04:00:00+00:00,21.08,43.2
Tbilisi,41.227,45.4237,2027-01-15T05:00:00+00:00,4.05,43.64
Kutaisi,42.5924,44.4148,2027-01-15T06:00:00+00:00,-3.66,79.87
Kutaisi,42.3903,42.0408,2027-01-15T07:00:00+00:00,2.75,74.3
Batumi,42.7503,42.4727,2027-01-15T08:00:00+00:00,4.85,84.34
Telavi,41.2645,45.0592,2027-01-15T09:00:00+00:00,-3.93,59.5
Batumi,41.2449,45.1583,2027-01-15T10:00:00+00:00,26.55,72.69
Tbilisi,41.3234,43.8989,2027-01-15T11:00:00+00:00,12.77,43.33
Telavi,41.6261,45.3728,2027-01-15T12:00:00+00:00,19.05,29.37
Tbilisi,41.2358,42.2136,2027-01-15T13:00:00+00:00,14.86,33.87
Telavi,41.9196,43.94,2027-01-15T14:00:00+00:00,6.11,24.59
Tbilisi,41.7679,43.9765,2027-01-15T15:00:00+00:00,29.68,64.86
Batumi,42.8034,42.7095,2027-01-15T16:00:00+00:00,34.44,26.85
Batumi,41.3616,43.2317,2027-01-15T17:00:00+00:00,23.12,26.99
Kutaisi,41.4642,43.0039,2027-01-15T18:00:00+00:00,32.77,79.85
Kutaisi,41.9469,41.7557,2027-01-15T19:00:00+00:00,29.12,64.07
Telavi,41.5037,41.5144,2027-01-15T20:00:00+00:00,31.23,69.09
Telavi,41.2409,45.0433,2027-01-15T21:00:00+00:00,4.14,20.32
Batumi,42.3197,45.3968,2027-01-15T22:00:00+00:00,31.1,42.08
Batumi,41.541,41.9553,2027-01-15T23:00:00+00:00,23.21,24.4
Batumi,42.7201,42.7731,2027-01-16T00:00:00+00:00,7.71,38.96
Batumi,41.2007,44.1992,2027-01-16T01:00:00+00:00,6.98,66.63
Tbilisi,42.0348,43.2081,2027-01-16T02:00:00+00:00,31.69,52.27
Batumi,41.5219,44.0273,2027-01-16T03:00:00+00:00,0.07,68.47
Kutaisi,42.7199,41.7666,2027-01-16T04:00:00+00:00,-1.26,58.17
Kutaisi,42.2566,44.377,2027-01-16T05:00:00+00:00,23.02,57.78
Tbilisi,42.1814,44.6798,2027-01-16T06:00:00+00:00,33.77,41.18
Telavi,41.9853,43.1571,2027-01-16T07:00:00+00:00,20.36,78.07
Batumi,42.9233,45.4031,2027-01-16T08:00:00+00:00,25.3,61.22
Telavi,41.7086,42.7898,2027-01-16T09:00:00+00:00,19.7,24.0
Kutaisi,41.9345,43.7145,2027-01-16T10:00:00+00:00,6.59,50.33
Tbilisi,42.7668,42.6677,2027-01-16T11:00:00+00:00,15.14,74.91
Batumi,42.6591,43.7074,2027-01-16T12:00:00+00:00,33.91,42.44
Telavi,42.4212,43.3891,2027-01-16T13:00:00+00:00,11.18,32.03
Kutaisi,41.7958,41.6266,2027-01-16T14:00:00+00:00,18.38,31.78
Kutaisi,42.848,45.3113,2027-01-16T15:00:00+00:00,20.51,42.32
Kutaisi,41.1603,43.928,2027-01-16T16:00:00+00:00,1.75,31.13
Batumi,42.7392,41.0431,2027-01-16T17:00:00+00:00,-0.75,32.83
Telavi,41.336,45.4146,2027-01-16T18:00:00+00:00,7.0,32.05
Telavi,41.3774,44.8024,2027-01-16T19:00:00+00:00,30.23,65.23
Tbilisi,42.7022,41.8476,2027-01-16T20:00:00+00:00,1.5,84.54
Tbilisi,41.5749,43.867,2027-01-16T21:00:00+00:00,18.76,75.16
Telavi,41.7888,45.1574,2027-01-16T22:00:00+00:00,12.74,29.41
Telavi,41.0005,45.5928,2027-01-16T23:00:00+00:00,30.67,77.96
Tbilisi,42.9257,42.8065,2027-01-17T00:00:00+00:00,2.77,24.67
Kutaisi,42.294,41.0938,2027-01-17T01:00:00+00:00,4.26,25.24
Tbilisi,42.1498,42.2281,2027-01-17T02:00:00+00:00,25.52,57.71
Batumi,41.2689,42.4894,2027-01-17T03:00:00+00:00,13.55,26.08
Batumi,41.7646,41.0289,2027-01-17T04:00:00+00:00,-3.13,87.56
Batumi,41.9228,44.2954,2027-01-17T05:00:00+00:00,7.81,39.67
Tbilisi,42.8469,44.7418,2027-01-17T06:00:00+00:00,28.24,23.84
Telavi,42.7406,42.9546,2027-01-17T07:00:00+00:00,3.74,56.8
Kutaisi,41.0206,43.8622,2027-01-17T08:00:00+00:00,4.13,32.14
Kutaisi,41.8473,43.2235,2027-01-17T09:00:00+00:00,12.02,30.26
Batumi,42.3466,42.0279,2027-01-17T10:00:00+00:00,29.69,33.88
Telavi,41.2293,44.2146,2027-01-17T11:00:00+00:00,26.7,38.13
Tbilisi,42.93,42.4984,2027-01-17T12:00:00+00:00,32.55,70.08
Telavi,41.6979,45.4996,2027-01-17T13:00:00+00:00,6.51,84.08
Batumi,41.9195,43.3196,2027-01-17T14:00:00+00:00,21.34,47.19
Kutaisi,41.9532,43.1011,2027-01-17T15:00:00+00:00,31.74,22.22
Batumi,42.5801,44.022,2027-01-17T16:00:00+00:00,2.2,88.23
Kutaisi,42.76,45.0443,2027-01-17T17:00:00+00:00,13.94,80.08
Tbilisi,42.0232,43.2069,2027-01-17T18:00:00+00:00,34.92,78.51
Telavi,42.2394,43.8232,2027-01-17T19:00:00+00:00,1.9,68.81
Tbilisi,42.7644,42.4352,2027-01-17T20:00:00+00:00,3.77,41.54
Kutaisi,41.1555,43.4811,2027-01-17T21:00:00+00:00,3.76,44.17
Kutaisi,42.5923,43.5049,2027-01-17T22:00:00+00:00,10.55,37.89
Tbilisi,41.331,45.3707,2027-01-17T23:00:00+00:00,25.91,45.88
Batumi,41.757,44.8053,2027-01-18T00:00:00+00:00,11.72,59.75
Kutaisi,42.3764,41.8648,2027-01-18T01:00:00+00:00,15.63,71.38
Kutaisi,41.1264,41.0604,2027-01-18T02:00:00+00:00,33.29,61.69
Batumi,42.0017,42.6861,2027-01-18T03:00:00+00:00,30.43,53.72
Kutaisi,41.3488,42.9541,2027-01-18T04:00:00+00:00,6.14,42.49
Tbilisi,42.6705,41.1625,2027-01-18T05:00:00+00:00,26.24,53.39
Tbilisi,41.5237,43.1367,2027-01-18T06:00:00+00:00,7.19,79.25
Telavi,42.4741,42.468,2027-01-18T07:00:00+00:00,13.22,86.93
Kutaisi,41.5516,43.2852,2027-01-18T08:00:00+00:00,10.85,46.26
Telavi,42.6865,45.8151,2027-01-18T09:00:00+00:00,9.06,49.09
Telavi,42.6982,41.6569,2027-01-18T10:00:00+00:00,30.07,72.85
Telavi,42.1069,45.0457,2027-01-18T11:00:00+00:00,33.59,24.7
Kutaisi,42.7645,41.4356,2027-01-18T12:00:00+00:00,9.91,56.23
Tbilisi,42.8768,41.7458,2027-01-18T13:00:00+00:00,14.02,68.7
Tbilisi,41.0222,43.5851,2027-01-18T14:00:00+00:00,8.38,68.83
Telavi,41.0409,45.8815,2027-01-18T15:00:00+00:00,9.53,72.7
Telavi,41.0665,45.4971,2027-01-18T16:00:00+00:00,4.12,37.36
Kutaisi,42.8297,43.9607,2027-01-18T17:00:00+00:00,4.83,21.89
Telavi,42.2892,44.3294,2027-01-18T18:00:00+00:00,-4.11,48.32
Tbilisi,42.096,41.6782,2027-01-18T19:00:00+00:00,24.4,49.44
Telavi,42.8224,44.2119,2027-01-18T20:00:00+00:00,26.04,63.0
Telavi,42.0162,43.5353,2027-01-18T21:00:00+00:00,8.16,55.17
Kutaisi,42.3525,45.0417,2027-01-18T22:00:00+00:00,-3.13,52.95
Batumi,42.1453,42.0218,2027-01-18T23:00:00+00:00,22.19,31.84
Telavi,42.9748,41.1204,2027-01-19T00:00:00+00:00,28.75,75.92
Kutaisi,42.6963,45.2192,2027-01-19T01:00:00+00:00,20.47,59.97
Batumi,42.6569,44.4723,2027-01-19T02:00:00+00:00,-2.65,65.35
Telavi,42.53,44.8242,2027-01-19T03:00:00+00:00,16.8,48.1
Telavi,41.0595,42.9538,2027-01-19T04:00:00+00:00,2.47,24.28
Tbilisi,41.8044,41.8143,2027-01-19T05:00:00+00:00,32.24,67.33
Tbilisi,41.9491,45.7175,2027-01-19T06:00:00+00:00,18.21,32.41
Tbilisi,42.3458,43.8333,2027-01-19T07:00:00+00:00,16.46,31.18
Tbilisi,42.1237,43.0934,2027-01-19T08:00:00+00:00,7.91,81.85
Batumi,42.5452,42.1669,2027-01-19T09:00:00+00:00,-1.38,71.63
Tbilisi,42.0678,45.1118,2027-01-19T10:00:00+00:00,7.32,38.37
Telavi,42.1746,41.7887,2027-01-19T11:00:00+00:00,3.25,68.68
Batumi,42.945,41.4355,2027-01-19T12:00:00+00:00,25.84,87.03
Kutaisi,42.3742,44.1987,2027-01-19T13:00:00+00:00,22.69,27.91
Kutaisi,42.5502,44.0525,2027-01-19T14:00:00+00:00,11.74,21.87
Telavi,42.1976,41.3175,2027-01-19T15:00:00+00:00,8.6,57.7
Batumi,41.004,42.2923,2027-01-19T16:00:00+00:00,19.29,31.37
Kutaisi,41.464,45.5623,2027-01-19T17:00:00+00:00,24.7,39.46
Batumi,42.6234,44.4869,2027-01-19T18:00:00+00:00,26.31,68.56
Tbilisi,41.9318,43.6939,2027-01-19T19:00:00+00:00,11.57,55.14
Tbilisi,41.7727,42.8845,2027-01-19T20:00:00+00:00,20.64,66.43
Tbilisi,41.6875,44.226,2027-01-19T21:00:00+00:00,18.2,72.89
Tbilisi,41.2059,44.2525,2027-01-19T22:00:00+00:00,5.1,74.07
Batumi,42.8025,44.2702,2027-01-19T23:00:00+00:00,-1.27,20.1
Telavi,42.5494,41.5722,2027-01-20T00:00:00+00:00,-2.82,61.94
Batumi,41.8245,42.4917,2027-01-20T01:00:00+00:00,12.85,23.35
Tbilisi,42.0264,43.6971,2027-01-20T02:00:00+00:00,15.7,82.88
Tbilisi,41.9085,43.0106,2027-01-20T03:00:00+00:00,16.15,62.04
Telavi,42.1005,44.2564,2027-01-20T04:00:00+00:00,25.82,78.3
Kutaisi,42.5045,41.151,2027-01-20T05:00:00+00:00,29.03,52.04
Kutaisi,42.9028,41.9193,2027-01-20T06:00:00+00:00,20.87,64.19
Tbilisi,41.1505,43.6992,2027-01-20T07:00:00+00:00,11.92,61.46
Tbilisi,42.4385,45.4228,2027-01-20T08:00:00+00:00,10.4,27.71
Telavi,41.8123,41.6622,2027-01-20T09:00:00+00:00,17.3,57.13
Tbilisi,41.4802,41.6002,2027-01-20T10:00:00+00:00,-2.73,73.02
Batumi,42.9885,43.1064,2027-01-20T11:00:00+00:00,21.9,81.77
Kutaisi,41.5386,42.6303,2027-01-20T12:00:00+00:00,18.79,64.11
Batumi,42.2839,42.67,2027-01-20T13:00:00+00:00,15.88,77.49
Telavi,42.8,41.4061,2027-01-20T14:00:00+00:00,-4.56,72.25
Batumi,41.5965,44.2881,2027-01-20T15:00:00+00:00,9.96,48.55
Tbilisi,42.1711,45.6939,2027-01-20T16:00:00+00:00,1.25,35.6
Kutaisi,41.4973,41.9132,2027-01-20T17:00:00+00:00,31.38,59.89
Telavi,42.6458,45.6342,2027-01-20T18:00:00+00:00,-2.65,62.7
Telavi,41.0015,45.5915,2027-01-20T19:00:00+00:00,6.75,46.28
Batumi,42.6889,45.457,2027-01-20T20:00:00+00:00,7.33,44.64
Batumi,42.3968,43.1246,2027-01-20T21:00:00+00:00,15.05,25.54
Telavi,42.5795,44.8944,2027-01-20T22:00:00+00:00,6.14,21.14
Batumi,42.7474,45.1353,2027-01-20T23:00:00+00:00,5.88,81.4
Batumi,41.2377,45.3714,2027-01-21T00:00:00+00:00,17.8,89.87
Batumi,42.0355,42.3822,2027-01-21T01:00:00+00:00,23.49,48.78
Batumi,42.9215,42.1541,2027-01-21T02:00:00+00:00,-3.46,48.23
Telavi,42.2086,44.1246,2027-01-21T03:00:00+00:00,16.16,39.86
Tbilisi,41.2587,43.9074,2027-01-21T04:00:00+00:00,17.68,53.92
Batumi,41.2698,41.2525,2027-01-21T05:00:00+00:00,5.26,62.34
Telavi,41.369,45.8062,2027-01-21T06:00:00+00:00,17.55,29.02
Telavi,41.8339,41.3634,2027-01-21T07:00:00+00:00,13.15,85.2
Telavi,41.3538,45.4627,2027-01-21T08:00:00+00:00,10.08,88.97
Batumi,42.176,44.6862,2027-01-21T09:00:00+00:00,26.65,71.38
Batumi,41.4307,44.7575,2027-01-21T10:00:00+00:00,24.39,80.56
Telavi,42.112,43.32,2027-01-21T11:00:00+00:00,14.82,62.76
Kutaisi,42.8327,43.1691,2027-01-21T12:00:00+00:00,7.04,37.29
Batumi,41.0977,45.7376,2027-01-21T13:00:00+00:00,27.3,82.66
Batumi,41.1913,42.0007,2027-01-21T14:00:00+00:00,16.12,33.27
Tbilisi,41.3095,41.6303,2027-01-21T15:00:00+00:00,-4.61,20.31
Tbilisi,41.5792,41.2484,2027-01-21T16:00:00+00:00,34.16,68.89
Telavi,41.2936,44.0847,2027-01-21T17:00:00+00:00,24.88,24.71
Kutaisi,42.4824,44.3067,2027-01-21T18:00:00+00:00,29.12,80.95
Tbilisi,41.4355,41.591,2027-01-21T19:00:00+00:00,3.17,76.81
Telavi,41.6428,45.5057,2027-01-21T20:00:00+00:00,28.74,52.91
Tbilisi,42.1829,43.7007,2027-01-21T21:00:00+00:00,20.78,78.3
Telavi,41.5942,44.7114,2027-01-21T22:00:00+00:00,21.69,68.81
Kutaisi,42.8172,42.6475,2027-01-21T23:00:00+00:00,33.78,65.43
Tbilisi,42.0372,42.1677,2027-01-22T00:00:00+00:00,28.27,22.17
Telavi,42.9867,43.1405,2027-01-22T01:00:00+00:00,32.7,27.16
Kutaisi,42.1174,44.1022,2027-01-22T02:00:00+00:00,0.0,85.64
Tbilisi,42.2981,45.2865,2027-01-22T03:00:00+00:00,11.09,29.22
Tbilisi,41.1704,44.2944,2027-01-22T04:00:00+00:00,4.84,85.47
Telavi,42.2314,43.0452,2027-01-22T05:00:00+00:00,32.46,50.14
Kutaisi,42.9563,41.7647,2027-01-22T06:00:00+00:00,25.58,84.07
Kutaisi,42.6991,41.0336,2027-01-22T07:00:00+00:00,4.92,85.76
Telavi,41.5153,44.5541,2027-01-22T08:00:00+00:00,7.72,87.51
Batumi,41.9643,44.0934,2027-01-22T09:00:00+00:00,29.02,26.79
Tbilisi,41.9924,43.4793,2027-01-22T10:00:00+00:00,20.69,25.13
Kutaisi,41.1242,43.0952,2027-01-22T11:00:00+00:00,25.3,73.33
Batumi,42.932,41.7331,2027-01-22T12:00:00+00:00,8.34,63.54
Tbilisi,42.1816,43.5782,2027-01-22T13:00:00+00:00,2.74,52.17
Batumi,41.5965,41.9192,2027-01-22T14:00:00+00:00,6.76,89.74
Kutaisi,42.6933,42.4331,2027-01-22T15:00:00+00:00,19.36,74.58
Telavi,41.8625,43.2197,2027-01-22T16:00:00+00:00,33.35,49.12
Batumi,42.5489,42.5761,2027-01-22T17:00:00+00:00,-2.37,87.81
Tbilisi,42.3837,43.3522,2027-01-22T18:00:00+00:00,7.85,74.42
Tbilisi,42.5729,44.1494,2027-01-22T19:00:00+00:00,34.1,68.16
Kutaisi,41.1797,44.4754,2027-01-22T20:00:00+00:00,33.44,31.65
Kutaisi,41.1569,42.7584,2027-01-22T21:00:00+00:00,2.7,37.91
Tbilisi,42.1167,42.7701,2027-01-22T22:00:00+00:00,-4.94,44.24
Tbilisi,42.4578,45.0388,2027-01-22T23:00:00+00:00,7.84,78.46
Kutaisi,41.5425,45.0038,2027-01-23T00:00:00+00:00,10.7,45.6
Tbilisi,42.8437,41.2345,2027-01-23T01:00:00+00:00,14.68,53.1
Tbilisi,41.5701,43.9392,2027-01-23T02:00:00+00:00,30.69,76.08
Kutaisi,41.6379,42.5588,2027-01-23T03:00:00+00:00,16.58,88.93
Batumi,42.2084,44.9423,2027-01-23T04:00:00+00:00,16.84,32.47
Tbilisi,42.3619,43.9428,2027-01-23T05:00:00+00:00,10.75,31.22
Tbilisi,41.4771,42.8587,2027-01-23T06:00:00+00:00,27.83,58.83
Kutaisi,42.2567,44.4669,2027-01-23T07:00:00+00:00,-4.16,51.14
Tbilisi,41.3031,42.6085,2027-01-23T08:00:00+00:00,19.32,43.66
Telavi,41.565,43.1866,2027-01-23T09:00:00+00:00,19.01,80.69
Batumi,41.6851,43.0876,2027-01-23T10:00:00+00:00,3.0,85.28
Telavi,41.6,45.25,2027-01-23T11:00:00+00:00,15.13,55.51
Tbilisi,42.5242,45.2022,2027-01-23T12:00:00+00:00,14.5,55.39
Telavi,42.9848,41.2128,2027-01-23T13:00:00+00:00,1.73,88.53
Tbilisi,42.199,44.0757,2027-01-23T14:00:00+00:00,16.63,70.6
Kutaisi,42.7313,41.3943,2027-01-23T15:00:00+00:00,2.99,79.93
Batumi,42.6215,42.8929,2027-01-23T16:00:00+00:00,-1.15,57.6
Kutaisi,42.1218,42.7146,2027-01-23T17:00:00+00:00,27.01,36.87
Tbilisi,41.2229,44.281,2027-01-23T18:00:00+00:00,-3.71,89.59
Batumi,41.2935,42.5677,2027-01-23T19:00:00+00:00,19.02,52.93
Tbilisi,41.9521,45.7599,2027-01-23T20:00:00+00:00,9.53,39.5
Telavi,42.4528,45.7929,2027-01-23T21:00:00+00:00,-2.73,57.23
Batumi,42.8371,45.477,2027-01-23T22:00:00+00:00,-1.8,72.55
Kutaisi,41.7808,41.3671,2027-01-23T23:00:00+00:00,19.7,43.73
Batumi,42.1532,43.1061,2027-01-24T00:00:00+00:00,26.71,76.27
Telavi,41.2645,43.0372,2027-01-24T01:00:00+00:00,4.93,69.22
Telavi,42.8457,42.8165,2027-01-24T02:00:00+00:00,34.05,29.65
Telavi,41.1473,43.6731,2027-01-24T03:00:00+00:00,-4.34,46.18
Telavi,41.0119,45.5342,2027-01-24T04:00:00+00:00,15.68,23.39
Tbilisi,41.7867,41.2076,2027-01-24T05:00:00+00:00,10.83,50.38
Tbilisi,41.7419,41.6463,2027-01-24T06:00:00+00:00,16.24,64.87
Telavi,41.532,41.0401,2027-01-24T07:00:00+00:00,16.8,28.45
Batumi,42.1733,43.9618,2027-01-24T08:00:00+00:00,34.54,24.11
Batumi,42.2782,41.7158,2027-01-24T09:00:00+00:00,0.41,62.58
Kutaisi,41.3162,42.0002,2027-01-24T10:00:00+00:00,32.71,72.99
Telavi,42.3922,42.8333,2027-01-24T11:00:00+00:00,29.3,60.21
Batumi,42.9384,41.2083,2027-01-24T12:00:00+00:00,19.93,57.34
Tbilisi,41.2661,45.835,2027-01-24T13:00:00+00:00,8.95,77.03
Telavi,42.8689,44.3079,2027-01-24T14:00:00+00:00,5.31,39.13
Batumi,41.0877,42.4291,2027-01-24T15:00:00+00:00,17.27,62.35
Kutaisi,42.8515,42.1256,2027-01-24T16:00:00+00:00,-1.38,59.02
Tbilisi,42.4367,43.9762,2027-01-24T17:00:00+00:00,8.91,44.53
Batumi,41.5668,45.1948,2027-01-24T18:00:00+00:00,6.32,43.11
Telavi,41.3138,41.8394,2027-01-24T19:00:00+00:00,26.77,45.97
Tbilisi,41.9866,43.4752,2027-01-24T20:00:00+00:00,7.6,48.52
Tbilisi,41.4695,45.0581,2027-01-24T21:00:00+00:00,-0.9,49.4
Batumi,41.6192,43.1153,2027-01-24T22:00:00+00:00,12.91,40.74
Batumi,42.5155,45.509,2027-01-24T23:00:00+00:00,11.24,29.18
Kutaisi,42.5996,41.3144,2027-01-25T00:00:00+00:00,15.16,21.9
Kutaisi,42.9098,44.4045,2027-01-25T01:00:00+00:00,-2.29,36.13
Tbilisi,41.8463,45.0448,2027-01-25T02:00:00+00:00,7.64,23.78
Telavi,42.1442,42.8671,2027-01-25T03:00:00+00:00,2.17,41.16
Batumi,41.4906,42.632,2027-01-25T04:00:00+00:00,12.69,38.57
Telavi,42.9373,44.6596,2027-01-25T05:00:00+00:00,9.61,26.8
Kutaisi,42.3888,45.9376,2027-01-25T06:00:00+00:00,13.7,23.81
Telavi,41.2462,45.6679,2027-01-25T07:00:00+00:00,-1.8,65.01
Telavi,41.8695,44.718,2027-01-25T08:00:00+00:00,7.01,70.3
Batumi,41.8594,42.9417,2027-01-25T09:00:00+00:00,-0.08,36.45
Kutaisi,42.427,43.4745,2027-01-25T10:00:00+00:00,20.09,59.17
Telavi,42.0939,41.0346,2027-01-25T11:00:00+00:00,22.47,23.44
Batumi,42.9411,45.9691,2027-01-25T12:00:00+00:00,22.76,79.33
Tbilisi,42.0841,42.2218,2027-01-25T13:00:00+00:00,-4.76,64.97
Batumi,41.3279,44.0173,2027-01-25T14:00:00+00:00,12.3,36.93
Batumi,42.7006,41.7183,2027-01-25T15:00:00+00:00,23.26,68.9
Batumi,42.5723,41.6663,2027-01-25T16:00:00+00:00,17.62,80.24
Kutaisi,41.5182,41.9302,2027-01-25T17:00:00+00:00,17.43,29.34
Batumi,42.5262,45.0774,2027-01-25T18:00:00+00:00,32.39,82.7
Telavi,41.7521,45.2973,2027-01-25T19:00:00+00:00,21.11,38.08
Telavi,41.9468,42.1838,2027-01-25T20:00:00+00:00,32.32,31.16
Kutaisi,42.3034,41.2337,2027-01-25T21:00:00+00:00,4.53,32.77
Tbilisi,41.5027,45.9579,2027-01-25T22:00:00+00:00,-2.39,63.18
Batumi,42.5223,41.8759,2027-01-25T23:00:00+00:00,6.16,29.68
Kutaisi,41.9893,41.353,2027-01-26T00:00:00+00:00,18.64,30.45
Tbilisi,42.5994,43.4164,2027-01-26T01:00:00+00:00,27.8,80.34
Kutaisi,42.6855,44.4502,2027-01-26T02:00:00+00:00,0.07,47.23
Telavi,41.6472,43.842,2027-01-26T03:00:00+00:00,19.37,24.86
Batumi,41.2486,41.0189,2027-01-26T04:00:00+00:00,28.29,75.2
Batumi,41.4269,41.7736,2027-01-26T05:00:00+00:00,25.94,50.27
Batumi,42.8272,43.4638,2027-01-26T06:00:00+00:00,13.7,35.28
Tbilisi,41.8283,44.6299,2027-01-26T07:00:00+00:00,22.99,22.36
Telavi,41.8036,42.4937,2027-01-26T08:00:00+00:00,14.13,84.79
Telavi,41.0069,43.7926,2027-01-26T09:00:00+00:00,-2.91,46.49
Tbilisi,41.6701,42.566,2027-01-26T10:00:00+00:00,19.96,75.73
Batumi,42.2603,41.4241,2027-01-26T11:00:00+00:00,27.96,64.82
Kutaisi,42.4558,41.6614,2027-01-26T12:00:00+00:00,14.84,21.3
Telavi,41.9465,44.7931,2027-01-26T13:00:00+00:00,15.25,49.96
Telavi,41.2754,43.8459,2027-01-26T14:00:00+00:00,-4.9,84.82
Batumi,41.0276,41.2,2027-01-26T15:00:00+00:00,23.26,33.36
Kutaisi,42.2686,44.9693,2027-01-26T16:00:00+00:00,32.75,81.81
Kutaisi,42.8917,44.6446,2027-01-26T17:00:00+00:00,6.31,51.35
Kutaisi,42.19,44.2284,2027-01-26T18:00:00+00:00,3.35,56.59
Batumi,42.9619,44.4949,2027-01-26T19:00:00+00:00,17.83,53.91
Kutaisi,42.6842,43.9908,2027-01-26T20:00:00+00:00,-1.9,61.91
Telavi,41.0688,44.7005,2027-01-26T21:00:00+00:00,30.55,76.97
Tbilisi,42.7336,43.9861,2027-01-26T22:00:00+00:00,27.02,34.53
Telavi,42.5502,43.1826,2027-01-26T23:00:00+00:00,3.66,29.23
Batumi,42.9507,42.2863,2027-01-27T00:00:00+00:00,10.24,29.15
Batumi,42.4372,43.9286,2027-01-27T01:00:00+00:00,32.38,57.36
Tbilisi,42.3211,45.5511,2027-01-27T02:00:00+00:00,8.18,40.18
Kutaisi,41.456,41.0814,2027-01-27T03:00:00+00:00,22.99,32.77
Telavi,41.8739,44.4951,2027-01-27T04:00:00+00:00,31.77,31.43
Batumi,42.6332,45.8608,2027-01-27T05:00:00+00:00,23.13,41.29
Telavi,41.6003,45.1336,2027-01-27T06:00:00+00:00,32.17,31.31
Telavi,42.4303,44.7326,2027-01-27T07:00:00+00:00,22.84,24.49
Batumi,42.818,41.6438,2027-01-27T08:00:00+00:00,13.01,65.01
Telavi,41.1156,44.2863,2027-01-27T09:00:00+00:00,33.9,40.31
Telavi,42.0443,42.9221,2027-01-27T10:00:00+00:00,-1.92,71.19
Kutaisi,42.1511,42.8504,2027-01-27T11:00:00+00:00,7.24,72.33
Kutaisi,41.7828,44.7652,2027-01-27T12:00:00+00:00,7.98,49.99
Telavi,42.2471,43.8368,2027-01-27T13:00:00+00:00,26.87,33.5
Batumi,42.9421,45.2816,2027-01-27T14:00:00+00:00,29.32,51.13
Batumi,41.7899,41.5967,2027-01-27T15:00:00+00:00,28.58,24.15
Batumi,41.8344,42.921,2027-01-27T16:00:00+00:00,0.3,26.93
Kutaisi,41.7127,42.5933,2027-01-27T17:00:00+00:00,12.98,55.46
Kutaisi,41.6611,44.3275,2027-01-27T18:00:00+00:00,15.91,47.9
Kutaisi,42.5032,42.7924,2027-01-27T19:00:00+00:00,14.74,26.99
Batumi,41.5095,43.1548,2027-01-27T20:00:00+00:00,-4.77,23.66
Telavi,41.6752,44.9345,2027-01-27T21:00:00+00:00,11.6,57.17
Batumi,41.5823,41.2874,2027-01-27T22:00:00+00:00,-2.15,46.78
Kutaisi,41.6502,41.7695,2027-01-27T23:00:00+00:00,30.67,80.31
Kutaisi,41.1374,43.5615,2027-01-28T00:00:00+00:00,19.46,85.31
Tbilisi,41.2874,45.2402,2027-01-28T01:00:00+00:00,3.07,57.05
Telavi,41.034,44.8777,2027-01-28T02:00:00+00:00,28.46,77.44
Tbilisi,42.4604,43.2632,2027-01-28T03:00:00+00:00,33.33,48.57
Tbilisi,42.7638,42.4915,2027-01-28T04:00:00+00:00,32.46,30.77
Batumi,42.0254,43.0561,2027-01-28T05:00:00+00:00,1.93,75.81
Kutaisi,42.4626,43.7028,2027-01-28T06:00:00+00:00,24.44,35.63
Kutaisi,42.4934,42.063,2027-01-28T07:00:00+00:00,21.72,20.85
Telavi,42.2759,45.1184,2027-01-28T08:00:00+00:00,14.03,53.94
Telavi,41.2699,42.3637,2027-01-28T09:00:00+00:00,34.6,58.87
Tbilisi,41.4195,42.9462,2027-01-28T10:00:00+00:00,5.81,20.92
Kutaisi,42.8287,43.3202,2027-01-28T11:00:00+00:00,9.16,73.91
Telavi,41.5983,43.5472,2027-01-28T12:00:00+00:00,34.35,60.11
Telavi,42.2804,45.7667,2027-01-28T13:00:00+00:00,17.92,67.38
Kutaisi,42.169,44.1397,2027-01-28T14:00:00+00:00,16.94,29.82
Telavi,41.0022,44.5861,2027-01-28T15:00:00+00:00,5.04,30.3
Tbilisi,42.6029,45.8472,2027-01-28T16:00:00+00:00,9.15,57.13
Batumi,41.6642,42.4018,2027-01-28T17:00:00+00:00,28.66,21.23
Batumi,42.6888,41.7678,2027-01-28T18:00:00+00:00,4.09,59.45
Telavi,42.33,43.3558,2027-01-28T19:00:00+00:00,16.3,52.22
Kutaisi,42.9113,41.5684,2027-01-28T20:00:00+00:00,7.35,55.94
Telavi,42.4756,45.9671,2027-01-28T21:00:00+00:00,22.47,70.51
Batumi,41.0074,43.6099,2027-01-28T22:00:00+00:00,23.96,78.74
Kutaisi,42.5734,43.6,2027-01-28T23:00:00+00:00,10.86,56.0
Kutaisi,41.212,43.1014,2027-01-29T00:00:00+00:00,4.79,73.65
Batumi,42.9421,43.1468,2027-01-29T01:00:00+00:00,24.47,45.24
Telavi,42.4329,44.7837,2027-01-29T02:00:00+00:00,1.63,49.4
Telavi,41.5851,43.5818,2027-01-29T03:00:00+00:00,-1.05,88.75
Batumi,42.3996,42.9197,2027-01-29T04:00:00+00:00,2.27,61.32
Tbilisi,41.7431,45.9086,2027-01-29T05:00:00+00:00,16.19,82.55
Tbilisi,41.9375,43.5033,2027-01-29T06:00:00+00:00,6.8,30.27
Telavi,42.6467,45.1085,2027-01-29T07:00:00+00:00,17.53,49.0
Tbilisi,42.8671,45.6393,2027-01-29T08:00:00+00:00,4.42,52.21
Batumi,41.4401,43.3688,2027-01-29T09:00:00+00:00,13.01,55.18
Tbilisi,42.9614,45.4195,2027-01-29T10:00:00+00:00,4.12,67.55
Tbilisi,41.0718,45.0628,2027-01-29T11:00:00+00:00,25.52,49.99
Kutaisi,42.7458,44.5723,2027-01-29T12:00:00+00:00,20.11,51.36
Kutaisi,42.6198,45.9222,2027-01-29T13:00:00+00:00,18.24,69.23
Tbilisi,42.2542,43.2259,2027-01-29T14:00:00+00:00,14.86,41.97
Tbilisi,42.9777,45.3926,2027-01-29T15:00:00+00:00,16.79,63.7
Tbilisi,42.686,44.7447,2027-01-29T16:00:00+00:00,13.51,24.64
Tbilisi,41.6408,44.0126,2027-01-29T17:00:00+00:00,17.31,41.17
Telavi,41.3353,45.1339,2027-01-29T18:00:00+00:00,3.4,38.45
Telavi,41.822,43.6256,2027-01-29T19:00:00+00:00,29.45,87.16
Telavi,41.7972,41.7547,2027-01-29T20:00:00+00:00,18.75,67.69
Batumi,41.229,44.158,2027-01-29T21:00:00+00:00,21.72,21.95
Kutaisi,42.4765,43.7359,2027-01-29T22:00:00+00:00,27.29,26.98
Telavi,42.6947,44.9207,2027-01-29T23:00:00+00:00,-1.07,73.69
Tbilisi,42.2977,43.4423,2027-01-30T00:00:00+00:00,31.62,47.16
Tbilisi,42.7462,41.2354,2027-01-30T01:00:00+00:00,18.45,35.36
Batumi,42.179,41.7199,2027-01-30T02:00:00+00:00,17.13,82.54
Batumi,41.5498,44.5322,2027-01-30T03:00:00+00:00,21.51,79.47
Kutaisi,42.2149,43.2706,2027-01-30T04:00:00+00:00,-3.15,69.97
Tbilisi,41.8414,42.6395,2027-01-30T05:00:00+00:00,15.44,48.96
Batumi,42.9931,41.955,2027-01-30T06:00:00+00:00,9.17,51.23
Telavi,41.8845,44.6987,2027-01-30T07:00:00+00:00,25.64,78.79
Batumi,41.2003,42.6463,2027-01-30T08:00:00+00:00,20.29,67.69
Kutaisi,41.88,45.5253,2027-01-30T09:00:00+00:00,9.3,65.06
Telavi,42.2357,44.3775,2027-01-30T10:00:00+00:00,24.57,56.16
Kutaisi,41.5268,42.5559,2027-01-30T11:00:00+00:00,34.27,57.62
Tbilisi,42.9437,42.5568,2027-01-30T12:00:00+00:00,7.34,53.84
Tbilisi,42.3028,44.5078,2027-01-30T13:00:00+00:00,25.1,85.53
Kutaisi,42.7017,41.9923,2027-01-30T14:00:00+00:00,16.43,51.08
Kutaisi,42.2556,42.9677,2027-01-30T15:00:00+00:00,32.38,57.37
Tbilisi,42.4873,43.9139,2027-01-30T16:00:00+00:00,12.52,81.09
Telavi,42.0755,45.3686,2027-01-30T17:00:00+00:00,0.68,64.72
Kutaisi,42.6086,44.1378,2027-01-30T18:00:00+00:00,9.29,55.87
Kutaisi,41.824,43.3651,2027-01-30T19:00:00+00:00,27.41,21.73
Batumi,42.6388,43.1163,2027-01-30T20:00:00+00:00,29.25,86.76
Tbilisi,41.1328,42.0896,2027-01-30T21:00:00+00:00,0.39,42.35
Batumi,42.5168,43.5302,2027-01-30T22:00:00+00:00,3.33,28.33
Telavi,41.7321,44.5321,2027-01-30T23:00:00+00:00,1.41,83.7
Batumi,42.3251,42.1676,2027-01-31T00:00:00+00:00,15.36,87.32
Batumi,42.4213,41.6835,2027-01-31T01:00:00+00:00,28.19,43.2
Kutaisi,42.8435,44.3094,2027-01-31T02:00:00+00:00,20.7,89.72
Batumi,41.4533,42.5004,2027-01-31T03:00:00+00:00,10.04,89.49
Kutaisi,41.1379,42.7348,2027-01-31T04:00:00+00:00,24.55,57.63
Telavi,42.5942,41.1198,2027-01-31T05:00:00+00:00,13.66,34.51
Kutaisi,42.5894,45.2328,2027-01-31T06:00:00+00:00,23.36,47.21
Tbilisi,41.6908,44.1609,2027-01-31T07:00:00+00:00,9.27,39.84
Tbilisi,42.8432,43.4353,2027-01-31T08:00:00+00:00,24.63,84.63
Tbilisi,41.8494,43.2098,2027-01-31T09:00:00+00:00,8.47,86.38
Batumi,41.1538,44.322,2027-01-31T10:00:00+00:00,11.18,58.63
Kutaisi,42.7825,41.4944,2027-01-31T11:00:00+00:00,26.51,40.99
Kutaisi,42.3353,42.933,2027-01-31T12:00:00+00:00,30.57,69.37
Kutaisi,42.6346,42.017,2027-01-31T13:00:00+00:00,14.47,51.48
Tbilisi,42.4719,41.6423,2027-01-31T14:00:00+00:00,27.41,80.16
Telavi,41.5772,44.1846,2027-01-31T15:00:00+00:00,4.65,34.09
Tbilisi,42.6238,43.1238,2027-01-31T16:00:00+00:00,29.11,44.35
Tbilisi,42.1503,44.229,2027-01-31T17:00:00+00:00,10.38,77.34
Tbilisi,42.1157,41.943,2027-01-31T18:00:00+00:00,10.08,52.18
Telavi,42.9799,43.0693,2027-01-31T19:00:00+00:00,33.1,20.1
Kutaisi,42.4932,45.5764,2027-01-31T20:00:00+00:00,6.12,76.79
Tbilisi,41.2689,45.2451,2027-01-31T21:00:00+00:00,0.12,67.6
Batumi,41.5373,43.9419,2027-01-31T22:00:00+00:00,-3.42,82.98
Batumi,42.4504,45.8597,2027-01-31T23:00:00+00:00,17.15,82.38
Telavi,41.7162,44.7018,2027-02-01T00:00:00+00:00,-1.25,80.5
Tbilisi,41.6548,44.1783,2027-02-01T01:00:00+00:00,6.04,48.25
Kutaisi,41.5875,44.0839,2027-02-01T02:00:00+00:00,3.45,74.38
Kutaisi,41.1253,42.5202,2027-02-01T03:00:00+00:00,10.82,45.23
Kutaisi,41.2802,45.045,2027-02-01T04:00:00+00:00,27.54,27.7
Telavi,41.4927,44.758,2027-02-01T05:00:00+00:00,10.18,24.65
Kutaisi,42.4701,44.2142,2027-02-01T06:00:00+00:00,30.75,64.36
Kutaisi,42.1653,41.7898,2027-02-01T07:00:00+00:00,2.31,67.97
Telavi,42.7016,42.3135,2027-02-01T08:00:00+00:00,-1.29,62.55
Tbilisi,41.4327,45.2916,2027-02-01T09:00:00+00:00,26.71,77.0
Kutaisi,41.005,41.8945,2027-02-01T10:00:00+00:00,27.06,44.03
Batumi,42.6635,44.909,2027-02-01T11:00:00+00:00,5.84,40.2
Kutaisi,42.75,42.9967,2027-02-01T12:00:00+00:00,0.63,57.34
Batumi,42.1453,42.5035,2027-02-01T13:00:00+00:00,25.2,86.97
Tbilisi,41.5054,42.806,2027-02-01T14:00:00+00:00,10.12,71.73
Tbilisi,41.7476,43.411,2027-02-01T15:00:00+00:00,18.21,33.86
Kutaisi,41.1856,42.3036,2027-02-01T16:00:00+00:00,26.27,52.06
Telavi,42.1793,42.5841,2027-02-01T17:00:00+00:00,-2.46,81.24
Tbilisi,41.579,43.9158,2027-02-01T18:00:00+00:00,6.42,50.86
Telavi,41.8499,43.5692,2027-02-01T19:00:00+00:00,-2.93,56.98
Kutaisi,42.0041,41.2989,2027-02-01T20:00:00+00:00,23.92,57.51
Batumi,41.1715,42.0307,2027-02-01T21:00:00+00:00,-1.63,26.45
Tbilisi,41.5003,43.1657,2027-02-01T22:00:00+00:00,16.39,31.96
Tbilisi,42.8906,41.0739,2027-02-01T23:00:00+00:00,26.94,25.43
Telavi,41.1946,44.0757,2027-02-02T00:00:00+00:00,11.22,56.72
Telavi,41.6024,42.6533,2027-02-02T01:00:00+00:00,13.17,23.7
Tbilisi,41.2856,43.1391,2027-02-02T02:00:00+00:00,18.13,33.85
Tbilisi,41.7446,42.3164,2027-02-02T03:00:00+00:00,23.27,33.73
Telavi,41.0665,41.9234,2027-02-02T04:00:00+00:00,-2.83,87.13
Telavi,42.7486,45.884,2027-02-02T05:00:00+00:00,22.66,43.46
Tbilisi,42.3506,45.5776,2027-02-02T06:00:00+00:00,0.52,40.18
Tbilisi,41.1917,44.9413,2027-02-02T07:00:00+00:00,-3.91,48.62
Tbilisi,41.2062,41.3769,2027-02-02T08:00:00+00:00,7.79,61.22
Batumi,41.0382,45.9155,2027-02-02T09:00:00+00:00,11.07,82.5
Batumi,42.6976,43.5965,2027-02-02T10:00:00+00:00,0.15,79.7
Kutaisi,41.0747,45.9561,2027-02-02T11:00:00+00:00,4.28,88.41
Batumi,41.3684,41.8805,2027-02-02T12:00:00+00:00,9.9,29.79
Tbilisi,41.1912,44.3163,2027-02-02T13:00:00+00:00,19.56,23.24
Tbilisi,41.2277,42.0387,2027-02-02T14:00:00+00:00,16.37,34.64
Tbilisi,41.3849,44.2087,2027-02-02T15:00:00+00:00,9.54,56.19
Tbilisi,42.5932,41.7916,2027-02-02T16:00:00+00:00,24.32,37.79
Telavi,42.3585,42.6663,2027-02-02T17:00:00+00:00,3.66,33.0
Telavi,41.5968,45.0208,2027-02-02T18:00:00+00:00,19.38,49.97
Tbilisi,41.3465,43.9182,2027-02-02T19:00:00+00:00,12.2,33.53
Batumi,42.4908,44.6484,2027-02-02T20:00:00+00:00,18.33,44.96
Telavi,42.5007,44.1833,2027-02-02T21:00:00+00:00,13.94,83.34
Batumi,41.5535,43.8642,2027-02-02T22:00:00+00:00,20.48,45.24
Telavi,42.6608,42.7811,2027-02-02T23:00:00+00:00,28.39,26.45
Batumi,42.9946,45.9092,2027-02-03T00:00:00+00:00,11.17,76.99
Tbilisi,41.535,44.8202,2027-02-03T01:00:00+00:00,10.6,31.04
Batumi,42.7447,43.5545,2027-02-03T02:00:00+00:00,19.78,49.16
Kutaisi,41.2105,43.3637,2027-02-03T03:00:00+00:00,34.7,35.34
Telavi,42.698,44.4898,2027-02-03T04:00:00+00:00,1.37,81.47
Kutaisi,42.8476,42.969,2027-02-03T05:00:00+00:00,23.79,66.68
Kutaisi,41.4168,43.9028,2027-02-03T06:00:00+00:00,22.58,84.82
Batumi,42.5238,45.4035,2027-02-03T07:00:00+00:00,18.06,82.18
Batumi,41.3082,42.0127,2027-02-03T08:00:00+00:00,31.43,72.85
Telavi,41.9877,43.962,2027-02-03T09:00:00+00:00,6.91,43.71
Tbilisi,41.3133,43.2883,2027-02-03T10:00:00+00:00,20.79,85.38
Batumi,42.4899,43.7353,2027-02-03T11:00:00+00:00,3.98,39.0
Kutaisi,41.8216,42.6426,2027-02-03T12:00:00+00:00,24.96,37.24
Tbilisi,41.8259,41.5063,2027-02-03T13:00:00+00:00,24.23,30.3
Telavi,42.1805,42.1818,2027-02-03T14:00:00+00:00,19.34,82.26
Tbilisi,41.8306,42.7724,2027-02-03T15:00:00+00:00,3.98,86.24
Tbilisi,41.203,45.4847,2027-02-03T16:00:00+00:00,15.61,33.77
Telavi,41.1768,42.2242,2027-02-03T17:00:00+00:00,14.88,34.58
Batumi,41.7591,43.3577,2027-02-03T18:00:00+00:00,1.64,78.11
Tbilisi,42.886,42.3693,2027-02-03T19:00:00+00:00,19.54,77.02
Tbilisi,42.1119,41.6997,2027-02-03T20:00:00+00:00,24.28,60.17
Tbilisi,41.2636,41.6124,2027-02-03T21:00:00+00:00,6.42,74.86
Kutaisi,42.566,43.2101,2027-02-03T22:00:00+00:00,2.36,64.97
Batumi,42.4973,45.9575,2027-02-03T23:00:00+00:00,20.31,47.2
Kutaisi,41.6889,43.0273,2027-02-04T00:00:00+00:00,31.69,33.39
Tbilisi,41.92,44.7403,2027-02-04T01:00:00+00:00,18.4,76.46
Kutaisi,41.0227,42.9771,2027-02-04T02:00:00+00:00,17.91,55.39
Tbilisi,42.987,41.5492,2027-02-04T03:00:00+00:00,20.68,69.18
Telavi,42.4372,43.8358,2027-02-04T04:00:00+00:00,-1.46,48.7
Tbilisi,41.8234,45.445,2027-02-04T05:00:00+00:00,3.97,43.0
Tbilisi,41.0657,45.7797,2027-02-04T06:00:00+00:00,-0.7,44.49
Tbilisi,41.2272,44.8804,2027-02-04T07:00:00+00:00,4.88,62.11
Tbilisi,42.5228,41.4065,2027-02-04T08:00:00+00:00,4.06,39.05
Kutaisi,41.4309,45.5882,2027-02-04T09:00:00+00:00,11.77,53.74
Batumi,42.914,42.3682,2027-02-04T10:00:00+00:00,26.78,39.7
Kutaisi,41.1772,41.3104,2027-02-04T11:00:00+00:00,-2.15,50.39
Batumi,41.0754,45.9699,2027-02-04T12:00:00+00:00,31.35,26.38
Telavi,41.0208,42.4146,2027-02-04T13:00:00+00:00,21.18,61.32
Tbilisi,42.5433,41.2378,2027-02-04T14:00:00+00:00,7.46,82.93
Batumi,42.7873,41.1933,2027-02-04T15:00:00+00:00,16.19,78.16
Telavi,42.7064,45.6291,2027-02-04T16:00:00+00:00,11.17,58.1
Tbilisi,42.496,41.3618,2027-02-04T17:00:00+00:00,19.83,22.77
Kutaisi,41.2888,45.7739,2027-02-04T18:00:00+00:00,25.79,38.05
Kutaisi,41.6047,42.3057,2027-02-04T19:00:00+00:00,1.24,24.19
Kutaisi,41.395,43.1273,2027-02-04T20:00:00+00:00,22.81,59.58
Tbilisi,41.9713,45.6961,2027-02-04T21:00:00+00:00,18.67,34.38
Telavi,41.1175,42.6196,2027-02-04T22:00:00+00:00,14.22,79.86
Tbilisi,42.5814,41.58,2027-02-04T23:00:00+00:00,30.08,74.79
Tbilisi,42.1659,42.5472,2027-02-05T00:00:00+00:00,28.9,21.14
Batumi,41.6069,43.3197,2027-02-05T01:00:00+00:00,29.7,31.31
Tbilisi,41.5787,41.5962,2027-02-05T02:00:00+00:00,28.62,52.16
Kutaisi,41.6342,45.5432,2027-02-05T03:00:00+00:00,32.36,25.26
Batumi,42.9395,43.3822,2027-02-05T04:00:00+00:00,15.4,54.36
Kutaisi,42.7204,41.9376,2027-02-05T05:00:00+00:00,-2.13,58.79
Tbilisi,41.075,44.1858,2027-02-05T06:00:00+00:00,7.07,87.94
Telavi,41.2442,43.888,2027-02-05T07:00:00+00:00,6.45,37.47
Batumi,41.2379,42.4198,2027-02-05T08:00:00+00:00,-3.08,69.7
Tbilisi,42.8402,42.089,2027-02-05T09:00:00+00:00,-2.94,61.78
Telavi,42.9316,41.9277,2027-02-05T10:00:00+00:00,-2.34,58.35
Kutaisi,41.6743,45.9917,2027-02-05T11:00:00+00:00,2.02,65.92
Kutaisi,42.7868,41.0101,2027-02-05T12:00:00+00:00,20.32,39.81
Tbilisi,42.8685,43.3327,2027-02-05T13:00:00+00:00,16.71,69.34
Kutaisi,42.0412,45.5745,2027-02-05T14:00:00+00:00,9.36,47.33
Kutaisi,42.0134,45.9099,2027-02-05T15:00:00+00:00,18.92,88.68
Tbilisi,41.7385,43.9542,2027-02-05T16:00:00+00:00,20.15,71.13
Telavi,41.9028,45.6954,2027-02-05T17:00:00+00:00,31.68,34.57
Kutaisi,42.5566,42.4812,2027-02-05T18:00:00+00:00,0.83,89.34
Telavi,42.2763,41.4321,2027-02-05T19:00:00+00:00,1.24,48.29
Kutaisi,41.8102,41.1295,2027-02-05T20:00:00+00:00,10.31,20.56
Tbilisi,42.3267,41.415,2027-02-05T21:00:00+00:00,29.36,65.77
Kutaisi,41.2225,42.1124,2027-02-05T22:00:00+00:00,34.47,46.47
Telavi,42.7223,42.3034,2027-02-05T23:00:00+00:00,26.5,55.84
Tbilisi,42.7539,41.0172,2027-02-06T00:00:00+00:00,20.53,76.89
Telavi,42.083,41.295,2027-02-06T01:00:00+00:00,5.88,88.04
Tbilisi,41.9717,43.6815,2027-02-06T02:00:00+00:00,-4.69,48.54
Batumi,42.003,41.5566,2027-02-06T03:00:00+00:00,9.05,75.49
Batumi,41.28,41.7141,2027-02-06T04:00:00+00:00,0.92,32.25
Batumi,41.5678,43.6803,2027-02-06T05:00:00+00:00,13.84,80.64
Batumi,41.7158,44.03,2027-02-06T06:00:00+00:00,18.82,22.24
Kutaisi,41.1845,44.6314,2027-02-06T07:00:00+00:00,17.17,51.67
Tbilisi,41.4563,45.4495,2027-02-06T08:00:00+00:00,-0.93,28.08
Batumi,41.6941,41.1485,2027-02-06T09:00:00+00:00,29.12,74.2
Batumi,41.6374,44.8988,2027-02-06T10:00:00+00:00,12.72,30.19
Batumi,42.8471,41.0383,2027-02-06T11:00:00+00:00,32.18,40.25
Kutaisi,42.913,43.7826,2027-02-06T12:00:00+00:00,-3.36,73.14
Batumi,41.0584,45.6332,2027-02-06T13:00:00+00:00,-4.31,25.1
Kutaisi,41.2047,42.4385,2027-02-06T14:00:00+00:00,29.67,86.03
Batumi,41.6026,44.0663,2027-02-06T15:00:00+00:00,29.86,28.84
Tbilisi,42.8597,42.3132,2027-02-06T16:00:00+00:00,13.78,48.7
Telavi,41.5757,45.4189,2027-02-06T17:00:00+00:00,0.16,22.55
Tbilisi,42.2831,44.3707,2027-02-06T18:00:00+00:00,32.05,35.63
Telavi,41.444,42.7218,2027-02-06T19:00:00+00:00,34.25,59.15
Tbilisi,42.3474,42.1367,2027-02-06T20:00:00+00:00,17.33,74.12
Batumi,41.1947,45.1195,2027-02-06T21:00:00+00:00,19.82,83.34
Telavi,41.5012,45.5886,2027-02-06T22:00:00+00:00,4.58,70.43
Tbilisi,41.6379,42.6597,2027-02-06T23:00:00+00:00,7.93,44.11
Telavi,42.5685,43.9618,2027-02-07T00:00:00+00:00,7.24,73.77
Kutaisi,41.3731,45.474,2027-02-07T01:00:00+00:00,-4.97,49.34
Telavi,42.1329,41.2442,2027-02-07T02:00:00+00:00,6.92,82.57
Telavi,41.0295,41.3334,2027-02-07T03:00:00+00:00,-3.06,43.21
Telavi,41.4812,43.2617,2027-02-07T04:00:00+00:00,5.93,51.08
Tbilisi,41.166,42.5917,2027-02-07T05:00:00+00:00,12.77,26.53
Batumi,41.8365,43.8007,2027-02-07T06:00:00+00:00,6.95,82.92
Tbilisi,41.28,42.0998,2027-02-07T07:00:00+00:00,-4.18,39.62
Telavi,42.4458,44.0798,2027-02-07T08:00:00+00:00,1.43,62.9
Telavi,41.5915,42.5065,2027-02-07T09:00:00+00:00,25.95,54.92
Batumi,41.6462,45.3822,2027-02-07T10:00:00+00:00,-4.63,39.74
Batumi,41.4808,41.7042,2027-02-07T11:00:00+00:00,5.02,34.88
Tbilisi,42.5336,42.3695,2027-02-07T12:00:00+00:00,13.17,28.82
Tbilisi,42.4403,42.71,2027-02-07T13:00:00+00:00,32.69,47.88
Tbilisi,41.6553,42.6902,2027-02-07T14:00:00+00:00,13.34,79.21
Tbilisi,41.7683,45.1705,2027-02-07T15:00:00+00:00,17.52,46.52
Batumi,41.5551,42.8446,2027-02-07T16:00:00+00:00,-2.54,89.77
Batumi,41.4432,41.722,2027-02-07T17:00:00+00:00,26.79,67.3
Kutaisi,41.7177,45.6546,2027-02-07T18:00:00+00:00,28.93,42.55
Batumi,42.0507,42.1318,2027-02-07T19:00:00+00:00,6.18,83.82
Batumi,42.2102,42.9615,2027-02-07T20:00:00+00:00,31.19,68.31
Tbilisi,41.8852,41.496,2027-02-07T21:00:00+00:00,6.82,30.99
Batumi,42.6584,41.1322,2027-02-07T22:00:00+00:00,-1.52,52.48
Batumi,42.8103,42.7959,2027-02-07T23:00:00+00:00,4.63,32.33
Telavi,41.7649,42.0496,2027-02-08T00:00:00+00:00,29.34,78.39
Telavi,41.4426,41.631,2027-02-08T01:00:00+00:00,9.2,22.31
Batumi,41.2422,42.1531,2027-02-08T02:00:00+00:00,1.28,23.16
Kutaisi,41.0152,41.7561,2027-02-08T03:00:00+00:00,11.72,67.0
Tbilisi,41.2125,42.1968,2027-02-08T04:00:00+00:00,4.74,46.16
Batumi,41.9788,43.4361,2027-02-08T05:00:00+00:00,19.15,20.14
Tbilisi,41.3676,43.9088,2027-02-08T06:00:00+00:00,8.66,26.96
Batumi,41.3684,42.7026,2027-02-08T07:00:00+00:00,23.62,67.39
Telavi,41.128,44.6998,2027-02-08T08:00:00+00:00,9.16,61.98
Tbilisi,42.4542,43.8968,2027-02-08T09:00:00+00:00,19.87,82.9
Batumi,41.0009,44.9696,2027-02-08T10:00:00+00:00,8.77,76.27
Batumi,41.2734,42.1717,2027-02-08T11:00:00+00:00,33.49,65.56
Telavi,41.9309,44.9092,2027-02-08T12:00:00+00:00,25.74,39.94
Telavi,41.5793,44.6696,2027-02-08T13:00:00+00:00,28.51,51.08
Tbilisi,42.2299,45.7249,2027-02-08T14:00:00+00:00,9.11,67.44
Tbilisi,42.84,44.3504,2027-02-08T15:00:00+00:00,33.96,49.95
Telavi,42.423,42.6999,2027-02-08T16:00:00+00:00,8.78,66.12
Telavi,41.1338,41.1325,2027-02-08T17:00:00+00:00,18.02,58.76
Kutaisi,41.9536,41.2747,2027-02-08T18:00:00+00:00,21.49,75.8
Tbilisi,41.3118,42.2295,2027-02-08T19:00:00+00:00,22.01,47.36
Telavi,41.0481,44.146,2027-02-08T20:00:00+00:00,14.11,49.93
Kutaisi,41.4921,41.7558,2027-02-08T21:00:00+00:00,22.36,28.62
Kutaisi,42.1715,41.3581,2027-02-08T22:00:00+00:00,0.52,77.31
Kutaisi,42.2942,42.8382,2027-02-08T23:00:00+00:00,3.83,54.86
Tbilisi,41.5721,41.7611,2027-02-09T00:00:00+00:00,7.46,21.51
Tbilisi,42.8779,42.2242,2027-02-09T01:00:00+00:00,28.21,74.1
Batumi,42.1396,43.6894,2027-02-09T02:00:00+00:00,31.31,30.4
Batumi,42.4061,41.3657,2027-02-09T03:00:00+00:00,0.73,50.61
Telavi,41.76,42.0435,2027-02-09T04:00:00+00:00,33.84,72.85
Kutaisi,41.2066,44.2956,2027-02-09T05:00:00+00:00,3.07,67.81
Telavi,41.685,41.3579,2027-02-09T06:00:00+00:00,34.42,82.69
Batumi,41.0825,41.4918,2027-02-09T07:00:00+00:00,5.99,80.96
Telavi,42.6077,41.8183,2027-02-09T08:00:00+00:00,12.12,40.5
Telavi,41.8902,44.9651,2027-02-09T09:00:00+00:00,3.81,82.12
Tbilisi,42.611,43.4393,2027-02-09T10:00:00+00:00,34.74,42.11
Kutaisi,41.4412,45.039,2027-02-09T11:00:00+00:00,4.96,86.51
Kutaisi,42.3453,42.5701,2027-02-09T12:00:00+00:00,25.05,62.95
Telavi,41.5204,43.2064,2027-02-09T13:00:00+00:00,6.74,49.81
Batumi,41.5574,45.0108,2027-02-09T14:00:00+00:00,6.52,45.73
Tbilisi,41.0434,43.034,2027-02-09T15:00:00+00:00,0.52,20.41
Telavi,42.1572,45.8535,2027-02-09T16:00:00+00:00,11.75,46.82
Kutaisi,42.7175,41.715,2027-02-09T17:00:00+00:00,21.89,80.65
Batumi,42.5014,45.3791,2027-02-09T18:00:00+00:00,23.44,32.55
Batumi,42.4794,44.5108,2027-02-09T19:00:00+00:00,19.56,60.9
Batumi,41.5148,45.3867,2027-02-09T20:00:00+00:00,29.66,25.11
Tbilisi,41.6023,45.3434,2027-02-09T21:00:00+00:00,21.27,83.07
Batumi,41.2947,41.9794,2027-02-09T22:00:00+00:00,30.72,52.3
Tbilisi,41.5737,42.7244,2027-02-09T23:00:00+00:00,14.71,59.71
Batumi,41.7472,45.3201,2027-02-10T00:00:00+00:00,6.65,65.88
Telavi,41.0485,42.1509,2027-02-10T01:00:00+00:00,19.44,29.38
Kutaisi,41.9056,44.4032,2027-02-10T02:00:00+00:00,32.87,88.95
Batumi,42.5483,41.9653,2027-02-10T03:00:00+00:00,20.8,81.66
Tbilisi,42.8529,44.4936,2027-02-10T04:00:00+00:00,5.79,24.48
Telavi,41.9765,44.8297,2027-02-10T05:00:00+00:00,12.81,47.68
Telavi,42.2603,44.3545,2027-02-10T06:00:00+00:00,28.95,74.87
Telavi,41.4009,41.5641,2027-02-10T07:00:00+00:00,34.54,81.83
Batumi,41.0541,45.7457,2027-02-10T08:00:00+00:00,-3.04,82.17
Kutaisi,42.0068,42.3421,2027-02-10T09:00:00+00:00,10.51,37.72
Batumi,41.4092,44.7637,2027-02-10T10:00:00+00:00,11.91,51.6
Telavi,41.0459,44.9499,2027-02-10T11:00:00+00:00,1.66,88.41
Telavi,41.9975,44.7003,2027-02-10T12:00:00+00:00,-1.57,34.48
Tbilisi,42.7036,44.2006,2027-02-10T13:00:00+00:00,5.13,84.21
Telavi,42.7534,43.997,2027-02-10T14:00:00+00:00,-4.04,88.98
Telavi,41.5599,44.576,2027-02-10T15:00:00+00:00,-2.92,80.7
Batumi,41.5231,42.848,2027-02-10T16:00:00+00:00,29.69,83.57
Batumi,41.7484,45.1244,2027-02-10T17:00:00+00:00,33.76,81.22
Tbilisi,41.2166,42.659,2027-02-10T18:00:00+00:00,10.66,53.26
Tbilisi,42.0818,41.2439,2027-02-10T19:00:00+00:00,33.07,71.36
Tbilisi,41.5717,44.1903,2027-02-10T20:00:00+00:00,-2.55,24.3
Batumi,41.1277,43.0283,2027-02-10T21:00:00+00:00,30.74,43.8
Batumi,42.6673,41.9547,2027-02-10T22:00:00+00:00,20.37,27.21
Batumi,41.9546,43.2904,2027-02-10T23:00:00+00:00,9.09,23.5
Tbilisi,42.2489,41.0601,2027-02-11T00:00:00+00:00,31.89,56.14
Kutaisi,41.7629,43.2369,2027-02-11T01:00:00+00:00,14.48,77.09
Kutaisi,41.0722,45.8103,2027-02-11T02:00:00+00:00,19.33,30.83
Telavi,42.5806,44.2853,2027-02-11T03:00:00+00:00,11.19,62.44
Batumi,41.9675,41.5142,2027-02-11T04:00:00+00:00,-1.26,45.61
Telavi,41.8486,44.9942,2027-02-11T05:00:00+00:00,34.11,27.9
Telavi,42.6532,42.9269,2027-02-11T06:00:00+00:00,9.25,71.51
Batumi,42.328,41.7992,2027-02-11T07:00:00+00:00,-2.37,80.88
Kutaisi,42.7297,42.6642,2027-02-11T08:00:00+00:00,34.16,34.52
Batumi,41.5112,44.2181,2027-02-11T09:00:00+00:00,-2.32,44.34
Kutaisi,41.8795,41.7498,2027-02-11T10:00:00+00:00,9.78,45.53
Batumi,42.9748,43.8925,2027-02-11T11:00:00+00:00,18.73,73.28
Batumi,41.5646,42.9395,2027-02-11T12:00:00+00:00,21.38,26.6
Telavi,41.6703,41.2166,2027-02-11T13:00:00+00:00,22.25,57.76
Kutaisi,42.8581,43.1388,2027-02-11T14:00:00+00:00,14.4,80.83
Tbilisi,42.6296,44.8818,2027-02-11T15:00:00+00:00,-4.74,75.21
Kutaisi,41.409,45.5048,2027-02-11T16:00:00+00:00,13.48,53.53
Telavi,41.86,43.8009,2027-02-11T17:00:00+00:00,20.89,37.85
Tbilisi,42.2759,45.055,2027-02-11T18:00:00+00:00,23.4,31.52
Batumi,42.7496,42.8531,2027-02-11T19:00:00+00:00,6.99,27.45
Batumi,41.0088,43.7218,2027-02-11T20:00:00+00:00,27.73,85.9
Tbilisi,42.0703,43.8215,2027-02-11T21:00:00+00:00,13.88,82.02
Tbilisi,42.2778,44.8276,2027-02-11T22:00:00+00:00,3.95,80.55
Batumi,42.9003,44.9668,2027-02-11T23:00:00+00:00,13.77,84.39
Tbilisi,41.2417,44.7998,2027-02-12T00:00:00+00:00,6.7,42.33
Telavi,42.3049,45.6077,2027-02-12T01:00:00+00:00,2.94,74.62
Tbilisi,41.0172,45.537,2027-02-12T02:00:00+00:00,0.86,23.36
Batumi,42.4327,42.3933,2027-02-12T03:00:00+00:00,2.74,67.26
Telavi,41.4332,44.3891,2027-02-12T04:00:00+00:00,-2.93,71.72
Telavi,42.6975,44.4587,2027-02-12T05:00:00+00:00,12.88,52.88
Telavi,42.8694,44.3893,2027-02-12T06:00:00+00:00,18.3,53.23
Telavi,41.7295,44.0496,2027-02-12T07:00:00+00:00,8.99,47.91
Telavi,41.8134,41.2035,2027-02-12T08:00:00+00:00,19.38,67.69
Batumi,41.3895,44.8949,2027-02-12T09:00:00+00:00,-4.36,63.05
Kutaisi,41.3047,45.6808,2027-02-12T10:00:00+00:00,28.59,86.15
Telavi,42.3643,42.8226,2027-02-12T11:00:00+00:00,26.21,63.69
Batumi,41.2544,41.4412,2027-02-12T12:00:00+00:00,-1.96,38.09
Tbilisi,41.9173,42.8092,2027-02-12T13:00:00+00:00,6.38,67.02
Telavi,41.1001,41.5701,2027-02-12T14:00:00+00:00,14.71,64.84
Tbilisi,41.1652,45.7234,2027-02-12T15:00:00+00:00,-3.51,69.15
Tbilisi,41.1385,44.5442,2027-02-12T16:00:00+00:00,31.38,49.33
Tbilisi,42.0078,41.6728,2027-02-12T17:00:00+00:00,8.95,60.03
Batumi,42.3388,45.2235,2027-02-12T18:00:00+00:00,31.39,61.85
Batumi,41.4413,42.4451,2027-02-12T19:00:00+00:00,15.02,34.49
Telavi,42.7889,44.0006,2027-02-12T20:00:00+00:00,-0.69,59.93
Telavi,42.1403,45.091,2027-02-12T21:00:00+00:00,10.38,87.92
Telavi,42.9699,42.9367,2027-02-12T22:00:00+00:00,6.35,78.22
Batumi,41.0459,42.0383,2027-02-12T23:00:00+00:00,32.7,86.48
Batumi,42.6346,43.0383,2027-02-13T00:00:00+00:00,9.59,74.51
Batumi,41.6208,43.6936,2027-02-13T01:00:00+00:00,5.55,82.23
Batumi,42.977,43.4903,2027-02-13T02:00:00+00:00,0.14,20.18
Tbilisi,42.3784,44.6732,2027-02-13T03:00:00+00:00,21.31,21.46
Telavi,42.3281,41.4318,2027-02-13T04:00:00+00:00,21.66,46.39
Tbilisi,41.6393,43.9461,2027-02-13T05:00:00+00:00,17.38,43.65
Batumi,42.6478,43.4775,2027-02-13T06:00:00+00:00,-0.42,86.81
Batumi,42.4593,45.3955,2027-02-13T07:00:00+00:00,22.84,33.87
Batumi,41.6405,43.104,2027-02-13T08:00:00+00:00,21.22,35.19
Batumi,42.6236,41.447,2027-02-13T09:00:00+00:00,-2.67,70.57
Tbilisi,42.0526,43.9759,2027-02-13T10:00:00+00:00,4.39,58.71
Tbilisi,42.4542,45.0477,2027-02-13T11:00:00+00:00,7.39,77.68
Tbilisi,41.347,44.2185,2027-02-13T12:00:00+00:00,32.93,43.51
Kutaisi,41.1289,43.7188,2027-02-13T13:00:00+00:00,32.73,72.92
Tbilisi,42.2433,42.1506,2027-02-13T14:00:00+00:00,31.94,69.44
Telavi,41.8343,41.4426,2027-02-13T15:00:00+00:00,25.81,47.57
Tbilisi,42.0237,45.0539,2027-02-13T16:00:00+00:00,0.61,29.6
Telavi,42.0398,42.744,2027-02-13T17:00:00+00:00,34.37,73.27
Kutaisi,42.5596,45.4706,2027-02-13T18:00:00+00:00,34.26,73.84
Tbilisi,42.7436,45.5568,2027-02-13T19:00:00+00:00,3.81,89.55
Tbilisi,41.0727,42.7443,2027-02-13T20:00:00+00:00,16.94,34.85
Batumi,41.0167,44.0644,2027-02-13T21:00:00+00:00,14.89,34.2
Telavi,42.2375,42.4511,2027-02-13T22:00:00+00:00,0.58,59.04
Tbilisi,42.494,41.6997,2027-02-13T23:00:00+00:00,11.89,36.29
Telavi,42.4669,42.7799,2027-02-14T00:00:00+00:00,-3.85,70.99
Telavi,42.6246,43.1357,2027-02-14T01:00:00+00:00,22.6,26.88
Telavi,41.9574,45.3487,2027-02-14T02:00:00+00:00,0.01,57.15
Batumi,41.8183,42.1809,2027-02-14T03:00:00+00:00,16.79,83.42
Kutaisi,41.0491,44.6435,2027-02-14T04:00:00+00:00,10.86,74.32
Batumi,41.9198,43.0076,2027-02-14T05:00:00+00:00,18.68,32.89
Telavi,41.87,43.5736,2027-02-14T06:00:00+00:00,22.65,20.78
Batumi,41.8951,42.9854,2027-02-14T07:00:00+00:00,32.98,89.27
Kutaisi,41.338,43.7515,2027-02-14T08:00:00+00:00,20.63,67.32
Tbilisi,41.9276,43.9039,2027-02-14T09:00:00+00:00,4.67,42.26
Tbilisi,41.2712,42.707,2027-02-14T10:00:00+00:00,14.06,52.54
Telavi,41.6454,44.0163,2027-02-14T11:00:00+00:00,14.84,40.75
Batumi,42.8243,42.8468,2027-02-14T12:00:00+00:00,24.68,21.72
Tbilisi,42.8486,45.5923,2027-02-14T13:00:00+00:00,32.65,40.36
Telavi,41.2187,45.7361,2027-02-14T14:00:00+00:00,10.5,53.8
Batumi,42.1433,45.767,2027-02-14T15:00:00+00:00,0.56,87.01
Kutaisi,42.7348,42.7546,2027-02-14T16:00:00+00:00,-1.29,57.3
Tbilisi,42.2966,45.2076,2027-02-14T17:00:00+00:00,7.33,50.0
Tbilisi,42.7461,42.8053,2027-02-14T18:00:00+00:00,-3.26,70.29
Batumi,41.5238,43.9718,2027-02-14T19:00:00+00:00,20.54,56.6
Telavi,42.1224,45.445,2027-02-14T20:00:00+00:00,8.98,52.41
Tbilisi,42.2529,44.2128,2027-02-14T21:00:00+00:00,25.96,61.28
Tbilisi,41.247,44.6554,2027-02-14T22:00:00+00:00,1.0,64.35
Tbilisi,42.2875,42.9571,2027-02-14T23:00:00+00:00,20.02,54.54
Batumi,42.1432,45.8452,2027-02-15T00:00:00+00:00,11.06,65.02
Kutaisi,41.2985,41.9058,2027-02-15T01:00:00+00:00,4.08,33.23
Batumi,42.6417,44.1699,2027-02-15T02:00:00+00:00,-4.37,31.77
Tbilisi,41.0273,45.7611,2027-02-15T03:00:00+00:00,20.56,21.39
Batumi,42.6248,44.9275,2027-02-15T04:00:00+00:00,31.19,65.58
Telavi,41.2778,44.5087,2027-02-15T05:00:00+00:00,17.97,45.44
Telavi,42.8904,44.6739,2027-02-15T06:00:00+00:00,6.53,21.74
Kutaisi,41.9896,44.9095,2027-02-15T07:00:00+00:00,-1.32,64.94
Kutaisi,41.6102,45.7302,2027-02-15T08:00:00+00:00,33.44,45.72
Telavi,42.3566,45.5416,2027-02-15T09:00:00+00:00,5.23,70.43
Telavi,42.578,42.8094,2027-02-15T10:00:00+00:00,7.16,85.78
Batumi,41.5088,44.6228,2027-02-15T11:00:00+00:00,6.23,65.87
Telavi,41.7079,45.37,2027-02-15T12:00:00+00:00,2.95,72.33
Kutaisi,42.0134,44.9327,2027-02-15T13:00:00+00:00,17.46,79.93
Kutaisi,42.3098,45.7235,2027-02-15T14:00:00+00:00,20.2,79.83
Telavi,41.4317,45.8932,2027-02-15T15:00:00+00:00,28.19,56.23
Batumi,41.3085,45.3034,2027-02-15T16:00:00+00:00,27.46,53.09
Telavi,41.0092,43.5395,2027-02-15T17:00:00+00:00,19.36,37.06
Telavi,42.5429,44.0504,2027-02-15T18:00:00+00:00,3.74,78.04
Kutaisi,41.6015,45.3563,2027-02-15T19:00:00+00:00,24.15,89.78
Kutaisi,42.733,41.1584,2027-02-15T20:00:00+00:00,-4.05,70.68
Kutaisi,41.6383,41.2979,2027-02-15T21:00:00+00:00,34.78,22.23
Batumi,42.064,43.0045,2027-02-15T22:00:00+00:00,1.61,77.59
Tbilisi,41.9158,42.4018,2027-02-15T23:00:00+00:00,31.71,73.07
Batumi,42.1343,44.4847,2027-02-16T00:00:00+00:00,12.87,84.03
Telavi,42.814,45.2227,2027-02-16T01:00:00+00:00,18.61,38.87
Kutaisi,42.3339,45.8475,2027-02-16T02:00:00+00:00,-4.81,59.36
Tbilisi,41.1269,41.6885,2027-02-16T03:00:00+00:00,17.36,44.58
Kutaisi,41.0769,41.6633,2027-02-16T04:00:00+00:00,22.89,20.34
Kutaisi,41.0463,41.925,2027-02-16T05:00:00+00:00,17.49,41.82
Kutaisi,41.454,41.3237,2027-02-16T06:00:00+00:00,31.35,61.76
Batumi,42.6487,44.753,2027-02-16T07:00:00+00:00,19.82,78.27
Kutaisi,41.3762,44.9874,2027-02-16T08:00:00+00:00,24.0,27.04
Batumi,41.478,42.763,2027-02-16T09:00:00+00:00,-3.83,89.56
Batumi,41.8022,41.9233,2027-02-16T10:00:00+00:00,13.43,38.49
Telavi,42.681,42.9015,2027-02-16T11:00:00+00:00,2.33,66.75
Tbilisi,42.3838,43.6179,2027-02-16T12:00:00+00:00,14.84,57.0
Kutaisi,41.6971,42.7111,2027-02-16T13:00:00+00:00,-1.79,64.23
Telavi,42.9536,44.9909,2027-02-16T14:00:00+00:00,27.95,63.81
Batumi,41.6484,41.392,2027-02-16T15:00:00+00:00,21.62,84.62
Kutaisi,42.6576,42.5633,2027-02-16T16:00:00+00:00,22.37,68.2
Tbilisi,42.8476,43.0894,2027-02-16T17:00:00+00:00,13.96,58.07
Tbilisi,41.8315,41.999,2027-02-16T18:00:00+00:00,12.69,46.97
Batumi,42.6917,44.339,2027-02-16T19:00:00+00:00,28.22,46.22
Telavi,42.4383,44.8125,2027-02-16T20:00:00+00:00,24.89,73.27
Kutaisi,42.7659,41.869,2027-02-16T21:00:00+00:00,11.97,55.96
Tbilisi,42.0223,44.9177,2027-02-16T22:00:00+00:00,12.68,31.18
Tbilisi,41.8478,42.1702,2027-02-16T23:00:00+00:00,19.14,50.2
Tbilisi,42.5802,42.1744,2027-02-17T00:00:00+00:00,19.74,43.52
Tbilisi,41.8717,43.4704,2027-02-17T01:00:00+00:00,-2.63,43.49
Kutaisi,42.4422,45.1075,2027-02-17T02:00:00+00:00,16.59,84.24
Batumi,42.8288,44.5195,2027-02-17T03:00:00+00:00,11.75,35.93
Tbilisi,42.8953,45.7613,2027-02-17T04:00:00+00:00,3.61,74.72
Tbilisi,41.6172,42.7208,2027-02-17T05:00:00+00:00,32.43,66.03
Batumi,41.1144,42.8465,2027-02-17T06:00:00+00:00,27.64,48.05
Kutaisi,41.0924,44.3976,2027-02-17T07:00:00+00:00,17.12,74.98
Batumi,41.2141,42.2768,2027-02-17T08:00:00+00:00,13.86,73.7
Telavi,41.7572,41.924,2027-02-17T09:00:00+00:00,19.39,27.71
Kutaisi,41.5856,41.1214,2027-02-17T10:00:00+00:00,6.41,38.11
Tbilisi,42.0427,44.5362,2027-02-17T11:00:00+00:00,20.88,37.41
Kutaisi,41.45,44.9777,2027-02-17T12:00:00+00:00,30.46,68.0
Batumi,42.3289,43.9263,2027-02-17T13:00:00+00:00,14.35,67.47
Tbilisi,41.6414,43.04,2027-02-17T14:00:00+00:00,22.33,28.03
Telavi,42.2099,42.9491,2027-02-17T15:00:00+00:00,26.29,43.78
Tbilisi,42.8194,42.0681,2027-02-17T16:00:00+00:00,1.47,27.81
Telavi,41.2825,44.0719,2027-02-17T17:00:00+00:00,24.75,71.18
Telavi,41.4572,44.0928,2027-02-17T18:00:00+00:00,1.27,61.56
Batumi,41.7941,45.4995,2027-02-17T19:00:00+00:00,26.47,50.99
Telavi,41.8703,43.4202,2027-02-17T20:00:00+00:00,25.92,45.13
Telavi,41.9746,43.2104,2027-02-17T21:00:00+00:00,6.68,79.53
Tbilisi,41.7463,41.9825,2027-02-17T22:00:00+00:00,5.17,42.25
Tbilisi,42.6177,41.8879,2027-02-17T23:00:00+00:00,0.24,65.23
Batumi,42.1209,43.7748,2027-02-18T00:00:00+00:00,-3.63,34.91
Kutaisi,42.2759,45.4025,2027-02-18T01:00:00+00:00,1.8,42.13
Telavi,41.9052,42.983,2027-02-18T02:00:00+00:00,4.51,74.54
Kutaisi,41.017,44.9044,2027-02-18T03:00:00+00:00,26.55,39.12
Telavi,42.3588,42.488,2027-02-18T04:00:00+00:00,-2.25,69.77
Batumi,41.4802,43.1198,2027-02-18T05:00:00+00:00,15.2,23.13
Batumi,42.6602,44.3252,2027-02-18T06:00:00+00:00,12.86,25.02
Kutaisi,41.2003,42.2228,2027-02-18T07:00:00+00:00,10.01,27.04
Kutaisi,41.3194,41.0146,2027-02-18T08:00:00+00:00,4.4,66.03
Batumi,41.7233,42.1802,2027-02-18T09:00:00+00:00,-3.74,58.51
Batumi,42.3703,41.384,2027-02-18T10:00:00+00:00,25.09,47.07
Tbilisi,42.4473,44.1859,2027-02-18T11:00:00+00:00,3.89,78.88
Batumi,42.0749,44.3837,2027-02-18T12:00:00+00:00,22.21,65.4
Telavi,42.9807,44.6914,2027-02-18T13:00:00+00:00,19.01,52.61
Kutaisi,42.296,43.1421,2027-02-18T14:00:00+00:00,2.37,22.99
Kutaisi,41.2588,42.2849,2027-02-18T15:00:00+00:00,23.69,74.64
Telavi,42.8266,43.2838,2027-02-18T16:00:00+00:00,12.35,38.83
Kutaisi,42.7427,41.1379,2027-02-18T17:00:00+00:00,21.17,57.32
Kutaisi,41.2084,42.0835,2027-02-18T18:00:00+00:00,-4.74,45.99
Tbilisi,42.7643,43.9207,2027-02-18T19:00:00+00:00,-1.78,38.54
Kutaisi,41.7236,45.6737,2027-02-18T20:00:00+00:00,11.81,53.08
Telavi,41.6882,42.9474,2027-02-18T21:00:00+00:00,-0.4,33.02
Telavi,41.997,42.1816,2027-02-18T22:00:00+00:00,12.85,67.9
Tbilisi,42.3762,44.3786,2027-02-18T23:00:00+00:00,15.02,72.51
Telavi,41.481,42.7719,2027-02-19T00:00:00+00:00,-0.74,71.95
Telavi,42.8473,43.2031,2027-02-19T01:00:00+00:00,3.75,21.77
Kutaisi,41.9888,43.2938,2027-02-19T02:00:00+00:00,2.82,79.22
Telavi,42.4949,45.1158,2027-02-19T03:00:00+00:00,-3.14,71.06
Batumi,42.3748,45.6381,2027-02-19T04:00:00+00:00,25.46,40.21
Telavi,42.9228,42.5096,2027-02-19T05:00:00+00:00,26.5,82.0
Batumi,41.9885,42.024,2027-02-19T06:00:00+00:00,3.74,40.78
Tbilisi,41.1432,43.2854,2027-02-19T07:00:00+00:00,26.17,67.89
Batumi,42.2524,41.5113,2027-02-19T08:00:00+00:00,2.42,55.8
Tbilisi,42.2019,45.9517,2027-02-19T09:00:00+00:00,24.48,34.5
Telavi,41.5239,41.1361,2027-02-19T10:00:00+00:00,5.01,41.92
Telavi,42.1863,45.512,2027-02-19T11:00:00+00:00,32.08,35.15
Batumi,41.006,42.3915,2027-02-19T12:00:00+00:00,3.8,67.8
Batumi,41.8031,42.1351,2027-02-19T13:00:00+00:00,28.72,73.59
Batumi,42.4936,41.7248,2027-02-19T14:00:00+00:00,33.2,89.15
Tbilisi,42.3226,41.8383,2027-02-19T15:00:00+00:00,32.4,46.83
Batumi,41.5603,41.2184,2027-02-19T16:00:00+00:00,5.57,46.4
Batumi,42.158,41.4098,2027-02-19T17:00:00+00:00,13.07,28.98
Batumi,41.5615,41.6204,2027-02-19T18:00:00+00:00,2.7,26.13
Tbilisi,41.8927,43.9169,2027-02-19T19:00:00+00:00,34.56,48.03
Tbilisi,42.696,43.4023,2027-02-19T20:00:00+00:00,22.09,56.81
Kutaisi,42.6653,43.3853,2027-02-19T21:00:00+00:00,6.39,63.0
Tbilisi,41.6314,45.6493,2027-02-19T22:00:00+00:00,0.39,54.32
Tbilisi,41.5583,45.2683,2027-02-19T23:00:00+00:00,26.62,89.15
Kutaisi,42.0336,41.4746,2027-02-20T00:00:00+00:00,19.79,66.4
Tbilisi,41.8653,43.4626,2027-02-20T01:00:00+00:00,20.27,67.93
Kutaisi,41.8128,42.2163,2027-02-20T02:00:00+00:00,34.73,34.01
Tbilisi,41.3363,43.305,2027-02-20T03:00:00+00:00,33.2,78.3
Telavi,42.636,44.7242,2027-02-20T04:00:00+00:00,25.13,27.23
Kutaisi,42.2176,42.0896,2027-02-20T05:00:00+00:00,31.55,55.5
Tbilisi,42.1479,45.4582,2027-02-20T06:00:00+00:00,16.02,68.28
Tbilisi,41.7839,45.8901,2027-02-20T07:00:00+00:00,1.67,23.32
Batumi,42.286,41.0648,2027-02-20T08:00:00+00:00,-1.93,89.38
Kutaisi,41.3771,44.4163,2027-02-20T09:00:00+00:00,1.87,47.23
Batumi,41.8432,41.6027,2027-02-20T10:00:00+00:00,28.5,25.38
Kutaisi,41.5355,41.1832,2027-02-20T11:00:00+00:00,28.92,41.73
Tbilisi,41.4853,44.3628,2027-02-20T12:00:00+00:00,19.06,72.48
Kutaisi,42.0318,42.6645,2027-02-20T13:00:00+00:00,4.0,68.64
Batumi,42.3602,45.5853,2027-02-20T14:00:00+00:00,16.93,78.16
Batumi,41.9637,42.3923,2027-02-20T15:00:00+00:00,24.3,62.26
Batumi,41.291,42.6108,2027-02-20T16:00:00+00:00,33.44,43.94
Telavi,42.6174,41.3487,2027-02-20T17:00:00+00:00,19.01,71.78
Kutaisi,42.1153,45.3908,2027-02-20T18:00:00+00:00,20.17,79.01
Kutaisi,42.6641,45.3382,2027-02-20T19:00:00+00:00,30.92,83.32
Tbilisi,42.6378,45.9573,2027-02-20T20:00:00+00:00,23.27,48.41
Tbilisi,41.243,43.71,2027-02-20T21:00:00+00:00,4.33,61.88
Kutaisi,41.5164,45.1241,2027-02-20T22:00:00+00:00,23.93,58.84
Kutaisi,41.4675,42.5698,2027-02-20T23:00:00+00:00,3.71,23.69
Batumi,41.0174,44.8591,2027-02-21T00:00:00+00:00,13.81,48.0
Kutaisi,42.5503,44.1088,2027-02-21T01:00:00+00:00,21.02,50.01
Kutaisi,41.7247,44.9413,2027-02-21T02:00:00+00:00,16.54,29.49
Kutaisi,42.8293,41.1606,2027-02-21T03:00:00+00:00,34.41,62.79
Batumi,42.4052,43.3045,2027-02-21T04:00:00+00:00,20.44,82.44
Kutaisi,42.3017,44.8022,2027-02-21T05:00:00+00:00,-1.28,48.03
Tbilisi,41.1331,42.031,2027-02-21T06:00:00+00:00,33.52,52.93
Telavi,41.9056,43.3911,2027-02-21T07:00:00+00:00,0.44,53.52
Batumi,42.4132,45.8731,2027-02-21T08:00:00+00:00,23.25,32.62
Batumi,42.3009,44.2317,2027-02-21T09:00:00+00:00,24.4,86.16
Tbilisi,42.3767,43.6261,2027-02-21T10:00:00+00:00,26.68,70.53
Tbilisi,41.8236,45.5618,2027-02-21T11:00:00+00:00,2.39,36.43
Kutaisi,41.6171,41.0721,2027-02-21T12:00:00+00:00,30.66,26.99
Kutaisi,41.5804,41.841,2027-02-21T13:00:00+00:00,25.43,58.69
Kutaisi,41.3106,45.9262,2027-02-21T14:00:00+00:00,-3.77,68.52
Batumi,42.617,44.7697,2027-02-21T15:00:00+00:00,-4.71,62.06
Telavi,41.8227,44.5078,2027-02-21T16:00:00+00:00,32.52,28.26
Telavi,42.3147,45.8994,2027-02-21T17:00:00+00:00,11.66,39.18
Kutaisi,41.2061,43.475,2027-02-21T18:00:00+00:00,2.7,57.74
Tbilisi,42.7945,43.3373,2027-02-21T19:00:00+00:00,7.8,78.16
Batumi,41.6002,42.6239,2027-02-21T20:00:00+00:00,-1.27,64.34
Tbilisi,42.0171,45.1233,2027-02-21T21:00:00+00:00,10.42,25.33
Tbilisi,41.0543,41.9982,2027-02-21T22:00:00+00:00,10.33,63.16
Batumi,42.4987,43.9682,2027-02-21T23:00:00+00:00,2.02,64.39
Batumi,41.4837,42.9112,2027-02-22T00:00:00+00:00,10.26,60.82
Telavi,42.1999,44.8768,2027-02-22T01:00:00+00:00,17.79,36.36
Telavi,41.1865,42.2502,2027-02-22T02:00:00+00:00,28.39,63.76
Batumi,42.2177,41.0812,2027-02-22T03:00:00+00:00,19.84,36.13
Kutaisi,41.2536,44.2685,2027-02-22T04:00:00+00:00,29.35,40.58
Telavi,41.8493,41.8884,2027-02-22T05:00:00+00:00,24.79,38.91
Batumi,41.4031,42.4995,2027-02-22T06:00:00+00:00,15.7,62.32
Batumi,41.5147,43.3632,2027-02-22T07:00:00+00:00,-0.9,86.99
Telavi,41.8724,44.0615,2027-02-22T08:00:00+00:00,24.27,55.54
Kutaisi,42.6239,41.8786,2027-02-22T09:00:00+00:00,4.96,59.34
Telavi,42.8876,45.7236,2027-02-22T10:00:00+00:00,17.18,44.05
Telavi,41.538,42.7001,2027-02-22T11:00:00+00:00,28.31,60.43
Kutaisi,41.3262,44.7956,2027-02-22T12:00:00+00:00,17.38,83.24
Kutaisi,42.2176,45.3957,2027-02-22T13:00:00+00:00,31.85,79.05
Tbilisi,41.4975,43.1346,2027-02-22T14:00:00+00:00,31.17,81.15
Telavi,41.5668,42.0476,2027-02-22T15:00:00+00:00,19.04,78.77
Telavi,41.8097,41.224,2027-02-22T16:00:00+00:00,13.32,76.18
Batumi,41.0091,44.8101,2027-02-22T17:00:00+00:00,26.93,43.82
Batumi,42.101,45.7477,2027-02-22T18:00:00+00:00,3.49,39.23
Kutaisi,42.4791,44.0526,2027-02-22T19:00:00+00:00,11.08,46.41
Telavi,41.8594,43.9452,2027-02-22T20:00:00+00:00,19.45,38.07
Tbilisi,41.8172,41.5325,2027-02-22T21:00:00+00:00,23.01,79.86
Tbilisi,42.7444,45.3327,2027-02-22T22:00:00+00:00,12.33,23.6
Kutaisi,42.2425,45.5409,2027-02-22T23:00:00+00:00,-1.77,87.44
Batumi,42.5968,42.3035,2027-02-23T00:00:00+00:00,33.06,70.11
Telavi,41.2053,42.9609,2027-02-23T01:00:00+00:00,28.17,49.32
Kutaisi,41.0001,42.6935,2027-02-23T02:00:00+00:00,16.71,55.36
Tbilisi,42.3724,42.9218,2027-02-23T03:00:00+00:00,21.49,38.25
Batumi,41.4088,44.4715,2027-02-23T04:00:00+00:00,33.79,45.76
Telavi,42.151,42.6383,2027-02-23T05:00:00+00:00,30.32,89.45
Kutaisi,41.6484,45.5467,2027-02-23T06:00:00+00:00,20.83,74.71
Telavi,42.7137,43.8831,2027-02-23T07:00:00+00:00,32.94,53.91
Kutaisi,41.0911,45.1241,2027-02-23T08:00:00+00:00,24.98,38.5
Batumi,42.5908,43.1732,2027-02-23T09:00:00+00:00,13.87,69.21
Batumi,42.799,45.0077,2027-02-23T10:00:00+00:00,-0.03,87.13
Batumi,41.6609,45.9017,2027-02-23T11:00:00+00:00,22.3,36.85
Kutaisi,42.7426,45.995,2027-02-23T12:00:00+00:00,12.11,32.07
Telavi,42.7491,42.5043,2027-02-23T13:00:00+00:00,34.71,24.99
Telavi,42.5212,42.2468,2027-02-23T14:00:00+00:00,20.87,60.11
Telavi,42.7189,45.3409,2027-02-23T15:00:00+00:00,21.85,33.71
Kutaisi,41.4415,44.6005,2027-02-23T16:00:00+00:00,-1.62,73.88
Batumi,41.8785,43.8905,2027-02-23T17:00:00+00:00,19.04,25.88
Batumi,41.0031,42.4697,2027-02-23T18:00:00+00:00,31.83,80.18
Batumi,42.8131,45.5185,2027-02-23T19:00:00+00:00,14.59,44.52
Telavi,42.518,41.2439,2027-02-23T20:00:00+00:00,3.65,42.93
Batumi,41.1032,41.9715,2027-02-23T21:00:00+00:00,11.9,37.76
Kutaisi,41.4226,43.9757,2027-02-23T22:00:00+00:00,11.12,74.66
Telavi,42.4944,44.5937,2027-02-23T23:00:00+00:00,4.31,57.61
Batumi,41.3924,42.8539,2027-02-24T00:00:00+00:00,22.19,26.21
Tbilisi,41.897,42.0992,2027-02-24T01:00:00+00:00,-0.04,51.26
Kutaisi,42.7328,43.3049,2027-02-24T02:00:00+00:00,30.45,32.11
Telavi,42.7804,42.9406,2027-02-24T03:00:00+00:00,32.73,51.11
Kutaisi,42.3932,43.5472,2027-02-24T04:00:00+00:00,31.07,58.8
Telavi,42.6274,42.3248,2027-02-24T05:00:00+00:00,14.83,74.14
Kutaisi,42.2266,44.4207,2027-02-24T06:00:00+00:00,21.0,85.87
Kutaisi,41.2767,42.7707,2027-02-24T07:00:00+00:00,2.61,72.49
Kutaisi,42.7564,45.3461,2027-02-24T08:00:00+00:00,33.49,74.88
Telavi,41.7786,43.0995,2027-02-24T09:00:00+00:00,14.01,21.75
Batumi,41.0451,45.3329,2027-02-24T10:00:00+00:00,11.85,44.83
Kutaisi,42.1935,42.7537,2027-02-24T11:00:00+00:00,6.92,25.32
Telavi,42.5331,44.2587,2027-02-24T12:00:00+00:00,3.32,63.54
Tbilisi,42.5775,44.2167,2027-02-24T13:00:00+00:00,-3.14,79.58
Tbilisi,42.5926,42.863,2027-02-24T14:00:00+00:00,9.28,55.44
Batumi,42.4897,44.6118,2027-02-24T15:00:00+00:00,8.74,56.77
Kutaisi,42.3094,43.1133,2027-02-24T16:00:00+00:00,4.84,86.77
Batumi,42.7298,41.6507,2027-02-24T17:00:00+00:00,11.46,88.87
Tbilisi,42.7234,41.1841,2027-02-24T18:00:00+00:00,13.66,79.88
Tbilisi,41.1403,44.6781,2027-02-24T19:00:00+00:00,27.6,60.94
Kutaisi,42.6489,41.389,2027-02-24T20:00:00+00:00,19.0,73.58
Telavi,42.6671,45.9681,2027-02-24T21:00:00+00:00,-1.53,27.13
Kutaisi,42.0048,44.7444,2027-02-24T22:00:00+00:00,12.91,85.04
Telavi,41.8528,42.5598,2027-02-24T23:00:00+00:00,7.26,51.41
Tbilisi,42.0215,44.8206,2027-02-25T00:00:00+00:00,11.33,54.08
Tbilisi,41.5613,43.3078,2027-02-25T01:00:00+00:00,18.34,47.99
Telavi,42.0951,41.7363,2027-02-25T02:00:00+00:00,19.56,71.83
Batumi,41.7377,42.7155,2027-02-25T03:00:00+00:00,19.02,46.24
Tbilisi,41.5525,41.8204,2027-02-25T04:00:00+00:00,4.31,36.21
Batumi,42.1485,41.9297,2027-02-25T05:00:00+00:00,11.91,40.0
Tbilisi,41.6311,45.1909,2027-02-25T06:00:00+00:00,22.22,63.62
Telavi,41.3495,41.7778,2027-02-25T07:00:00+00:00,5.14,44.82
Batumi,42.7513,43.6597,2027-02-25T08:00:00+00:00,10.04,41.58
Kutaisi,41.9021,42.2182,2027-02-25T09:00:00+00:00,17.07,78.66
Kutaisi,41.9076,44.7032,2027-02-25T10:00:00+00:00,8.58,38.28
Kutaisi,42.7295,45.1381,2027-02-25T11:00:00+00:00,-4.89,42.91
Kutaisi,41.5641,41.0834,2027-02-25T12:00:00+00:00,30.89,81.16
Batumi,42.8326,42.1297,2027-02-25T13:00:00+00:00,15.18,65.16
Kutaisi,42.9842,43.6864,2027-02-25T14:00:00+00:00,24.91,68.98
Telavi,41.8272,45.6284,2027-02-25T15:00:00+00:00,29.58,53.53
Tbilisi,41.4076,45.8469,2027-02-25T16:00:00+00:00,31.75,25.34
Batumi,41.0173,42.7767,2027-02-25T17:00:00+00:00,9.96,38.73
Telavi,42.5449,43.6726,2027-02-25T18:00:00+00:00,-1.86,34.7
Kutaisi,42.2754,44.4688,2027-02-25T19:00:00+00:00,14.56,62.16
Kutaisi,42.7536,45.0337,2027-02-25T20:00:00+00:00,-2.68,60.41
Kutaisi,42.4118,44.3871,2027-02-25T21:00:00+00:00,33.94,84.17
Telavi,41.6606,45.0383,2027-02-25T22:00:00+00:00,28.58,88.11
Tbilisi,41.7536,42.7258,2027-02-25T23:00:00+00:00,19.83,35.06
Batumi,42.8849,41.4855,2027-02-26T00:00:00+00:00,3.81,57.27
Tbilisi,42.0955,44.5824,2027-02-26T01:00:00+00:00,-3.36,23.88
Batumi,42.921,41.3252,2027-02-26T02:00:00+00:00,5.33,46.96
Kutaisi,41.2543,44.0335,2027-02-26T03:00:00+00:00,27.66,41.82
Batumi,41.2056,44.0413,2027-02-26T04:00:00+00:00,9.8,52.43
Batumi,42.9561,45.235,2027-02-26T05:00:00+00:00,28.62,71.49
Tbilisi,41.3468,43.5751,2027-02-26T06:00:00+00:00,1.19,83.32
Kutaisi,41.1814,41.4358,2027-02-26T07:00:00+00:00,23.95,26.17
Batumi,41.1677,45.4133,2027-02-26T08:00:00+00:00,9.25,33.7
Tbilisi,42.9045,42.6036,2027-02-26T09:00:00+00:00,-3.44,24.12
Kutaisi,41.5937,43.2489,2027-02-26T10:00:00+00:00,16.31,67.02
Tbilisi,42.7874,44.0832,2027-02-26T11:00:00+00:00,30.52,48.51
Kutaisi,42.3273,42.5643,2027-02-26T12:00:00+00:00,13.26,71.9
Telavi,41.4748,45.0011,2027-02-26T13:00:00+00:00,8.02,82.04
Tbilisi,42.5662,44.7099,2027-02-26T14:00:00+00:00,2.35,61.37
Batumi,41.8132,44.0694,2027-02-26T15:00:00+00:00,31.19,38.68
Batumi,41.1102,42.5339,2027-02-26T16:00:00+00:00,-1.72,63.27
Tbilisi,41.0458,45.8585,2027-02-26T17:00:00+00:00,31.71,72.37
Telavi,42.38,41.4664,2027-02-26T18:00:00+00:00,-2.65,72.76
Batumi,41.3201,42.2503,2027-02-26T19:00:00+00:00,27.0,28.64
Batumi,41.8348,43.5173,2027-02-26T20:00:00+00:00,0.04,68.09
Telavi,41.7117,44.1902,2027-02-26T21:00:00+00:00,1.82,74.75
Telavi,42.9092,41.1524,2027-02-26T22:00:00+00:00,2.74,38.97
Tbilisi,42.4915,41.0556,2027-02-26T23:00:00+00:00,17.75,29.74
Kutaisi,41.9846,44.8003,2027-02-27T00:00:00+00:00,17.05,51.91
Batumi,41.3158,41.1525,2027-02-27T01:00:00+00:00,33.41,66.27
Kutaisi,42.1177,44.0784,2027-02-27T02:00:00+00:00,24.4,37.79
Batumi,42.113,45.6964,2027-02-27T03:00:00+00:00,0.79,44.48
Kutaisi,41.6694,45.5048,2027-02-27T04:00:00+00:00,27.46,43.18
Tbilisi,42.413,41.7371,2027-02-27T05:00:00+00:00,20.27,56.12
Tbilisi,42.612,41.2196,2027-02-27T06:00:00+00:00,17.1,32.15
Batumi,41.5243,43.0925,2027-02-27T07:00:00+00:00,9.34,41.03
Telavi,41.527,45.7731,2027-02-27T08:00:00+00:00,10.97,88.58
Kutaisi,41.0833,43.8979,2027-02-27T09:00:00+00:00,5.29,25.84
Kutaisi,41.8713,45.8147,2027-02-27T10:00:00+00:00,5.38,22.47
Telavi,41.6585,45.205,2027-02-27T11:00:00+00:00,12.26,29.42
Telavi,42.0617,45.6337,2027-02-27T12:00:00+00:00,12.71,81.61
Kutaisi,41.8511,45.9127,2027-02-27T13:00:00+00:00,34.07,63.64
Batumi,41.1481,42.9468,2027-02-27T14:00:00+00:00,33.36,49.17
Batumi,42.7701,41.6903,2027-02-27T15:00:00+00:00,18.66,81.93
Tbilisi,42.5987,45.3407,2027-02-27T16:00:00+00:00,17.24,20.64
Kutaisi,41.964,43.9456,2027-02-27T17:00:00+00:00,21.62,51.31
Tbilisi,42.5073,44.077,2027-02-27T18:00:00+00:00,3.57,21.17
Kutaisi,41.2425,44.6052,2027-02-27T19:00:00+00:00,5.25,89.63
Kutaisi,42.4597,43.8006,2027-02-27T20:00:00+00:00,33.03,59.87
Kutaisi,41.1468,44.5565,2027-02-27T21:00:00+00:00,-0.12,52.17
Tbilisi,42.9141,42.1668,2027-02-27T22:00:00+00:00,12.62,59.26
Kutaisi,42.7654,45.7866,2027-02-27T23:00:00+00:00,11.35,35.05
Tbilisi,42.6401,42.6569,2027-02-28T00:00:00+00:00,3.84,66.03
Telavi,41.9868,45.0391,2027-02-28T01:00:00+00:00,5.23,55.74
Telavi,42.6294,43.6436,2027-02-28T02:00:00+00:00,25.81,78.43
Kutaisi,41.76,44.3041,2027-02-28T03:00:00+00:00,18.72,31.68
Batumi,42.7453,41.7943,2027-02-28T04:00:00+00:00,31.25,70.18
Tbilisi,42.5203,41.5539,2027-02-28T05:00:00+00:00,3.73,37.18
Batumi,41.0835,45.4914,2027-02-28T06:00:00+00:00,15.57,49.9
Kutaisi,42.363,45.159,2027-02-28T07:00:00+00:00,14.4,48.67
Telavi,42.0048,44.0541,2027-02-28T08:00:00+00:00,10.97,42.68
Batumi,41.9593,42.344,2027-02-28T09:00:00+00:00,6.23,42.78
Telavi,41.6694,41.3967,2027-02-28T10:00:00+00:00,9.3,34.05
Telavi,41.6448,42.7231,2027-02-28T11:00:00+00:00,26.49,43.08
Batumi,42.8475,44.5001,2027-02-28T12:00:00+00:00,14.54,57.62
Telavi,42.9307,41.4349,2027-02-28T13:00:00+00:00,22.43,69.4
Kutaisi,42.9415,42.9289,2027-02-28T14:00:00+00:00,30.49,85.0
Telavi,41.8875,44.8031,2027-02-28T15:00:00+00:00,28.56,65.63
Telavi,41.8488,42.6732,2027-02-28T16:00:00+00:00,5.73,48.44
Kutaisi,41.1439,42.791,2027-02-28T17:00:00+00:00,20.65,41.75
Tbilisi,42.2228,43.203,2027-02-28T18:00:00+00:00,18.95,36.63
Tbilisi,42.827,41.2491,2027-02-28T19:00:00+00:00,33.22,44.57
Batumi,41.1221,41.5513,2027-02-28T20:00:00+00:00,26.37,78.6
Tbilisi,42.5172,42.6364,2027-02-28T21:00:00+00:00,14.02,64.75
Batumi,42.8439,41.7229,2027-02-28T22:00:00+00:00,15.97,73.15
Batumi,41.6106,44.3141,2027-02-28T23:00:00+00:00,1.7,46.71
Tbilisi,42.1355,43.5995,2027-03-01T00:00:00+00:00,5.16,65.84
Tbilisi,42.9098,45.0223,2027-03-01T01:00:00+00:00,29.97,87.96
Kutaisi,41.0162,42.0199,2027-03-01T02:00:00+00:00,31.4,58.75
Tbilisi,42.677,42.6682,2027-03-01T03:00:00+00:00,3.77,72.34
Kutaisi,42.5891,43.6349,2027-03-01T04:00:00+00:00,11.01,72.28
Tbilisi,42.8571,42.6315,2027-03-01T05:00:00+00:00,5.9,81.65
Kutaisi,41.4901,41.7712,2027-03-01T06:00:00+00:00,10.72,63.05
Telavi,41.9691,42.3366,2027-03-01T07:00:00+00:00,24.91,89.34
Batumi,41.9915,41.2404,2027-03-01T08:00:00+00:00,8.31,34.43
Kutaisi,42.2481,41.3148,2027-03-01T09:00:00+00:00,18.97,30.72
Kutaisi,41.8175,44.6944,2027-03-01T10:00:00+00:00,32.02,30.75
Kutaisi,42.4757,41.8536,2027-03-01T11:00:00+00:00,-1.58,81.69
Kutaisi,42.9397,44.6133,2027-03-01T12:00:00+00:00,28.99,65.43
Batumi,42.1142,45.3045,2027-03-01T13:00:00+00:00,21.94,51.78
Kutaisi,42.098,41.4467,2027-03-01T14:00:00+00:00,1.35,32.77
Kutaisi,41.4351,44.0367,2027-03-01T15:00:00+00:00,10.91,64.89
Kutaisi,41.5771,42.9771,2027-03-01T16:00:00+00:00,12.83,62.67
Tbilisi,42.6624,45.1507,2027-03-01T17:00:00+00:00,-1.71,74.69
Tbilisi,42.2143,41.3234,2027-03-01T18:00:00+00:00,14.33,45.92
Batumi,42.1452,44.44,2027-03-01T19:00:00+00:00,6.96,75.54
Batumi,41.6781,44.3609,2027-03-01T20:00:00+00:00,12.18,39.29
Batumi,42.04,44.3648,2027-03-01T21:00:00+00:00,4.78,74.64
Kutaisi,42.3259,43.3793,2027-03-01T22:00:00+00:00,12.6,50.41
Telavi,42.5603,43.9117,2027-03-01T23:00:00+00:00,-3.53,21.31
Kutaisi,41.606,44.0638,2027-03-02T00:00:00+00:00,20.95,69.59
Kutaisi,41.4453,44.8292,2027-03-02T01:00:00+00:00,16.48,66.01
Tbilisi,41.6726,43.0526,2027-03-02T02:00:00+00:00,17.55,86.55
Tbilisi,42.6601,42.3282,2027-03-02T03:00:00+00:00,19.5,82.83
Telavi,41.8098,45.7473,2027-03-02T04:00:00+00:00,4.64,80.56
Kutaisi,41.421,43.9687,2027-03-02T05:00:00+00:00,13.66,89.59
Tbilisi,41.2196,45.7487,2027-03-02T06:00:00+00:00,20.74,52.36
Batumi,42.533,44.0728,2027-03-02T07:00:00+00:00,5.51,66.42
Kutaisi,42.3885,43.4188,2027-03-02T08:00:00+00:00,1.92,85.98
Telavi,42.9238,42.6838,2027-03-02T09:00:00+00:00,5.18,35.63
Kutaisi,42.2963,44.6561,2027-03-02T10:00:00+00:00,14.51,26.67
Kutaisi,42.7511,42.8705,2027-03-02T11:00:00+00:00,3.56,66.56
Batumi,41.4756,41.7228,2027-03-02T12:00:00+00:00,9.67,46.1
Tbilisi,42.668,44.3708,2027-03-02T13:00:00+00:00,18.28,87.76
Kutaisi,41.972,43.989,2027-03-02T14:00:00+00:00,28.31,45.35
Tbilisi,42.3072,43.0123,2027-03-02T15:00:00+00:00,1.22,82.85
Kutaisi,42.2561,41.5878,2027-03-02T16:00:00+00:00,2.74,31.74
Batumi,42.4833,44.276,2027-03-02T17:00:00+00:00,33.49,41.14
Tbilisi,41.6012,43.3251,2027-03-02T18:00:00+00:00,5.06,76.48
Telavi,42.2672,41.4801,2027-03-02T19:00:00+00:00,24.18,54.49
Telavi,42.4407,45.0332,2027-03-02T20:00:00+00:00,22.74,88.19
Tbilisi,42.1119,44.5682,2027-03-02T21:00:00+00:00,17.88,89.63
Batumi,41.9986,42.417,2027-03-02T22:00:00+00:00,23.56,48.17
Tbilisi,41.923,41.9548,2027-03-02T23:00:00+00:00,27.99,27.05
Tbilisi,41.9202,44.0789,2027-03-03T00:00:00+00:00,-3.75,79.25
Tbilisi,41.8767,41.1763,2027-03-03T01:00:00+00:00,10.33,60.09
Kutaisi,42.1492,43.4444,2027-03-03T02:00:00+00:00,12.3,61.82
Kutaisi,41.6276,41.4893,2027-03-03T03:00:00+00:00,31.15,30.93
Kutaisi,42.1566,44.903,2027-03-03T04:00:00+00:00,21.58,73.95
Telavi,41.8903,44.3843,2027-03-03T05:00:00+00:00,9.12,33.86
Telavi,41.9736,42.2008,2027-03-03T06:00:00+00:00,30.17,75.69
Telavi,41.091,41.289,2027-03-03T07:00:00+00:00,0.12,57.38
Batumi,41.5402,41.4269,2027-03-03T08:00:00+00:00,3.55,76.06
Tbilisi,42.5066,44.0605,2027-03-03T09:00:00+00:00,-2.02,33.27
Telavi,42.8216,42.5494,2027-03-03T10:00:00+00:00,14.7,41.68
Batumi,41.8644,45.2553,2027-03-03T11:00:00+00:00,31.92,41.96
Telavi,41.8833,45.1009,2027-03-03T12:00:00+00:00,-2.5,68.62
Tbilisi,41.392,44.8382,2027-03-03T13:00:00+00:00,33.94,66.73
Tbilisi,42.8283,44.3677,2027-03-03T14:00:00+00:00,4.13,45.49
Telavi,42.687,43.8036,2027-03-03T15:00:00+00:00,1.13,77.71
Batumi,42.9486,42.7135,2027-03-03T16:00:00+00:00,32.94,66.86
Batumi,42.7939,43.3544,2027-03-03T17:00:00+00:00,18.65,38.51
Tbilisi,41.283,43.5329,2027-03-03T18:00:00+00:00,25.54,47.32
Tbilisi,41.1769,41.6313,2027-03-03T19:00:00+00:00,0.14,33.73
Batumi,41.1511,44.1331,2027-03-03T20:00:00+00:00,1.66,80.67
Telavi,41.1652,41.541,2027-03-03T21:00:00+00:00,14.57,64.93
Batumi,42.6858,45.0501,2027-03-03T22:00:00+00:00,29.61,47.6
Kutaisi,41.903,42.3205,2027-03-03T23:00:00+00:00,20.16,46.43
Kutaisi,42.4001,41.9043,2027-03-04T00:00:00+00:00,22.46,42.19
Kutaisi,42.8491,41.5469,2027-03-04T01:00:00+00:00,-1.1,74.07
Kutaisi,41.1707,42.9102,2027-03-04T02:00:00+00:00,13.01,55.78
Tbilisi,42.3743,41.7219,2027-03-04T03:00:00+00:00,3.24,77.79
Tbilisi,42.38,42.0819,2027-03-04T04:00:00+00:00,28.5,70.56
Kutaisi,42.5606,43.6853,2027-03-04T05:00:00+00:00,30.91,80.34
Tbilisi,41.5203,44.3538,2027-03-04T06:00:00+00:00,1.63,86.23
Kutaisi,42.3238,42.2192,2027-03-04T07:00:00+00:00,4.72,38.69
Tbilisi,42.7988,41.5565,2027-03-04T08:00:00+00:00,12.72,57.92
Telavi,41.0228,41.0081,2027-03-04T09:00:00+00:00,14.27,74.44
Kutaisi,41.9374,43.4145,2027-03-04T10:00:00+00:00,24.29,20.74
Telavi,42.3228,43.4158,2027-03-04T11:00:00+00:00,-0.66,58.04
Telavi,41.7544,44.7023,2027-03-04T12:00:00+00:00,9.93,53.82
Telavi,42.3781,41.3284,2027-03-04T13:00:00+00:00,11.64,87.09
Telavi,41.2946,42.4097,2027-03-04T14:00:00+00:00,15.94,56.13
Tbilisi,42.3135,41.5149,2027-03-04T15:00:00+00:00,10.6,60.2
Tbilisi,41.4524,45.1356,2027-03-04T16:00:00+00:00,1.47,79.15
Kutaisi,42.5917,42.2835,2027-03-04T17:00:00+00:00,12.18,40.9
Tbilisi,41.8026,42.6145,2027-03-04T18:00:00+00:00,31.25,72.69
Tbilisi,41.7738,45.5586,2027-03-04T19:00:00+00:00,26.84,59.84
Telavi,42.2903,42.1473,2027-03-04T20:00:00+00:00,0.23,77.0
Tbilisi,42.4103,43.9809,2027-03-04T21:00:00+00:00,22.31,28.64
Tbilisi,42.4748,42.8688,2027-03-04T22:00:00+00:00,17.95,33.15
Batumi,42.1592,43.3227,2027-03-04T23:00:00+00:00,-4.57,39.41
Tbilisi,42.9215,45.6114,2027-03-05T00:00:00+00:00,-2.32,37.43
Telavi,42.4573,44.9048,2027-03-05T01:00:00+00:00,8.64,32.03
Tbilisi,41.2812,41.5654,2027-03-05T02:00:00+00:00,17.86,85.05
Tbilisi,42.1008,43.5502,2027-03-05T03:00:00+00:00,9.67,39.34
Tbilisi,41.2831,45.2152,2027-03-05T04:00:00+00:00,19.14,33.93
Kutaisi,42.0905,44.78,2027-03-05T05:00:00+00:00,28.1,33.45
Tbilisi,41.0085,42.8104,2027-03-05T06:00:00+00:00,4.57,76.24
Tbilisi,41.96,42.6904,2027-03-05T07:00:00+00:00,5.15,60.17
Kutaisi,41.2442,45.3804,2027-03-05T08:00:00+00:00,24.38,41.3
Tbilisi,41.3011,43.7154,2027-03-05T09:00:00+00:00,2.58,59.99
Kutaisi,42.0265,44.1739,2027-03-05T10:00:00+00:00,23.26,59.64
Tbilisi,42.8635,42.6944,2027-03-05T11:00:00+00:00,25.33,62.2
Tbilisi,41.9856,43.4647,2027-03-05T12:00:00+00:00,29.28,68.95
Batumi,41.0653,43.054,2027-03-05T13:00:00+00:00,13.08,23.99
Kutaisi,41.1474,42.2682,2027-03-05T14:00:00+00:00,32.31,46.74
Kutaisi,41.1864,42.9608,2027-03-05T15:00:00+00:00,16.63,36.23
Kutaisi,41.4177,43.2411,2027-03-05T16:00:00+00:00,17.34,28.07
Telavi,42.5279,43.0186,2027-03-05T17:00:00+00:00,13.59,66.71
Tbilisi,41.0188,42.3991,2027-03-05T18:00:00+00:00,7.41,85.92
Telavi,42.3526,44.3415,2027-03-05T19:00:00+00:00,4.33,25.6
Telavi,42.5206,41.223,2027-03-05T20:00:00+00:00,4.03,38.49
Telavi,42.4968,44.6128,2027-03-05T21:00:00+00:00,13.05,83.87
Telavi,42.7923,42.3201,2027-03-05T22:00:00+00:00,29.73,28.14
Tbilisi,41.6044,42.4045,2027-03-05T23:00:00+00:00,16.33,23.02
Kutaisi,42.4018,45.9161,2027-03-06T00:00:00+00:00,24.01,35.21
Tbilisi,42.0828,45.9541,2027-03-06T01:00:00+00:00,10.48,79.95
Kutaisi,41.3244,41.2573,2027-03-06T02:00:00+00:00,18.77,79.41
Kutaisi,42.6353,44.5906,2027-03-06T03:00:00+00:00,6.96,53.41
Tbilisi,41.2104,41.2561,2027-03-06T04:00:00+00:00,33.13,60.33
Telavi,41.6133,43.2479,2027-03-06T05:00:00+00:00,6.6,72.02
Telavi,41.6828,41.7493,2027-03-06T06:00:00+00:00,17.61,51.91
Batumi,41.7748,43.8831,2027-03-06T07:00:00+00:00,6.84,43.65
Tbilisi,42.5164,43.8999,2027-03-06T08:00:00+00:00,19.35,38.05
Telavi,42.0568,42.7444,2027-03-06T09:00:00+00:00,11.67,79.0
Telavi,42.4471,44.6446,2027-03-06T10:00:00+00:00,2.28,80.59
Telavi,41.1354,43.597,2027-03-06T11:00:00+00:00,32.26,74.73
Telavi,41.0675,44.8376,2027-03-06T12:00:00+00:00,12.71,50.85
Telavi,41.8781,42.8729,2027-03-06T13:00:00+00:00,-3.36,65.8
Telavi,41.2886,42.1141,2027-03-06T14:00:00+00:00,13.74,32.86
Telavi,41.1395,44.9266,2027-03-06T15:00:00+00:00,-2.79,50.65
Batumi,42.9767,41.616,2027-03-06T16:00:00+00:00,17.16,49.36
Batumi,42.3214,41.1624,2027-03-06T17:00:00+00:00,16.59,83.07
Batumi,41.5748,41.8198,2027-03-06T18:00:00+00:00,2.7,85.91
Batumi,41.1038,41.7155,2027-03-06T19:00:00+00:00,19.67,85.04
Kutaisi,41.5598,41.1128,2027-03-06T20:00:00+00:00,11.05,69.59
Tbilisi,42.669,45.7597,2027-03-06T21:00:00+00:00,10.11,88.94
Kutaisi,42.4154,44.4003,2027-03-06T22:00:00+00:00,-4.91,62.84
Batumi,41.3815,43.1882,2027-03-06T23:00:00+00:00,30.2,42.62
Batumi,42.1976,41.4517,2027-03-07T00:00:00+00:00,15.23,36.97
Tbilisi,41.066,42.9127,2027-03-07T01:00:00+00:00,32.61,37.77
Kutaisi,41.5745,43.3944,2027-03-07T02:00:00+00:00,32.88,37.18
Tbilisi,42.9237,44.1588,2027-03-07T03:00:00+00:00,25.59,56.42
Tbilisi,41.5119,42.8105,2027-03-07T04:00:00+00:00,33.52,83.32
Tbilisi,41.648,45.8721,2027-03-07T05:00:00+00:00,11.41,89.54
Batumi,41.7303,45.0036,2027-03-07T06:00:00+00:00,14.19,80.17
Telavi,42.1013,44.1877,2027-03-07T07:00:00+00:00,12.87,47.78
Batumi,41.0841,44.6105,2027-03-07T08:00:00+00:00,33.04,31.81
Batumi,42.7754,45.5853,2027-03-07T09:00:00+00:00,-3.63,82.95
Kutaisi,42.1204,45.8223,2027-03-07T10:00:00+00:00,31.9,86.6
Batumi,42.0799,43.3599,2027-03-07T11:00:00+00:00,15.98,53.88
Telavi,41.406,44.9879,2027-03-07T12:00:00+00:00,-1.95,76.1
Kutaisi,42.1348,44.986,2027-03-07T13:00:00+00:00,1.95,77.22
Telavi,42.8314,43.8872,2027-03-07T14:00:00+00:00,7.39,28.04
Tbilisi,41.4689,44.8012,2027-03-07T15:00:00+00:00,16.68,55.46
Telavi,41.009,42.6209,2027-03-07T16:00:00+00:00,23.06,32.52
Telavi,41.6244,44.4239,2027-03-07T17:00:00+00:00,1.0,21.48
Batumi,42.4612,44.2804,2027-03-07T18:00:00+00:00,-4.85,70.62
Telavi,41.7217,42.8329,2027-03-07T19:00:00+00:00,5.86,47.88
Telavi,42.239,44.2927,2027-03-07T20:00:00+00:00,22.85,23.89
Kutaisi,41.8116,41.658,2027-03-07T21:00:00+00:00,13.66,65.52
Tbilisi,42.5598,42.7776,2027-03-07T22:00:00+00:00,11.23,67.64
Telavi,41.5057,41.8541,2027-03-07T23:00:00+00:00,-2.97,80.74
Telavi,41.1108,43.6728,2027-03-08T00:00:00+00:00,25.68,40.46
Batumi,41.4033,43.8643,2027-03-08T01:00:00+00:00,9.9,86.66
Batumi,42.8042,44.444,2027-03-08T02:00:00+00:00,3.65,57.44
Tbilisi,41.8525,44.9781,2027-03-08T03:00:00+00:00,29.58,43.49
Batumi,41.4582,43.0067,2027-03-08T04:00:00+00:00,-1.98,71.91
Kutaisi,42.0003,41.4986,2027-03-08T05:00:00+00:00,20.37,20.49
Kutaisi,41.0886,41.5343,2027-03-08T06:00:00+00:00,12.29,62.65
Telavi,42.3386,41.1385,2027-03-08T07:00:00+00:00,0.17,25.15
Batumi,41.0924,45.2419,2027-03-08T08:00:00+00:00,1.19,70.67
Kutaisi,41.2527,42.1342,2027-03-08T09:00:00+00:00,0.98,59.56
Tbilisi,42.6627,43.8767,2027-03-08T10:00:00+00:00,29.04,72.78
Kutaisi,42.011,43.9669,2027-03-08T11:00:00+00:00,-0.87,57.49
Kutaisi,42.829,45.0528,2027-03-08T12:00:00+00:00,-1.91,78.96
Telavi,41.1666,44.0077,2027-03-08T13:00:00+00:00,33.94,83.28
Telavi,41.6685,45.6816,2027-03-08T14:00:00+00:00,7.11,80.14
Kutaisi,42.8295,42.4951,2027-03-08T15:00:00+00:00,27.43,77.87
Telavi,41.3169,41.6514,2027-03-08T16:00:00+00:00,19.05,56.2
Batumi,42.3862,41.8891,2027-03-08T17:00:00+00:00,21.13,86.67
Telavi,42.4552,42.1782,2027-03-08T18:00:00+00:00,31.96,50.4
Telavi,41.96,45.4093,2027-03-08T19:00:00+00:00,5.32,33.39
Kutaisi,41.3951,45.4167,2027-03-08T20:00:00+00:00,29.4,63.58
Telavi,42.0378,41.824,2027-03-08T21:00:00+00:00,33.98,46.35
Telavi,41.2206,45.52,2027-03-08T22:00:00+00:00,25.11,79.6
Batumi,42.7887,45.3327,2027-03-08T23:00:00+00:00,20.9,78.44
Tbilisi,42.5258,42.132,2027-03-09T00:00:00+00:00,32.12,65.31
Kutaisi,41.2507,43.3545,2027-03-09T01:00:00+00:00,29.57,87.27
Tbilisi,42.442,43.8381,2027-03-09T02:00:00+00:00,-4.62,24.61
Kutaisi,41.9659,43.3894,2027-03-09T03:00:00+00:00,0.1,81.53
Telavi,41.7639,44.896,2027-03-09T04:00:00+00:00,22.75,29.69
Kutaisi,41.5234,41.7689,2027-03-09T05:00:00+00:00,-3.68,48.88
Batumi,41.1061,44.8024,2027-03-09T06:00:00+00:00,23.71,38.79
Tbilisi,42.8247,44.3938,2027-03-09T07:00:00+00:00,0.93,36.92
Tbilisi,42.5043,41.9217,2027-03-09T08:00:00+00:00,2.29,41.75
Tbilisi,41.5172,45.8,2027-03-09T09:00:00+00:00,8.13,60.01
Tbilisi,42.7576,44.1707,2027-03-09T10:00:00+00:00,15.87,28.81
Batumi,41.4349,42.6498,2027-03-09T11:00:00+00:00,16.1,71.59
Telavi,42.6023,41.8179,2027-03-09T12:00:00+00:00,18.01,64.62
Kutaisi,42.2329,44.422,2027-03-09T13:00:00+00:00,31.46,53.69
Telavi,42.5945,41.4121,2027-03-09T14:00:00+00:00,9.12,80.41
Tbilisi,42.5793,41.8308,2027-03-09T15:00:00+00:00,25.77,31.45
Kutaisi,41.9299,44.8969,2027-03-09T16:00:00+00:00,11.11,20.74
Batumi,41.2865,43.8138,2027-03-09T17:00:00+00:00,17.99,69.22
Tbilisi,41.8646,45.2121,2027-03-09T18:00:00+00:00,11.26,80.53
Kutaisi,41.6022,43.2581,2027-03-09T19:00:00+00:00,14.56,78.94
Kutaisi,41.6362,44.2933,2027-03-09T20:00:00+00:00,-2.9,84.48
Batumi,42.2826,41.6247,2027-03-09T21:00:00+00:00,19.77,61.91
Tbilisi,42.4694,43.2144,2027-03-09T22:00:00+00:00,9.55,80.42
Batumi,42.2439,42.5289,2027-03-09T23:00:00+00:00,4.25,60.22
Tbilisi,41.5544,45.2684,2027-03-10T00:00:00+00:00,24.57,67.03
Batumi,42.5824,44.4444,2027-03-10T01:00:00+00:00,1.98,52.82
Batumi,41.6687,41.9906,2027-03-10T02:00:00+00:00,28.09,77.82
Tbilisi,42.7839,42.2314,2027-03-10T03:00:00+00:00,32.37,36.27
Kutaisi,41.4971,45.4907,2027-03-10T04:00:00+00:00,22.17,23.53
Batumi,41.8462,41.5074,2027-03-10T05:00:00+00:00,2.15,40.52
Telavi,42.8668,41.1082,2027-03-10T06:00:00+00:00,17.8,46.2
Telavi,41.3146,42.2086,2027-03-10T07:00:00+00:00,8.87,42.69
Tbilisi,41.7995,41.6276,2027-03-10T08:00:00+00:00,27.86,42.87
Tbilisi,41.9749,41.4489,2027-03-10T09:00:00+00:00,32.89,42.7
Telavi,41.1083,43.9388,2027-03-10T10:00:00+00:00,33.65,64.38
Tbilisi,41.5468,41.7616,2027-03-10T11:00:00+00:00,20.91,68.1
Kutaisi,42.8926,42.9664,2027-03-10T12:00:00+00:00,-2.15,61.56
Batumi,41.7427,42.8613,2027-03-10T13:00:00+00:00,-1.5,42.45
Tbilisi,42.8828,44.8535,2027-03-10T14:00:00+00:00,-1.99,26.38
Batumi,42.6446,44.6638,2027-03-10T15:00:00+00:00,30.44,83.24
Kutaisi,42.431,42.1161,2027-03-10T16:00:00+00:00,22.54,62.79
Kutaisi,42.8632,45.8705,2027-03-10T17:00:00+00:00,19.66,81.21
Tbilisi,41.6664,43.4861,2027-03-10T18:00:00+00:00,25.26,45.06
Tbilisi,42.7883,42.9617,2027-03-10T19:00:00+00:00,26.9,32.16
Batumi,42.9613,43.0479,2027-03-10T20:00:00+00:00,-4.3,74.87
Tbilisi,42.49,41.6706,2027-03-10T21:00:00+00:00,29.08,66.99
Kutaisi,42.7836,44.5806,2027-03-10T22:00:00+00:00,4.5,29.2
Tbilisi,41.9164,45.6977,2027-03-10T23:00:00+00:00,7.51,40.24
Tbilisi,41.6288,43.8119,2027-03-11T00:00:00+00:00,10.42,76.61
Telavi,42.1913,43.3029,2027-03-11T01:00:00+00:00,-1.91,33.29
Batumi,42.3855,43.1123,2027-03-11T02:00:00+00:00,31.52,55.36
Tbilisi,41.2186,41.3932,2027-03-11T03:00:00+00:00,6.38,72.8
Tbilisi,42.6992,44.6634,2027-03-11T04:00:00+00:00,19.0,53.99
Tbilisi,42.0759,42.0356,2027-03-11T05:00:00+00:00,6.24,88.17
Telavi,42.3129,42.9294,2027-03-11T06:00:00+00:00,4.72,56.61
Telavi,42.9338,43.3657,2027-03-11T07:00:00+00:00,16.43,44.66
Kutaisi,42.8652,45.6548,2027-03-11T08:00:00+00:00,-3.17,44.54
Tbilisi,42.3217,42.909,2027-03-11T09:00:00+00:00,34.73,73.11
Batumi,41.7604,41.8805,2027-03-11T10:00:00+00:00,-3.63,53.54
Batumi,42.4291,41.783,2027-03-11T11:00:00+00:00,-4.93,64.68
Tbilisi,42.3465,45.7182,2027-03-11T12:00:00+00:00,6.62,30.8
Batumi,41.9162,42.7585,2027-03-11T13:00:00+00:00,6.31,52.63
Batumi,42.4543,44.5596,2027-03-11T14:00:00+00:00,-3.85,57.34
Tbilisi,42.5373,44.0183,2027-03-11T15:00:00+00:00,33.09,56.43
Kutaisi,41.2065,42.2765,2027-03-11T16:00:00+00:00,34.08,62.53
Batumi,41.8233,45.4585,2027-03-11T17:00:00+00:00,5.41,53.66
Tbilisi,42.8876,42.8946,2027-03-11T18:00:00+00:00,15.6,49.25
Kutaisi,41.1368,43.8059,2027-03-11T19:00:00+00:00,25.51,82.53
Tbilisi,41.85,42.7716,2027-03-11T20:00:00+00:00,-3.18,66.82
Kutaisi,42.6421,42.0361,2027-03-11T21:00:00+00:00,7.15,84.83
Tbilisi,42.0076,45.5805,2027-03-11T22:00:00+00:00,21.23,34.67
Batumi,41.0325,41.1619,2027-03-11T23:00:00+00:00,8.98,78.44
Kutaisi,41.857,44.7921,2027-03-12T00:00:00+00:00,3.56,73.94
Telavi,41.9642,42.2098,2027-03-12T01:00:00+00:00,22.08,26.96
Telavi,42.375,43.4052,2027-03-12T02:00:00+00:00,18.68,31.26
Telavi,41.2155,42.4159,2027-03-12T03:00:00+00:00,14.22,30.76
Tbilisi,41.2872,44.3239,2027-03-12T04:00:00+00:00,0.54,46.25
Kutaisi,41.674,41.1189,2027-03-12T05:00:00+00:00,-2.69,43.95
Tbilisi,42.0146,44.7219,2027-03-12T06:00:00+00:00,-3.54,59.45
Batumi,42.1361,43.4799,2027-03-12T07:00:00+00:00,20.24,36.58
Telavi,41.2702,42.8875,2027-03-12T08:00:00+00:00,10.67,20.92
Kutaisi,41.4975,42.0988,2027-03-12T09:00:00+00:00,21.85,21.92
Tbilisi,41.5821,42.5644,2027-03-12T10:00:00+00:00,19.6,63.29
Batumi,42.9718,43.4586,2027-03-12T11:00:00+00:00,33.95,39.46
Telavi,42.9832,43.832,2027-03-12T12:00:00+00:00,20.75,41.99
Kutaisi,41.8266,42.9374,2027-03-12T13:00:00+00:00,15.48,54.76
Batumi,41.7185,43.6093,2027-03-12T14:00:00+00:00,26.94,30.97
Kutaisi,41.3104,44.8899,2027-03-12T15:00:00+00:00,20.27,23.9
Batumi,41.2548,41.1868,2027-03-12T16:00:00+00:00,3.98,86.77
Tbilisi,41.7446,44.7178,2027-03-12T17:00:00+00:00,13.06,79.36
Tbilisi,41.3689,41.3941,2027-03-12T18:00:00+00:00,9.76,59.47
Tbilisi,42.6521,41.5114,2027-03-12T19:00:00+00:00,15.66,64.03
Tbilisi,41.6736,43.0641,2027-03-12T20:00:00+00:00,12.25,69.67
Tbilisi,42.6996,42.0875,2027-03-12T21:00:00+00:00,0.08,56.9
Kutaisi,42.5426,43.4296,2027-03-12T22:00:00+00:00,19.57,60.86
Telavi,42.5993,43.0814,2027-03-12T23:00:00+00:00,8.06,53.15
Kutaisi,42.6583,45.0516,2027-03-13T00:00:00+00:00,29.22,39.73
Kutaisi,41.3106,41.7237,2027-03-13T01:00:00+00:00,26.97,38.17
Batumi,41.5021,43.7211,2027-03-13T02:00:00+00:00,10.72,70.69
Batumi,42.7366,42.1735,2027-03-13T03:00:00+00:00,-1.93,45.69
Batumi,42.886,45.188,2027-03-13T04:00:00+00:00,29.86,83.94
Tbilisi,42.3909,42.9013,2027-03-13T05:00:00+00:00,10.23,61.1
Tbilisi,42.8402,44.9399,2027-03-13T06:00:00+00:00,19.17,37.4
Telavi,41.0128,41.4263,2027-03-13T07:00:00+00:00,5.55,85.15
Tbilisi,42.7467,43.8393,2027-03-13T08:00:00+00:00,24.77,78.16
Batumi,42.4673,45.235,2027-03-13T09:00:00+00:00,10.13,66.04
Batumi,42.7768,44.6314,2027-03-13T10:00:00+00:00,11.37,58.65
Batumi,41.5789,45.8441,2027-03-13T11:00:00+00:00,3.82,25.49
Tbilisi,41.396,41.3488,2027-03-13T12:00:00+00:00,-0.85,86.07
Tbilisi,41.6241,45.7439,2027-03-13T13:00:00+00:00,8.67,26.01
Batumi,41.3131,44.1809,2027-03-13T14:00:00+00:00,12.8,61.11
Tbilisi,41.6194,43.2522,2027-03-13T15:00:00+00:00,15.09,48.98
Kutaisi,42.5848,45.0334,2027-03-13T16:00:00+00:00,31.11,51.73
Kutaisi,42.3212,43.5166,2027-03-13T17:00:00+00:00,16.06,24.84
Batumi,41.2091,45.0466,2027-03-13T18:00:00+00:00,9.15,83.73
Kutaisi,41.6294,41.6257,2027-03-13T19:00:00+00:00,25.58,52.04
Telavi,42.1993,44.9528,2027-03-13T20:00:00+00:00,13.2,38.74
Batumi,41.4296,45.9656,2027-03-13T21:00:00+00:00,12.99,38.08
Telavi,41.0074,45.7128,2027-03-13T22:00:00+00:00,4.88,27.46
Batumi,41.7864,45.8484,2027-03-13T23:00:00+00:00,19.59,26.23
Telavi,42.9269,41.354,2027-03-14T00:00:00+00:00,28.34,21.18
Batumi,41.8533,45.0453,2027-03-14T01:00:00+00:00,9.02,85.82
Tbilisi,41.6954,45.6273,2027-03-14T02:00:00+00:00,10.86,26.13
Tbilisi,41.1624,45.9823,2027-03-14T03:00:00+00:00,19.1,65.08
Kutaisi,41.814,41.4731,2027-03-14T04:00:00+00:00,7.88,47.73
Telavi,42.862,41.1066,2027-03-14T05:00:00+00:00,6.24,40.34
Telavi,41.9278,42.5016,2027-03-14T06:00:00+00:00,17.46,74.24
Kutaisi,42.0175,43.5838,2027-03-14T07:00:00+00:00,13.69,82.87
Batumi,41.8106,41.5326,2027-03-14T08:00:00+00:00,34.53,84.49
Telavi,42.5959,41.0196,2027-03-14T09:00:00+00:00,-2.13,54.04
Batumi,42.3077,42.566,2027-03-14T10:00:00+00:00,31.3,61.69
Batumi,42.6317,45.6712,2027-03-14T11:00:00+00:00,12.77,27.23
Tbilisi,41.8847,43.8687,2027-03-14T12:00:00+00:00,25.36,78.25
Tbilisi,41.5561,41.1181,2027-03-14T13:00:00+00:00,31.88,38.76
Kutaisi,41.1723,45.8587,2027-03-14T14:00:00+00:00,9.27,79.44
Telavi,41.8955,42.1372,2027-03-14T15:00:00+00:00,4.33,66.34
Kutaisi,42.3272,44.6521,2027-03-14T16:00:00+00:00,34.4,84.79
Kutaisi,42.8802,42.1441,2027-03-14T17:00:00+00:00,34.43,53.6
Tbilisi,42.6371,44.6345,2027-03-14T18:00:00+00:00,9.41,83.48
Tbilisi,41.6222,44.4737,2027-03-14T19:00:00+00:00,18.43,32.61
Telavi,42.9599,42.0722,2027-03-14T20:00:00+00:00,10.44,27.82
Telavi,42.2952,43.2818,2027-03-14T21:00:00+00:00,-0.85,51.81
Kutaisi,42.5267,44.4724,2027-03-14T22:00:00+00:00,1.19,55.46
Batumi,42.8582,41.9804,2027-03-14T23:00:00+00:00,24.85,59.21
Kutaisi,42.6916,42.8806,2027-03-15T00:00:00+00:00,8.18,66.29
Batumi,42.7315,44.2943,2027-03-15T01:00:00+00:00,10.52,51.73
Tbilisi,41.5215,41.3912,2027-03-15T02:00:00+00:00,32.02,36.9
Batumi,42.5821,45.4727,2027-03-15T03:00:00+00:00,14.26,62.63
Telavi,42.8745,43.1521,2027-03-15T04:00:00+00:00,9.61,59.15
Tbilisi,41.9554,42.145,2027-03-15T05:00:00+00:00,7.78,62.53
Tbilisi,42.7617,41.6072,2027-03-15T06:00:00+00:00,0.45,21.71
Batumi,42.8689,42.855,2027-03-15T07:00:00+00:00,5.52,41.16
Batumi,42.6392,43.6756,2027-03-15T08:00:00+00:00,18.84,21.09
Kutaisi,42.3252,44.142,2027-03-15T09:00:00+00:00,8.11,54.02
Batumi,42.1986,42.1867,2027-03-15T10:00:00+00:00,21.46,53.28
Tbilisi,42.4486,45.9278,2027-03-15T11:00:00+00:00,10.9,72.32
Batumi,41.7242,41.6307,2027-03-15T12:00:00+00:00,28.35,65.39
Kutaisi,41.0477,45.6196,2027-03-15T13:00:00+00:00,10.58,23.75
Tbilisi,42.3336,44.9189,2027-03-15T14:00:00+00:00,26.85,27.78
Tbilisi,41.1663,42.6335,2027-03-15T15:00:00+00:00,-2.05,24.93
Telavi,41.3851,42.2896,2027-03-15T16:00:00+00:00,5.1,73.99
Tbilisi,41.2786,41.4386,2027-03-15T17:00:00+00:00,4.24,23.28
Batumi,42.3103,41.9661,2027-03-15T18:00:00+00:00,29.15,66.62
Telavi,42.6644,44.1225,2027-03-15T19:00:00+00:00,25.57,68.06
Telavi,41.9561,41.9832,2027-03-15T20:00:00+00:00,32.29,25.15
Kutaisi,42.3306,43.6461,2027-03-15T21:00:00+00:00,14.75,82.23
Telavi,42.8974,42.2251,2027-03-15T22:00:00+00:00,34.67,79.93
Kutaisi,42.9389,44.6232,2027-03-15T23:00:00+00:00,-2.19,29.7
Tbilisi,42.5442,43.6515,2027-03-16T00:00:00+00:00,0.45,29.78
Telavi,41.4266,41.4081,2027-03-16T01:00:00+00:00,24.09,47.83
Kutaisi,41.2431,42.922,2027-03-16T02:00:00+00:00,20.52,63.92
Batumi,42.6569,41.7777,2027-03-16T03:00:00+00:00,11.54,73.52
Telavi,42.2151,43.1178,2027-03-16T04:00:00+00:00,2.57,83.91
Tbilisi,41.8277,43.3122,2027-03-16T05:00:00+00:00,5.96,78.56
Batumi,41.4507,43.887,2027-03-16T06:00:00+00:00,-2.29,60.01
Batumi,42.3172,45.8876,2027-03-16T07:00:00+00:00,0.6,82.98
Batumi,42.771,44.1753,2027-03-16T08:00:00+00:00,11.09,51.79
Tbilisi,41.3496,45.4403,2027-03-16T09:00:00+00:00,4.62,60.82
Kutaisi,42.6913,41.8271,2027-03-16T10:00:00+00:00,2.46,32.95
Telavi,42.5232,42.2907,2027-03-16T11:00:00+00:00,22.35,39.49
Batumi,42.6029,44.735,2027-03-16T12:00:00+00:00,12.17,69.24
Telavi,42.0146,45.3605,2027-03-16T13:00:00+00:00,30.35,25.21
Batumi,41.4416,43.1304,2027-03-16T14:00:00+00:00,-4.03,69.53
Tbilisi,41.6409,43.4984,2027-03-16T15:00:00+00:00,-1.59,43.38
Kutaisi,42.1877,44.2996,2027-03-16T16:00:00+00:00,22.77,73.96
Telavi,42.3972,41.8345,2027-03-16T17:00:00+00:00,14.26,53.52
Tbilisi,41.3435,42.7817,2027-03-16T18:00:00+00:00,-1.08,30.64
Kutaisi,42.9091,45.7686,2027-03-16T19:00:00+00:00,13.72,28.14
Batumi,42.7726,45.8331,2027-03-16T20:00:00+00:00,10.81,21.57
Batumi,41.3805,43.5436,2027-03-16T21:00:00+00:00,-2.1,75.74
Batumi,42.245,42.7235,2027-03-16T22:00:00+00:00,19.77,59.74
Telavi,41.9368,42.1369,2027-03-16T23:00:00+00:00,13.21,84.19
Batumi,42.2033,42.795,2027-03-17T00:00:00+00:00,14.55,60.52
Kutaisi,41.1349,45.8084,2027-03-17T01:00:00+00:00,27.64,37.84
Telavi,41.5389,41.4267,2027-03-17T02:00:00+00:00,-2.42,67.28
Telavi,42.9264,43.2802,2027-03-17T03:00:00+00:00,3.74,56.94
Batumi,42.9226,42.9647,2027-03-17T04:00:00+00:00,21.12,80.4
Tbilisi,41.2068,42.8238,2027-03-17T05:00:00+00:00,17.22,71.12
Batumi,41.4106,41.1531,2027-03-17T06:00:00+00:00,-4.42,23.01
Telavi,42.9125,41.1604,2027-03-17T07:00:00+00:00,32.91,68.96
Batumi,42.2566,45.9711,2027-03-17T08:00:00+00:00,17.34,55.79
Batumi,42.9231,45.1928,2027-03-17T09:00:00+00:00,1.85,27.74
Telavi,42.3659,43.6085,2027-03-17T10:00:00+00:00,3.11,32.02
Telavi,41.4591,43.1338,2027-03-17T11:00:00+00:00,9.13,84.38
Kutaisi,41.2987,41.0133,2027-03-17T12:00:00+00:00,0.35,24.48
Telavi,42.6899,43.7521,2027-03-17T13:00:00+00:00,0.51,52.9
Tbilisi,41.8737,44.5823,2027-03-17T14:00:00+00:00,14.6,68.87
Batumi,42.2585,42.6312,2027-03-17T15:00:00+00:00,1.28,71.2
Kutaisi,41.707,41.4569,2027-03-17T16:00:00+00:00,23.37,21.28
Kutaisi,42.77,41.1618,2027-03-17T17:00:00+00:00,-0.41,41.25
Kutaisi,42.42,41.6441,2027-03-17T18:00:00+00:00,30.08,34.56
Tbilisi,41.0257,43.0917,2027-03-17T19:00:00+00:00,34.84,29.42
Batumi,41.6445,41.7677,2027-03-17T20:00:00+00:00,21.17,36.16
Batumi,42.3393,44.414,2027-03-17T21:00:00+00:00,30.09,64.78
Batumi,42.9915,42.6545,2027-03-17T22:00:00+00:00,3.19,28.03
Telavi,42.535,41.7077,2027-03-17T23:00:00+00:00,33.27,22.11
Tbilisi,42.7424,44.5473,2027-03-18T00:00:00+00:00,3.84,49.54
Telavi,42.2244,45.1807,2027-03-18T01:00:00+00:00,13.85,67.32
Tbilisi,41.4975,45.2906,2027-03-18T02:00:00+00:00,5.17,39.49
Kutaisi,41.1286,41.0943,2027-03-18T03:00:00+00:00,-1.02,47.37
Telavi,41.0086,44.4289,2027-03-18T04:00:00+00:00,6.5,75.21
Kutaisi,42.1046,41.4993,2027-03-18T05:00:00+00:00,24.15,26.65
Telavi,41.5986,43.9005,2027-03-18T06:00:00+00:00,11.51,68.53
Tbilisi,42.1727,42.4786,2027-03-18T07:00:00+00:00,-0.24,20.42
Tbilisi,42.3084,45.8216,2027-03-18T08:00:00+00:00,11.32,60.12
Telavi,41.1974,44.5942,2027-03-18T09:00:00+00:00,2.81,43.09
Batumi,42.4167,42.8624,2027-03-18T10:00:00+00:00,22.93,68.74
Batumi,42.3213,45.8981,2027-03-18T11:00:00+00:00,32.42,42.71
Batumi,42.9682,44.2396,2027-03-18T12:00:00+00:00,20.44,36.45
Kutaisi,42.4803,45.7732,2027-03-18T13:00:00+00:00,29.03,41.42
Telavi,41.3487,42.6993,2027-03-18T14:00:00+00:00,29.81,33.89
Kutaisi,41.0934,41.5325,2027-03-18T15:00:00+00:00,-0.37,43.07
Batumi,42.6341,42.5967,2027-03-18T16:00:00+00:00,22.43,78.44
Telavi,41.8906,43.7165,2027-03-18T17:00:00+00:00,16.53,48.13
Batumi,41.1649,43.2257,2027-03-18T18:00:00+00:00,16.26,21.31
Batumi,41.0397,45.5424,2027-03-18T19:00:00+00:00,9.35,83.17
Tbilisi,42.4134,43.965,2027-03-18T20:00:00+00:00,-0.29,58.05
Tbilisi,42.5985,45.2477,2027-03-18T21:00:00+00:00,7.38,83.08
Batumi,42.2183,45.4644,2027-03-18T22:00:00+00:00,9.72,69.18
Kutaisi,42.3215,42.8223,2027-03-18T23:00:00+00:00,30.17,23.16
Kutaisi,42.1271,43.2148,2027-03-19T00:00:00+00:00,12.8,61.97
Tbilisi,41.2139,41.9418,2027-03-19T01:00:00+00:00,12.97,61.47
Batumi,41.0366,42.5273,2027-03-19T02:00:00+00:00,8.25,48.82
Batumi,41.8843,42.2506,2027-03-19T03:00:00+00:00,25.68,67.8
Tbilisi,42.9946,41.0028,2027-03-19T04:00:00+00:00,17.8,82.45
Kutaisi,42.936,43.8522,2027-03-19T05:00:00+00:00,31.46,22.73
Tbilisi,42.7564,44.2965,2027-03-19T06:00:00+00:00,33.57,32.71
Batumi,41.4028,44.5466,2027-03-19T07:00:00+00:00,18.8,46.32
Tbilisi,42.8308,41.9788,2027-03-19T08:00:00+00:00,13.34,67.65
Tbilisi,41.2598,43.5379,2027-03-19T09:00:00+00:00,18.11,56.14
Batumi,41.0141,45.9419,2027-03-19T10:00:00+00:00,14.83,47.33
Tbilisi,42.4809,44.7385,2027-03-19T11:00:00+00:00,24.22,60.06
Telavi,42.1546,45.3015,2027-03-19T12:00:00+00:00,18.78,52.66
Kutaisi,42.3919,45.6752,2027-03-19T13:00:00+00:00,31.49,79.94
Batumi,41.4225,44.3838,2027-03-19T14:00:00+00:00,24.93,81.73
Kutaisi,42.765,41.7277,2027-03-19T15:00:00+00:00,9.62,64.99
Telavi,42.0251,41.5246,2027-03-19T16:00:00+00:00,25.92,38.07
Batumi,42.9383,43.3371,2027-03-19T17:00:00+00:00,22.87,23.58
Tbilisi,42.2901,43.3513,2027-03-19T18:00:00+00:00,14.86,39.92
Kutaisi,42.5637,42.5632,2027-03-19T19:00:00+00:00,22.36,64.98
Kutaisi,42.7391,42.5485,2027-03-19T20:00:00+00:00,-0.59,87.41
Telavi,41.806,45.5281,2027-03-19T21:00:00+00:00,1.81,49.82
Telavi,42.2805,45.6313,2027-03-19T22:00:00+00:00,6.39,36.26
Telavi,42.6607,45.9676,2027-03-19T23:00:00+00:00,-0.63,47.37
Kutaisi,41.499,43.8987,2027-03-20T00:00:00+00:00,31.78,34.65
Kutaisi,42.9096,44.1842,2027-03-20T01:00:00+00:00,29.49,71.85
Telavi,42.6247,44.5202,2027-03-20T02:00:00+00:00,17.89,50.04
Kutaisi,41.9009,44.7816,2027-03-20T03:00:00+00:00,31.88,54.78
Telavi,42.332,44.9868,2027-03-20T04:00:00+00:00,-2.12,53.39
Kutaisi,42.992,42.0904,2027-03-20T05:00:00+00:00,7.26,22.73
Batumi,41.1136,43.2143,2027-03-20T06:00:00+00:00,21.8,76.45
Telavi,41.9314,42.9396,2027-03-20T07:00:00+00:00,30.21,68.03
Batumi,41.6326,41.1277,2027-03-20T08:00:00+00:00,20.06,54.44
Batumi,41.7758,41.7836,2027-03-20T09:00:00+00:00,2.63,70.08
Kutaisi,41.565,42.1815,2027-03-20T10:00:00+00:00,2.56,60.71
Kutaisi,41.2598,43.7716,2027-03-20T11:00:00+00:00,22.28,23.03
Batumi,41.4484,44.8249,2027-03-20T12:00:00+00:00,33.48,85.08
Telavi,41.6301,41.7931,2027-03-20T13:00:00+00:00,4.52,68.6
Kutaisi,42.6177,42.4237,2027-03-20T14:00:00+00:00,13.02,38.37
Tbilisi,41.3767,45.8429,2027-03-20T15:00:00+00:00,4.83,53.74
Tbilisi,41.584,44.9611,2027-03-20T16:00:00+00:00,8.19,22.34
Batumi,42.4207,42.5698,2027-03-20T17:00:00+00:00,8.79,51.6
Tbilisi,42.8265,41.744,2027-03-20T18:00:00+00:00,-3.36,27.95
Kutaisi,41.1473,43.0905,2027-03-20T19:00:00+00:00,7.37,85.59
Kutaisi,42.1272,44.9966,2027-03-20T20:00:00+00:00,26.97,27.78
Batumi,41.2155,43.8186,2027-03-20T21:00:00+00:00,32.09,61.79
Batumi,41.9552,44.6621,2027-03-20T22:00:00+00:00,26.43,78.99
Kutaisi,41.0593,44.6747,2027-03-20T23:00:00+00:00,-0.87,30.77
Batumi,42.8127,43.7051,2027-03-21T00:00:00+00:00,4.47,69.71
Tbilisi,41.7294,42.4802,2027-03-21T01:00:00+00:00,11.77,68.65
Batumi,42.3424,45.684,2027-03-21T02:00:00+00:00,9.84,42.67
Kutaisi,42.1613,41.2553,2027-03-21T03:00:00+00:00,33.78,34.86
Kutaisi,41.8574,43.4986,2027-03-21T04:00:00+00:00,14.49,57.73
Kutaisi,42.8459,42.0819,2027-03-21T05:00:00+00:00,20.85,54.17
Batumi,42.1531,44.003,2027-03-21T06:00:00+00:00,5.51,77.64
Tbilisi,41.0585,41.8897,2027-03-21T07:00:00+00:00,24.67,37.09
Telavi,42.4417,45.9153,2027-03-21T08:00:00+00:00,28.41,86.36
Telavi,42.7796,43.814,2027-03-21T09:00:00+00:00,2.35,68.0
Batumi,41.1241,43.2206,2027-03-21T10:00:00+00:00,32.96,67.36
Telavi,41.2084,44.8663,2027-03-21T11:00:00+00:00,-3.51,65.03
Telavi,41.0475,44.6065,2027-03-21T12:00:00+00:00,33.25,67.48
Batumi,41.0773,42.036,2027-03-21T13:00:00+00:00,28.93,37.7
Tbilisi,41.9142,43.9957,2027-03-21T14:00:00+00:00,30.76,83.87
Telavi,41.3646,41.3694,2027-03-21T15:00:00+00:00,20.96,68.01
Batumi,42.1763,44.176,2027-03-21T16:00:00+00:00,28.56,71.84
Batumi,42.156,42.8896,2027-03-21T17:00:00+00:00,20.95,30.27
Tbilisi,42.7002,42.1217,2027-03-21T18:00:00+00:00,14.22,31.17
Telavi,41.0842,41.2783,2027-03-21T19:00:00+00:00,17.37,81.91
Batumi,42.3047,43.2224,2027-03-21T20:00:00+00:00,6.19,51.78
Tbilisi,41.6311,44.1022,2027-03-21T21:00:00+00:00,7.97,71.47
Telavi,42.5786,45.4533,2027-03-21T22:00:00+00:00,32.34,24.35
Batumi,41.3015,44.4648,2027-03-21T23:00:00+00:00,15.74,68.56
Tbilisi,42.92,45.9043,2027-03-22T00:00:00+00:00,1.7,88.32
Tbilisi,42.8031,42.2934,2027-03-22T01:00:00+00:00,23.15,45.6
Kutaisi,41.2747,45.4052,2027-03-22T02:00:00+00:00,14.64,20.92
Telavi,42.6369,45.1096,2027-03-22T03:00:00+00:00,20.87,82.03
Kutaisi,41.8799,44.4739,2027-03-22T04:00:00+00:00,5.28,77.16
Kutaisi,41.3538,43.3052,2027-03-22T05:00:00+00:00,13.12,52.6
Kutaisi,41.9385,43.7373,2027-03-22T06:00:00+00:00,16.45,20.99
Tbilisi,42.6209,44.4954,2027-03-22T07:00:00+00:00,5.9,42.27
Telavi,41.9163,45.3376,2027-03-22T08:00:00+00:00,34.76,26.05
Telavi,42.907,41.7658,2027-03-22T09:00:00+00:00,7.25,47.92
Tbilisi,42.5911,41.6817,2027-03-22T10:00:00+00:00,26.87,30.26
Telavi,42.374,41.356,2027-03-22T11:00:00+00:00,20.76,46.44
Tbilisi,41.8751,41.0065,2027-03-22T12:00:00+00:00,2.84,54.49
Telavi,41.0666,42.936,2027-03-22T13:00:00+00:00,23.69,57.99
Tbilisi,42.5898,41.3714,2027-03-22T14:00:00+00:00,28.57,64.89
Telavi,41.6112,43.3598,2027-03-22T15:00:00+00:00,29.8,78.67
Tbilisi,41.2887,43.9132,2027-03-22T16:00:00+00:00,2.64,28.62
Batumi,42.5219,45.9835,2027-03-22T17:00:00+00:00,0.34,67.93
Batumi,42.966,44.3613,2027-03-22T18:00:00+00:00,5.8,78.69
Tbilisi,41.1695,44.0197,2027-03-22T19:00:00+00:00,34.08,58.95
Kutaisi,42.1123,43.6115,2027-03-22T20:00:00+00:00,-4.89,69.17
Telavi,41.0023,43.5722,2027-03-22T21:00:00+00:00,23.96,48.03
Tbilisi,41.734,41.197,2027-03-22T22:00:00+00:00,13.69,27.24
Tbilisi,41.9426,42.4262,2027-03-22T23:00:00+00:00,6.4,35.75
Kutaisi,42.464,43.9855,2027-03-23T00:00:00+00:00,13.12,30.62
Kutaisi,41.8246,44.3485,2027-03-23T01:00:00+00:00,8.1,24.72
Tbilisi,42.8527,43.8532,2027-03-23T02:00:00+00:00,-4.98,67.34
Tbilisi,42.6305,43.4818,2027-03-23T03:00:00+00:00,24.48,21.97
Batumi,41.0236,41.2403,2027-03-23T04:00:00+00:00,8.92,40.23
Telavi,41.3269,44.813,2027-03-23T05:00:00+00:00,20.07,69.23
Batumi,41.0655,41.0598,2027-03-23T06:00:00+00:00,21.98,63.41
Telavi,41.7289,44.1219,2027-03-23T07:00:00+00:00,19.12,38.83
Telavi,42.3489,44.2698,2027-03-23T08:00:00+00:00,29.4,43.36
Batumi,42.7363,43.1113,2027-03-23T09:00:00+00:00,18.8,72.39
Telavi,42.4963,42.272,2027-03-23T10:00:00+00:00,25.4,44.26
Telavi,42.3262,44.4023,2027-03-23T11:00:00+00:00,25.54,38.05
Batumi,41.1123,41.4169,2027-03-23T12:00:00+00:00,6.37,44.45
Batumi,41.8816,41.1967,2027-03-23T13:00:00+00:00,26.73,67.6
Kutaisi,41.1858,45.4904,2027-03-23T14:00:00+00:00,2.51,52.1
Batumi,42.7368,44.9471,2027-03-23T15:00:00+00:00,26.85,47.68
Telavi,41.7586,41.5761,2027-03-23T16:00:00+00:00,22.04,46.37
Tbilisi,42.675,42.6012,2027-03-23T17:00:00+00:00,14.86,26.19
Telavi,41.6024,44.2865,2027-03-23T18:00:00+00:00,27.0,56.47
Telavi,42.0324,41.3942,2027-03-23T19:00:00+00:00,5.91,62.86
Tbilisi,41.4229,45.0974,2027-03-23T20:00:00+00:00,8.5,48.05
Kutaisi,42.4689,44.3692,2027-03-23T21:00:00+00:00,12.77,38.59
Tbilisi,42.1299,43.8878,2027-03-23T22:00:00+00:00,12.47,32.79
Kutaisi,42.5297,42.5867,2027-03-23T23:00:00+00:00,33.96,71.56
Tbilisi,41.1943,41.5828,2027-03-24T00:00:00+00:00,22.66,23.97
Kutaisi,42.6014,45.308,2027-03-24T01:00:00+00:00,33.49,37.52
Telavi,42.7941,44.0484,2027-03-24T02:00:00+00:00,21.73,70.88
Batumi,42.637,41.3819,2027-03-24T03:00:00+00:00,9.28,60.38
Tbilisi,42.0002,42.0482,2027-03-24T04:00:00+00:00,27.75,51.78
Batumi,42.3017,44.4659,2027-03-24T05:00:00+00:00,29.06,20.58
Tbilisi,42.7695,41.739,2027-03-24T06:00:00+00:00,29.34,38.53
Kutaisi,42.2324,45.7414,2027-03-24T07:00:00+00:00,21.51,29.4
Kutaisi,42.7031,42.4825,2027-03-24T08:00:00+00:00,28.05,77.58
Telavi,42.8428,43.7403,2027-03-24T09:00:00+00:00,-0.92,62.68
Tbilisi,42.7077,45.0218,2027-03-24T10:00:00+00:00,13.82,67.82
Kutaisi,41.8937,42.933,2027-03-24T11:00:00+00:00,6.79,60.87
Telavi,42.9168,43.4089,2027-03-24T12:00:00+00:00,16.91,37.64
Telavi,42.9733,45.3979,2027-03-24T13:00:00+00:00,-1.78,50.08
Telavi,41.3663,42.6797,2027-03-24T14:00:00+00:00,-3.1,39.0
Batumi,42.243,45.4853,2027-03-24T15:00:00+00:00,11.95,80.5
Telavi,42.2393,43.5172,2027-03-24T16:00:00+00:00,20.96,51.85
Telavi,42.8814,42.6532,2027-03-24T17:00:00+00:00,6.15,55.89
Telavi,42.517,45.8324,2027-03-24T18:00:00+00:00,4.42,20.3
Batumi,42.4441,43.9062,2027-03-24T19:00:00+00:00,22.68,34.91
Tbilisi,42.3825,45.8128,2027-03-24T20:00:00+00:00,12.4,68.68
Kutaisi,42.327,41.32,2027-03-24T21:00:00+00:00,22.93,34.62
Telavi,42.7916,43.5797,2027-03-24T22:00:00+00:00,-3.91,30.72
Kutaisi,42.683,43.6399,2027-03-24T23:00:00+00:00,26.51,53.5
Batumi,41.8439,44.9416,2027-03-25T00:00:00+00:00,8.98,28.32
Tbilisi,42.9624,43.0479,2027-03-25T01:00:00+00:00,27.13,29.53
Batumi,42.4025,42.2,2027-03-25T02:00:00+00:00,30.85,87.63
Telavi,41.0564,43.0944,2027-03-25T03:00:00+00:00,19.53,56.29
Kutaisi,42.9356,41.5107,2027-03-25T04:00:00+00:00,-3.6,69.46
Telavi,42.2713,42.4975,2027-03-25T05:00:00+00:00,4.92,34.92
Telavi,42.9204,41.8813,2027-03-25T06:00:00+00:00,30.4,65.54
Telavi,41.1348,43.0693,2027-03-25T07:00:00+00:00,20.95,39.9
Telavi,42.7444,42.7607,2027-03-25T08:00:00+00:00,2.52,24.38
Tbilisi,41.2601,41.3825,2027-03-25T09:00:00+00:00,16.74,21.0
Batumi,42.1152,43.4414,2027-03-25T10:00:00+00:00,25.33,23.32
Telavi,41.8324,42.5947,2027-03-25T11:00:00+00:00,30.28,44.27
Kutaisi,42.0272,42.8835,2027-03-25T12:00:00+00:00,9.15,42.83
Kutaisi,41.1598,45.6505,2027-03-25T13:00:00+00:00,1.61,79.82
Batumi,41.6772,41.3801,2027-03-25T14:00:00+00:00,1.85,66.39
Telavi,41.8656,41.2075,2027-03-25T15:00:00+00:00,32.01,78.39
Kutaisi,41.7802,45.6117,2027-03-25T16:00:00+00:00,19.23,73.28
Batumi,42.0737,45.4528,2027-03-25T17:00:00+00:00,34.74,78.85
Kutaisi,41.898,41.18,2027-03-25T18:00:00+00:00,1.16,36.98
Batumi,42.6795,41.8378,2027-03-25T19:00:00+00:00,19.68,58.88
Telavi,41.1823,44.6679,2027-03-25T20:00:00+00:00,29.59,34.67
Batumi,42.8359,42.0399,2027-03-25T21:00:00+00:00,12.3,46.71
Telavi,42.9603,41.6339,2027-03-25T22:00:00+00:00,12.7,81.09
Telavi,42.0903,41.6809,2027-03-25T23:00:00+00:00,32.79,69.17
Kutaisi,41.3723,41.7201,2027-03-26T00:00:00+00:00,13.51,46.51
Tbilisi,42.4448,41.7477,2027-03-26T01:00:00+00:00,15.23,83.89
Telavi,42.1221,45.1558,2027-03-26T02:00:00+00:00,12.51,25.6
Tbilisi,41.8134,44.3292,2027-03-26T03:00:00+00:00,4.1,35.53
Kutaisi,42.6265,44.772,2027-03-26T04:00:00+00:00,34.15,64.56
Kutaisi,41.9607,42.7106,2027-03-26T05:00:00+00:00,12.01,33.5
Batumi,42.7176,45.2568,2027-03-26T06:00:00+00:00,13.12,65.1
Tbilisi,41.1119,42.653,2027-03-26T07:00:00+00:00,8.59,44.95
Telavi,41.4366,45.7076,2027-03-26T08:00:00+00:00,26.04,35.44
Batumi,41.3404,42.722,2027-03-26T09:00:00+00:00,31.98,51.37
Tbilisi,41.6243,41.8161,2027-03-26T10:00:00+00:00,5.18,73.43
Batumi,41.6621,42.6888,2027-03-26T11:00:00+00:00,31.33,56.48
Batumi,42.9622,44.9788,2027-03-26T12:00:00+00:00,30.69,88.81
Tbilisi,41.5863,41.52,2027-03-26T13:00:00+00:00,14.07,59.05
Tbilisi,41.7194,43.9189,2027-03-26T14:00:00+00:00,20.51,80.5
Telavi,42.7389,43.3012,2027-03-26T15:00:00+00:00,16.11,78.9
Kutaisi,41.7602,41.0508,2027-03-26T16:00:00+00:00,33.56,39.5
Kutaisi,42.4923,43.1562,2027-03-26T17:00:00+00:00,24.84,34.51
Batumi,42.2472,41.3528,2027-03-26T18:00:00+00:00,22.59,39.84
Kutaisi,41.7045,43.3262,2027-03-26T19:00:00+00:00,22.58,22.03
Telavi,42.7823,42.1958,2027-03-26T20:00:00+00:00,19.6,85.8
Kutaisi,42.9178,43.1087,2027-03-26T21:00:00+00:00,-3.73,48.88
Kutaisi,41.4127,41.4257,2027-03-26T22:00:00+00:00,32.76,23.3
Batumi,42.1518,41.1447,2027-03-26T23:00:00+00:00,-0.31,70.49
Telavi,41.1822,44.796,2027-03-27T00:00:00+00:00,0.75,35.67
Kutaisi,41.8486,44.1228,2027-03-27T01:00:00+00:00,7.82,82.13
Tbilisi,41.0764,44.3683,2027-03-27T02:00:00+00:00,32.87,45.62
Batumi,41.4134,42.401,2027-03-27T03:00:00+00:00,27.32,42.83
Telavi,41.0424,44.1794,2027-03-27T04:00:00+00:00,12.99,31.6
Telavi,41.1418,42.5939,2027-03-27T05:00:00+00:00,10.24,62.57
Kutaisi,41.9254,45.5826,2027-03-27T06:00:00+00:00,21.71,40.71
Telavi,41.6813,42.7163,2027-03-27T07:00:00+00:00,17.8,88.34
Tbilisi,42.7821,42.6211,2027-03-27T08:00:00+00:00,20.94,68.18
Telavi,41.268,44.5504,2027-03-27T09:00:00+00:00,-1.68,28.03
Kutaisi,42.7507,45.7853,2027-03-27T10:00:00+00:00,6.45,25.2
Batumi,42.2485,45.7103,2027-03-27T11:00:00+00:00,22.59,29.17
Kutaisi,41.2868,45.6651,2027-03-27T12:00:00+00:00,32.7,82.6
Batumi,42.5497,41.3715,2027-03-27T13:00:00+00:00,21.0,26.74
Tbilisi,42.2205,44.5488,2027-03-27T14:00:00+00:00,-1.3,78.26
Kutaisi,41.9829,44.5527,2027-03-27T15:00:00+00:00,7.79,24.2
Batumi,41.0807,45.0342,2027-03-27T16:00:00+00:00,0.42,64.15
Kutaisi,41.9265,41.1286,2027-03-27T17:00:00+00:00,24.23,58.28
Kutaisi,42.9021,41.9428,2027-03-27T18:00:00+00:00,24.15,67.82
Batumi,41.3446,45.686,2027-03-27T19:00:00+00:00,26.43,71.65
Kutaisi,42.7561,42.4287,2027-03-27T20:00:00+00:00,24.47,32.1
Batumi,42.9973,43.1825,2027-03-27T21:00:00+00:00,6.58,78.48
Tbilisi,42.1517,41.4513,2027-03-27T22:00:00+00:00,26.89,26.2
Tbilisi,41.7234,45.1523,2027-03-27T23:00:00+00:00,1.59,53.47
Kutaisi,42.166,41.3057,2027-03-28T00:00:00+00:00,-3.92,84.76
Telavi,42.2156,42.2644,2027-03-28T01:00:00+00:00,0.45,83.76
Batumi,42.8085,42.6246,2027-03-28T02:00:00+00:00,11.27,26.04
Tbilisi,42.9096,44.9086,2027-03-28T03:00:00+00:00,3.16,41.18
Batumi,41.524,43.5117,2027-03-28T04:00:00+00:00,9.68,24.81
Batumi,42.2017,44.4281,2027-03-28T05:00:00+00:00,12.3,32.31
Telavi,41.855,43.0801,2027-03-28T06:00:00+00:00,2.43,36.75
Batumi,41.2319,41.5825,2027-03-28T07:00:00+00:00,-3.96,31.58
Tbilisi,42.7657,44.5387,2027-03-28T08:00:00+00:00,15.1,89.58
Tbilisi,41.1845,43.9603,2027-03-28T09:00:00+00:00,7.21,22.41
Tbilisi,42.1121,44.2236,2027-03-28T10:00:00+00:00,23.46,60.49
Telavi,41.604,42.8023,2027-03-28T11:00:00+00:00,2.53,77.72
Tbilisi,42.3522,45.3443,2027-03-28T12:00:00+00:00,-3.56,30.79
Batumi,41.3844,42.9628,2027-03-28T13:00:00+00:00,17.46,77.16
Batumi,41.1882,45.7955,2027-03-28T14:00:00+00:00,4.34,50.17
Telavi,41.9781,45.9585,2027-03-28T15:00:00+00:00,33.95,69.81
Tbilisi,42.8226,41.4254,2027-03-28T16:00:00+00:00,29.33,35.24
Tbilisi,42.2368,45.4393,2027-03-28T17:00:00+00:00,26.73,53.54
Tbilisi,41.6421,45.334,2027-03-28T18:00:00+00:00,-0.52,70.55
Batumi,41.0459,45.4368,2027-03-28T19:00:00+00:00,4.96,86.69
Kutaisi,42.1849,43.1493,2027-03-28T20:00:00+00:00,33.33,25.36
Telavi,42.5399,42.7247,2027-03-28T21:00:00+00:00,28.06,54.72
Kutaisi,42.5023,41.7675,2027-03-28T22:00:00+00:00,23.3,65.71
Batumi,41.4522,45.1275,2027-03-28T23:00:00+00:00,25.24,34.63
Telavi,41.0522,41.9792,2027-03-29T00:00:00+00:00,14.9,64.97
Tbilisi,41.1856,45.8621,2027-03-29T01:00:00+00:00,21.87,88.36
Tbilisi,41.6309,45.4441,2027-03-29T02:00:00+00:00,25.2,88.36
Tbilisi,42.9082,44.7985,2027-03-29T03:00:00+00:00,17.93,46.54
Batumi,41.1209,42.9947,2027-03-29T04:00:00+00:00,13.47,20.96
Kutaisi,41.8052,43.986,2027-03-29T05:00:00+00:00,28.49,47.78
Batumi,42.7226,41.6846,2027-03-29T06:00:00+00:00,25.63,35.27
Telavi,41.1185,43.4658,2027-03-29T07:00:00+00:00,24.69,42.28
Tbilisi,42.5627,43.9,2027-03-29T08:00:00+00:00,29.67,24.6
Tbilisi,42.1189,41.9895,2027-03-29T09:00:00+00:00,2.3,40.88
Tbilisi,42.5982,43.0311,2027-03-29T10:00:00+00:00,30.58,74.48
Kutaisi,41.5706,44.4792,2027-03-29T11:00:00+00:00,22.74,58.64
Batumi,41.4868,42.6753,2027-03-29T12:00:00+00:00,24.29,78.85
Telavi,41.373,43.623,2027-03-29T13:00:00+00:00,30.57,83.93
Batumi,42.3718,43.752,2027-03-29T14:00:00+00:00,8.51,39.2
Kutaisi,42.9979,41.5628,2027-03-29T15:00:00+00:00,19.81,28.0
Telavi,42.5634,45.8193,2027-03-29T16:00:00+00:00,31.77,56.36
Batumi,42.5566,42.176,2027-03-29T17:00:00+00:00,14.82,59.26
Batumi,42.0956,43.4452,2027-03-29T18:00:00+00:00,10.86,59.38
Batumi,41.2907,42.2026,2027-03-29T19:00:00+00:00,-4.32,38.07
Batumi,41.8224,43.1949,2027-03-29T20:00:00+00:00,15.76,48.93
Kutaisi,42.0345,44.6903,2027-03-29T21:00:00+00:00,32.75,38.6
Telavi,41.4618,44.8336,2027-03-29T22:00:00+00:00,0.21,48.02
Tbilisi,41.9147,42.726,2027-03-29T23:00:00+00:00,1.75,50.96
Telavi,41.0746,42.3007,2027-03-30T00:00:00+00:00,15.54,20.34
Tbilisi,41.2218,44.8813,2027-03-30T01:00:00+00:00,5.12,25.56
Telavi,41.3565,41.5637,2027-03-30T02:00:00+00:00,7.46,34.99
Telavi,42.7833,41.3635,2027-03-30T03:00:00+00:00,16.56,28.28
Kutaisi,41.7734,41.1552,2027-03-30T04:00:00+00:00,2.93,46.25
Tbilisi,42.0328,41.8319,2027-03-30T05:00:00+00:00,24.94,21.55
Kutaisi,41.6834,44.5464,2027-03-30T06:00:00+00:00,5.78,87.99
Kutaisi,41.3509,42.9912,2027-03-30T07:00:00+00:00,33.79,46.58
Kutaisi,42.8498,45.7154,2027-03-30T08:00:00+00:00,33.84,89.42
Telavi,41.9042,45.9432,2027-03-30T09:00:00+00:00,27.28,33.89
Kutaisi,42.2638,42.5738,2027-03-30T10:00:00+00:00,34.68,79.33
Kutaisi,42.3491,44.9396,2027-03-30T11:00:00+00:00,-3.85,36.16
Tbilisi,42.7025,41.4636,2027-03-30T12:00:00+00:00,33.21,65.05
Batumi,41.3044,44.8772,2027-03-30T13:00:00+00:00,33.26,87.81
Telavi,42.5997,43.3579,2027-03-30T14:00:00+00:00,5.68,28.8
Tbilisi,42.3033,44.6339,2027-03-30T15:00:00+00:00,25.64,72.06
Batumi,41.7812,43.6519,2027-03-30T16:00:00+00:00,16.4,66.07
Tbilisi,42.8846,42.6242,2027-03-30T17:00:00+00:00,22.17,51.57
Batumi,41.5173,44.9045,2027-03-30T18:00:00+00:00,19.18,25.95
Kutaisi,41.0663,41.5675,2027-03-30T19:00:00+00:00,2.56,76.25
Kutaisi,42.7123,44.7681,2027-03-30T20:00:00+00:00,32.89,36.84
Kutaisi,42.1239,41.9441,2027-03-30T21:00:00+00:00,24.82,53.17
Telavi,41.0679,44.4551,2027-03-30T22:00:00+00:00,1.91,54.09
Kutaisi,42.4251,43.882,2027-03-30T23:00:00+00:00,30.05,28.69
Batumi,42.1878,42.777,2027-03-31T00:00:00+00:00,6.4,72.42
Telavi,42.1522,42.4684,2027-03-31T01:00:00+00:00,28.41,88.67
Telavi,42.6851,44.4908,2027-03-31T02:00:00+00:00,9.15,50.46
Telavi,41.6856,43.5024,2027-03-31T03:00:00+00:00,33.69,27.86
Tbilisi,42.2967,43.2341,2027-03-31T04:00:00+00:00,5.84,52.27
Kutaisi,42.3942,42.5946,2027-03-31T05:00:00+00:00,2.36,41.91
Tbilisi,42.6322,44.558,2027-03-31T06:00:00+00:00,17.03,77.63
Telavi,41.557,44.6614,2027-03-31T07:00:00+00:00,19.24,70.29
Tbilisi,41.106,43.2248,2027-03-31T08:00:00+00:00,13.6,87.62
Tbilisi,41.2509,44.5605,2027-03-31T09:00:00+00:00,6.35,65.93
Telavi,41.8101,41.3745,2027-03-31T10:00:00+00:00,24.54,22.87
Kutaisi,42.7479,44.8909,2027-03-31T11:00:00+00:00,32.6,41.12
Kutaisi,41.1797,45.605,2027-03-31T12:00:00+00:00,6.54,63.79
Batumi,41.6268,42.753,2027-03-31T13:00:00+00:00,0.99,89.75
Batumi,42.2798,43.417,2027-03-31T14:00:00+00:00,21.98,76.68
Kutaisi,42.7189,44.2922,2027-03-31T15:00:00+00:00,17.95,58.84
Batumi,41.0966,41.6926,2027-03-31T16:00:00+00:00,30.41,46.48
Telavi,42.9012,43.3618,2027-03-31T17:00:00+00:00,28.12,43.92
Batumi,42.7671,44.6447,2027-03-31T18:00:00+00:00,-2.41,56.73
Telavi,42.9196,44.3757,2027-03-31T19:00:00+00:00,15.87,61.62
Tbilisi,42.8647,45.68,2027-03-31T20:00:00+00:00,14.51,60.38
Tbilisi,42.9777,41.5963,2027-03-31T21:00:00+00:00,7.03,48.09
Kutaisi,41.7636,44.2482,2027-03-31T22:00:00+00:00,33.71,89.96
Batumi,41.1207,43.8828,2027-03-31T23:00:00+00:00,9.53,41.24
Kutaisi,42.7463,43.4474,2027-04-01T00:00:00+00:00,33.38,76.93
Kutaisi,42.9401,41.9236,2027-04-01T01:00:00+00:00,14.88,70.51
Telavi,42.941,43.7978,2027-04-01T02:00:00+00:00,28.55,70.96
Telavi,41.0095,43.3438,2027-04-01T03:00:00+00:00,17.42,28.47
Batumi,41.6813,41.8629,2027-04-01T04:00:00+00:00,32.26,30.98
Tbilisi,42.1012,41.8171,2027-04-01T05:00:00+00:00,1.64,53.81
Tbilisi,42.229,44.3292,2027-04-01T06:00:00+00:00,11.48,21.37
Telavi,41.7212,44.5946,2027-04-01T07:00:00+00:00,3.13,89.49
Kutaisi,41.9187,43.0493,2027-04-01T08:00:00+00:00,11.1,77.77
Batumi,42.9502,44.8427,2027-04-01T09:00:00+00:00,-4.95,20.97
Telavi,41.0193,44.7851,2027-04-01T10:00:00+00:00,18.75,88.87
Telavi,41.0933,42.2298,2027-04-01T11:00:00+00:00,15.81,24.25
Telavi,42.8381,44.5252,2027-04-01T12:00:00+00:00,12.39,76.53
Batumi,41.3284,43.4936,2027-04-01T13:00:00+00:00,28.63,72.67
Tbilisi,42.1413,45.4465,2027-04-01T14:00:00+00:00,15.59,39.11
Kutaisi,42.1877,44.3619,2027-04-01T15:00:00+00:00,22.66,54.42
Kutaisi,42.0816,45.3262,2027-04-01T16:00:00+00:00,32.35,32.32
Telavi,41.6952,45.2621,2027-04-01T17:00:00+00:00,26.94,67.12
Kutaisi,42.6241,42.9748,2027-04-01T18:00:00+00:00,12.67,49.89
Telavi,41.7209,42.3809,2027-04-01T19:00:00+00:00,25.94,55.69
Tbilisi,41.8935,43.9299,2027-04-01T20:00:00+00:00,14.94,60.42
Tbilisi,42.7182,45.0323,2027-04-01T21:00:00+00:00,2.75,43.37
Batumi,42.5096,41.3051,2027-04-01T22:00:00+00:00,12.5,32.57
Batumi,41.1167,41.625,2027-04-01T23:00:00+00:00,24.73,66.43
Kutaisi,41.6906,45.7652,2027-04-02T00:00:00+00:00,9.85,51.03
Batumi,41.0202,45.5526,2027-04-02T01:00:00+00:00,25.36,89.94
Telavi,42.507,45.1001,2027-04-02T02:00:00+00:00,26.02,22.75
Telavi,41.4542,41.4327,2027-04-02T03:00:00+00:00,15.6,30.26
Batumi,41.5435,42.9986,2027-04-02T04:00:00+00:00,14.15,28.55
Kutaisi,42.4162,42.0005,2027-04-02T05:00:00+00:00,25.4,60.23
Tbilisi,41.1237,44.9928,2027-04-02T06:00:00+00:00,28.62,81.58
Telavi,42.4467,44.8353,2027-04-02T07:00:00+00:00,19.02,34.62
Batumi,41.9851,42.1527,2027-04-02T08:00:00+00:00,34.72,29.07
Kutaisi,42.3943,41.7967,2027-04-02T09:00:00+00:00,32.86,56.37
Telavi,41.2796,44.9326,2027-04-02T10:00:00+00:00,29.19,35.34
Batumi,41.3725,44.7546,2027-04-02T11:00:00+00:00,3.32,22.47
Batumi,42.4349,45.1228,2027-04-02T12:00:00+00:00,24.33,70.01
Tbilisi,41.0138,44.4646,2027-04-02T13:00:00+00:00,7.49,65.85
Kutaisi,42.8712,41.1701,2027-04-02T14:00:00+00:00,24.72,20.78
Batumi,41.3822,45.4344,2027-04-02T15:00:00+00:00,2.87,28.67
Batumi,42.0668,42.8357,2027-04-02T16:00:00+00:00,20.38,87.78
Batumi,41.7201,43.4343,2027-04-02T17:00:00+00:00,16.9,84.53
Kutaisi,41.9295,43.1994,2027-04-02T18:00:00+00:00,18.7,76.07
Kutaisi,42.5055,44.4354,2027-04-02T19:00:00+00:00,-0.45,86.46
Telavi,42.0807,45.4682,2027-04-02T20:00:00+00:00,21.1,47.03
Kutaisi,42.6883,42.7827,2027-04-02T21:00:00+00:00,7.1,78.24
Batumi,41.1917,43.4473,2027-04-02T22:00:00+00:00,22.87,75.41
Telavi,42.2414,41.7867,2027-04-02T23:00:00+00:00,6.57,42.62
Batumi,42.2585,43.2515,2027-04-03T00:00:00+00:00,20.91,89.36
Telavi,42.0448,42.8133,2027-04-03T01:00:00+00:00,3.17,70.81
Batumi,42.0523,43.7805,2027-04-03T02:00:00+00:00,20.43,60.05
Batumi,42.2065,44.068,2027-04-03T03:00:00+00:00,19.29,83.96
Batumi,42.3554,41.4015,2027-04-03T04:00:00+00:00,9.89,36.66
Tbilisi,42.1877,42.8707,2027-04-03T05:00:00+00:00,18.27,67.19
Kutaisi,42.5957,44.8969,2027-04-03T06:00:00+00:00,22.24,70.92
Batumi,41.6632,42.9806,2027-04-03T07:00:00+00:00,12.38,83.81
Telavi,42.2758,44.8371,2027-04-03T08:00:00+00:00,11.13,52.04
Kutaisi,41.9884,43.3552,2027-04-03T09:00:00+00:00,29.83,78.02
Telavi,41.4932,43.7976,2027-04-03T10:00:00+00:00,9.33,63.09
Tbilisi,41.4622,42.6747,2027-04-03T11:00:00+00:00,7.42,79.96
Telavi,41.3378,41.5158,2027-04-03T12:00:00+00:00,9.1,73.16
Batumi,42.8151,43.2088,2027-04-03T13:00:00+00:00,3.24,67.37
Telavi,41.4557,44.0186,2027-04-03T14:00:00+00:00,19.6,84.19
Kutaisi,41.0144,43.7817,2027-04-03T15:00:00+00:00,8.91,75.15
Kutaisi,41.8295,43.1774,2027-04-03T16:00:00+00:00,21.5,45.76
Tbilisi,41.9399,43.5677,2027-04-03T17:00:00+00:00,3.69,23.75
Tbilisi,41.0314,41.7324,2027-04-03T18:00:00+00:00,27.27,52.74
Batumi,41.7603,42.8802,2027-04-03T19:00:00+00:00,22.32,88.11
Kutaisi,42.4717,44.2841,2027-04-03T20:00:00+00:00,13.45,70.39
Batumi,41.34,44.6486,2027-04-03T21:00:00+00:00,6.4,55.35
Kutaisi,42.1286,43.9919,2027-04-03T22:00:00+00:00,-2.39,66.73
Tbilisi,42.5939,43.9013,2027-04-03T23:00:00+00:00,-3.66,20.73
Telavi,41.7927,45.8509,2027-04-04T00:00:00+00:00,-4.08,50.97
Batumi,41.8267,42.521,2027-04-04T01:00:00+00:00,25.22,74.15
Batumi,42.3289,43.5705,2027-04-04T02:00:00+00:00,19.56,64.11
Kutaisi,41.1827,45.9586,2027-04-04T03:00:00+00:00,26.8,75.08
Tbilisi,42.1989,43.4782,2027-04-04T04:00:00+00:00,31.74,40.48
Kutaisi,42.277,43.7961,2027-04-04T05:00:00+00:00,-4.42,44.5
Telavi,42.6292,44.5789,2027-04-04T06:00:00+00:00,11.74,87.3
Kutaisi,41.5099,43.4688,2027-04-04T07:00:00+00:00,3.54,87.23
Batumi,42.0791,44.8406,2027-04-04T08:00:00+00:00,30.29,72.09
Kutaisi,41.2615,45.7169,2027-04-04T09:00:00+00:00,-3.8,43.22
Telavi,41.6895,45.9368,2027-04-04T10:00:00+00:00,17.13,50.98
Kutaisi,42.4803,43.2127,2027-04-04T11:00:00+00:00,18.74,84.57
Batumi,42.9533,42.3672,2027-04-04T12:00:00+00:00,27.61,44.83
Telavi,42.0162,44.0948,2027-04-04T13:00:00+00:00,15.13,47.65
Kutaisi,41.1155,42.1987,2027-04-04T14:00:00+00:00,15.46,59.95
Telavi,41.5608,45.0111,2027-04-04T15:00:00+00:00,33.09,31.58
Batumi,41.5963,45.3743,2027-04-04T16:00:00+00:00,9.33,56.99
Kutaisi,41.3536,41.5605,2027-04-04T17:00:00+00:00,27.81,68.02
Telavi,41.0644,42.1757,2027-04-04T18:00:00+00:00,13.07,20.36
Tbilisi,41.4192,45.3389,2027-04-04T19:00:00+00:00,11.78,40.35
Telavi,41.0014,42.4983,2027-04-04T20:00:00+00:00,27.1,34.84
Telavi,41.5191,42.381,2027-04-04T21:00:00+00:00,12.21,83.98
Tbilisi,42.3141,45.4067,2027-04-04T22:00:00+00:00,12.04,33.04
Tbilisi,42.625,41.2214,2027-04-04T23:00:00+00:00,25.18,70.89
Telavi,42.3975,45.8952,2027-04-05T00:00:00+00:00,17.05,48.61
Tbilisi,42.2769,45.5147,2027-04-05T01:00:00+00:00,-3.22,75.15
Kutaisi,41.2452,43.6057,2027-04-05T02:00:00+00:00,3.86,35.17
Batumi,42.6902,43.0799,2027-04-05T03:00:00+00:00,23.6,48.08
Tbilisi,42.6298,43.5781,2027-04-05T04:00:00+00:00,7.63,20.02
Tbilisi,41.3347,42.6937,2027-04-05T05:00:00+00:00,29.18,33.51
Tbilisi,41.2119,45.3799,2027-04-05T06:00:00+00:00,-3.75,32.91
Kutaisi,42.6213,45.2808,2027-04-05T07:00:00+00:00,-1.21,57.94
Kutaisi,42.1179,42.9238,2027-04-05T08:00:00+00:00,31.57,76.59
Kutaisi,42.2152,44.8536,2027-04-05T09:00:00+00:00,-0.36,83.93
Kutaisi,41.0724,42.7812,2027-04-05T10:00:00+00:00,-0.17,26.64
Batumi,42.6666,43.8819,2027-04-05T11:00:00+00:00,16.29,25.7
Telavi,42.5899,43.4623,2027-04-05T12:00:00+00:00,14.32,57.54
Kutaisi,42.2206,41.738,2027-04-05T13:00:00+00:00,29.03,69.5
Kutaisi,41.0345,45.592,2027-04-05T14:00:00+00:00,23.08,62.01
Tbilisi,41.3074,43.955,2027-04-05T15:00:00+00:00,3.3,29.83
Batumi,41.5589,42.7651,2027-04-05T16:00:00+00:00,33.47,22.95
Kutaisi,41.0827,41.2608,2027-04-05T17:00:00+00:00,34.68,34.92
Tbilisi,42.8713,43.3559,2027-04-05T18:00:00+00:00,9.53,58.9
Telavi,41.309,43.2448,2027-04-05T19:00:00+00:00,16.64,47.21
Tbilisi,41.1366,45.5907,2027-04-05T20:00:00+00:00,32.89,32.69
Telavi,42.578,44.7033,2027-04-05T21:00:00+00:00,23.83,65.48
Tbilisi,42.9894,43.9595,2027-04-05T22:00:00+00:00,28.21,86.02
Telavi,41.636,44.3689,2027-04-05T23:00:00+00:00,1.72,28.25
Telavi,41.0961,44.2161,2027-04-06T00:00:00+00:00,16.68,82.95
Batumi,42.727,44.5523,2027-04-06T01:00:00+00:00,26.2,81.24
Batumi,41.3913,41.9105,2027-04-06T02:00:00+00:00,9.29,81.24
Telavi,42.1616,45.5764,2027-04-06T03:00:00+00:00,-2.62,75.16
Batumi,41.23,42.4224,2027-04-06T04:00:00+00:00,21.51,62.0
Tbilisi,42.6916,45.4074,2027-04-06T05:00:00+00:00,23.16,64.33
Telavi,42.7204,41.242,2027-04-06T06:00:00+00:00,6.53,22.16
Batumi,41.1781,41.7049,2027-04-06T07:00:00+00:00,-3.04,35.2
Telavi,41.0118,41.6122,2027-04-06T08:00:00+00:00,26.44,74.32
Tbilisi,41.5063,44.7358,2027-04-06T09:00:00+00:00,27.29,78.79
Tbilisi,42.3836,43.4978,2027-04-06T10:00:00+00:00,-0.91,22.67
Batumi,41.5464,43.8196,2027-04-06T11:00:00+00:00,5.54,59.62
Kutaisi,41.0597,43.0197,2027-04-06T12:00:00+00:00,18.62,76.81
Kutaisi,42.6573,45.5586,2027-04-06T13:00:00+00:00,-3.61,77.94
Telavi,41.5246,42.9919,2027-04-06T14:00:00+00:00,18.76,35.43
Kutaisi,42.143,41.2031,2027-04-06T15:00:00+00:00,5.32,62.59
Kutaisi,41.1563,41.7154,2027-04-06T16:00:00+00:00,19.75,21.13
Kutaisi,41.9086,45.297,2027-04-06T17:00:00+00:00,21.02,83.54
Batumi,41.6324,41.9527,2027-04-06T18:00:00+00:00,25.44,57.36
Telavi,41.8125,42.9527,2027-04-06T19:00:00+00:00,-1.58,62.04
Kutaisi,41.3905,41.4786,2027-04-06T20:00:00+00:00,32.53,87.7
Telavi,41.278,45.9021,2027-04-06T21:00:00+00:00,11.03,52.86
Kutaisi,42.3446,42.8766,2027-04-06T22:00:00+00:00,15.75,60.77
Tbilisi,41.2695,44.9116,2027-04-06T23:00:00+00:00,22.46,29.06
Telavi,42.9146,41.424,2027-04-07T00:00:00+00:00,25.34,47.09
Telavi,41.8708,44.84,2027-04-07T01:00:00+00:00,7.34,56.55
Kutaisi,42.6158,43.0001,2027-04-07T02:00:00+00:00,16.94,84.22
Telavi,41.9662,41.2299,2027-04-07T03:00:00+00:00,10.83,46.49
Telavi,42.492,45.1076,2027-04-07T04:00:00+00:00,6.81,31.07
Kutaisi,42.6437,43.4862,2027-04-07T05:00:00+00:00,0.29,26.07
Batumi,41.6446,42.3676,2027-04-07T06:00:00+00:00,33.44,43.81
Kutaisi,42.6556,42.9514,2027-04-07T07:00:00+00:00,-3.65,56.47
Kutaisi,42.2004,45.3929,2027-04-07T08:00:00+00:00,13.1,27.56
Tbilisi,41.679,41.751,2027-04-07T09:00:00+00:00,20.04,83.57
Batumi,41.6609,44.8377,2027-04-07T10:00:00+00:00,2.54,28.33
Kutaisi,41.7429,43.0685,2027-04-07T11:00:00+00:00,8.18,87.25
Batumi,41.5763,41.7471,2027-04-07T12:00:00+00:00,0.98,70.79
Tbilisi,41.0133,41.426,2027-04-07T13:00:00+00:00,0.88,81.47
Kutaisi,42.8328,45.4455,2027-04-07T14:00:00+00:00,4.05,27.63
Kutaisi,42.8175,44.2034,2027-04-07T15:00:00+00:00,-2.0,80.35
Telavi,42.024,42.3262,2027-04-07T16:00:00+00:00,31.28,80.07
Telavi,42.7519,43.4086,2027-04-07T17:00:00+00:00,25.48,30.58
Kutaisi,41.0903,41.7429,2027-04-07T18:00:00+00:00,32.12,49.9
Batumi,41.4562,42.0851,2027-04-07T19:00:00+00:00,19.91,59.61
Tbilisi,42.0045,44.2657,2027-04-07T20:00:00+00:00,33.4,76.28
Telavi,41.3012,42.5537,2027-04-07T21:00:00+00:00,33.94,44.07
Telavi,42.0386,44.0828,2027-04-07T22:00:00+00:00,27.22,76.75
Kutaisi,41.7232,43.3674,2027-04-07T23:00:00+00:00,33.9,74.34
Kutaisi,42.7337,43.0851,2027-04-08T00:00:00+00:00,25.69,41.04
Batumi,41.3908,44.786,2027-04-08T01:00:00+00:00,14.76,63.85
Kutaisi,41.6216,44.7393,2027-04-08T02:00:00+00:00,0.13,42.54
Kutaisi,41.2335,45.4952,2027-04-08T03:00:00+00:00,33.8,67.57
Batumi,42.1071,42.6556,2027-04-08T04:00:00+00:00,34.4,37.62
Kutaisi,41.4608,44.6811,2027-04-08T05:00:00+00:00,2.47,87.35
Batumi,41.0142,42.31,2027-04-08T06:00:00+00:00,10.87,50.46
Telavi,42.4172,43.6614,2027-04-08T07:00:00+00:00,16.61,87.89
Kutaisi,41.6419,44.4815,2027-04-08T08:00:00+00:00,15.02,25.53
Batumi,41.1112,43.3632,2027-04-08T09:00:00+00:00,3.3,67.88
Batumi,42.4336,42.9501,2027-04-08T10:00:00+00:00,9.4,33.27
Kutaisi,42.5543,44.5467,2027-04-08T11:00:00+00:00,10.85,26.67
Tbilisi,41.9615,42.4777,2027-04-08T12:00:00+00:00,30.94,25.75
Kutaisi,41.4397,44.1779,2027-04-08T13:00:00+00:00,-0.13,76.37
Tbilisi,41.5547,42.4308,2027-04-08T14:00:00+00:00,0.69,75.19
Telavi,42.8627,42.7626,2027-04-08T15:00:00+00:00,13.45,38.99
Batumi,41.4271,43.9758,2027-04-08T16:00:00+00:00,19.49,53.52
Tbilisi,42.3671,42.8121,2027-04-08T17:00:00+00:00,4.08,37.01
Kutaisi,42.571,45.6642,2027-04-08T18:00:00+00:00,1.59,50.25
Telavi,41.057,41.1258,2027-04-08T19:00:00+00:00,-3.17,34.42
Kutaisi,41.4526,42.5076,2027-04-08T20:00:00+00:00,18.99,45.5
Kutaisi,42.6274,44.5847,2027-04-08T21:00:00+00:00,20.08,71.36
Tbilisi,42.6757,43.3808,2027-04-08T22:00:00+00:00,11.14,86.36
Batumi,41.2312,43.8634,2027-04-08T23:00:00+00:00,1.14,62.49
Batumi,41.9127,45.8882,2027-04-09T00:00:00+00:00,3.78,28.93
Kutaisi,42.1667,41.2252,2027-04-09T01:00:00+00:00,31.79,35.01
Batumi,41.3348,42.1456,2027-04-09T02:00:00+00:00,19.08,38.48
Tbilisi,42.8588,43.1949,2027-04-09T03:00:00+00:00,6.59,34.47
Tbilisi,42.9611,44.6592,2027-04-09T04:00:00+00:00,30.14,81.45
Batumi,42.5951,43.7779,2027-04-09T05:00:00+00:00,7.39,53.01
Telavi,41.5117,43.2952,2027-04-09T06:00:00+00:00,3.85,46.95
Kutaisi,41.8044,41.0187,2027-04-09T07:00:00+00:00,33.68,46.43
Batumi,41.3241,45.9624,2027-04-09T08:00:00+00:00,29.1,28.41
Batumi,42.5749,44.2251,2027-04-09T09:00:00+00:00,0.08,60.67
Batumi,42.7174,43.5172,2027-04-09T10:00:00+00:00,29.61,57.6
Telavi,42.1112,42.3079,2027-04-09T11:00:00+00:00,12.61,49.87
Batumi,42.1974,41.9878,2027-04-09T12:00:00+00:00,-4.56,40.96
Kutaisi,42.2877,45.9915,2027-04-09T13:00:00+00:00,12.24,31.63
Tbilisi,42.8003,43.0044,2027-04-09T14:00:00+00:00,33.66,22.27
Kutaisi,42.0862,45.9427,2027-04-09T15:00:00+00:00,-1.22,34.17
Kutaisi,41.4112,42.7003,2027-04-09T16:00:00+00:00,27.45,39.4
Tbilisi,41.2249,43.6043,2027-04-09T17:00:00+00:00,7.37,80.21
Telavi,41.703,41.7701,2027-04-09T18:00:00+00:00,5.46,28.28
Telavi,42.4987,43.3384,2027-04-09T19:00:00+00:00,22.29,53.17
Tbilisi,41.6139,44.5516,2027-04-09T20:00:00+00:00,32.52,75.25
Kutaisi,42.2518,43.6451,2027-04-09T21:00:00+00:00,-1.67,48.75
Kutaisi,42.1588,45.6286,2027-04-09T22:00:00+00:00,24.52,77.42
Kutaisi,42.1454,42.29,2027-04-09T23:00:00+00:00,-2.07,37.27
Batumi,42.8428,42.0429,2027-04-10T00:00:00+00:00,29.13,33.54
Telavi,41.6729,43.4827,2027-04-10T01:00:00+00:00,14.55,52.29
Telavi,41.9525,42.8305,2027-04-10T02:00:00+00:00,3.38,75.18
Telavi,41.1438,45.1672,2027-04-10T03:00:00+00:00,7.34,53.99
Tbilisi,42.1696,42.1003,2027-04-10T04:00:00+00:00,27.56,58.88
Kutaisi,41.3583,44.9331,2027-04-10T05:00:00+00:00,29.2,33.44
Tbilisi,42.3592,43.45,2027-04-10T06:00:00+00:00,11.24,45.43
Tbilisi,41.0663,41.375,2027-04-10T07:00:00+00:00,3.96,27.44
Kutaisi,42.0514,41.0011,2027-04-10T08:00:00+00:00,6.32,72.46
Telavi,42.9436,43.497,2027-04-10T09:00:00+00:00,1.25,25.22
Tbilisi,41.1741,45.32,2027-04-10T10:00:00+00:00,15.98,47.56
Telavi,42.5547,45.5372,2027-04-10T11:00:00+00:00,5.0,52.22
Tbilisi,41.6237,44.1442,2027-04-10T12:00:00+00:00,27.03,62.2
Tbilisi,41.6853,45.5287,2027-04-10T13:00:00+00:00,3.97,66.3
Tbilisi,41.7628,44.0655,2027-04-10T14:00:00+00:00,17.89,52.33
Batumi,41.7742,41.9075,2027-04-10T15:00:00+00:00,-3.54,67.29
Tbilisi,41.0901,41.9061,2027-04-10T16:00:00+00:00,2.75,32.68
Kutaisi,41.4474,41.8673,2027-04-10T17:00:00+00:00,9.55,75.89
Telavi,42.9618,45.479,2027-04-10T18:00:00+00:00,31.45,63.43
Telavi,41.2071,45.2213,2027-04-10T19:00:00+00:00,20.82,45.33
Telavi,42.2361,41.7848,2027-04-10T20:00:00+00:00,30.06,52.68
Tbilisi,41.2313,42.6782,2027-04-10T21:00:00+00:00,22.11,26.71
Telavi,42.3519,42.028,2027-04-10T22:00:00+00:00,27.33,71.11
Telavi,41.0092,45.8321,2027-04-10T23:00:00+00:00,11.96,43.82
Telavi,42.5086,41.1747,2027-04-11T00:00:00+00:00,25.25,44.01
Telavi,41.4009,42.7338,2027-04-11T01:00:00+00:00,10.14,87.78
Kutaisi,42.6586,45.7445,2027-04-11T02:00:00+00:00,31.63,89.5
Telavi,41.5476,45.4185,2027-04-11T03:00:00+00:00,-2.96,46.79
Batumi,41.98,45.1983,2027-04-11T04:00:00+00:00,21.31,81.95
Kutaisi,42.1891,45.0424,2027-04-11T05:00:00+00:00,26.94,71.47
Telavi,42.3116,42.9362,2027-04-11T06:00:00+00:00,19.76,77.35
Kutaisi,42.9449,44.7229,2027-04-11T07:00:00+00:00,8.95,78.94
Batumi,41.5502,43.2168,2027-04-11T08:00:00+00:00,5.11,42.38
Tbilisi,42.4338,41.6485,2027-04-11T09:00:00+00:00,-4.06,45.52
Telavi,41.9903,44.0026,2027-04-11T10:00:00+00:00,-4.78,70.75
Telavi,41.6296,42.135,2027-04-11T11:00:00+00:00,19.95,43.29
Tbilisi,41.474,45.0236,2027-04-11T12:00:00+00:00,8.98,58.78
Tbilisi,42.5457,43.4102,2027-04-11T13:00:00+00:00,-4.71,36.07
Batumi,41.3974,43.6684,2027-04-11T14:00:00+00:00,32.0,60.62
Batumi,42.4432,41.6043,2027-04-11T15:00:00+00:00,11.28,46.58
Tbilisi,42.3933,42.3835,2027-04-11T16:00:00+00:00,26.23,53.23
Telavi,41.4181,45.838,2027-04-11T17:00:00+00:00,30.02,26.12
Tbilisi,42.4434,42.9316,2027-04-11T18:00:00+00:00,2.07,89.26
Kutaisi,42.6769,42.5711,2027-04-11T19:00:00+00:00,-3.16,71.67
Batumi,41.8152,43.5826,2027-04-11T20:00:00+00:00,29.77,51.64
Telavi,41.412,45.4543,2027-04-11T21:00:00+00:00,31.98,52.71
Telavi,41.533,45.9172,2027-04-11T22:00:00+00:00,26.55,83.06
Telavi,42.4911,42.2382,2027-04-11T23:00:00+00:00,29.03,86.62
Telavi,41.3931,44.919,2027-04-12T00:00:00+00:00,19.77,38.51
Kutaisi,42.1893,44.9128,2027-04-12T01:00:00+00:00,23.35,73.05
Kutaisi,42.6363,41.3491,2027-04-12T02:00:00+00:00,30.09,21.48
Telavi,41.8724,43.4147,2027-04-12T03:00:00+00:00,16.33,67.74
Kutaisi,41.23,42.4951,2027-04-12T04:00:00+00:00,15.71,61.43
Telavi,41.9516,44.1692,2027-04-12T05:00:00+00:00,3.09,33.74
Batumi,42.7261,41.1086,2027-04-12T06:00:00+00:00,-1.51,37.61
Kutaisi,41.8944,44.2765,2027-04-12T07:00:00+00:00,5.78,86.25
Batumi,42.71,41.1146,2027-04-12T08:00:00+00:00,27.34,44.08
Batumi,41.8198,41.9286,2027-04-12T09:00:00+00:00,13.69,70.83
Telavi,41.6682,44.7811,2027-04-12T10:00:00+00:00,-2.58,25.96
Tbilisi,42.8829,43.9986,2027-04-12T11:00:00+00:00,4.57,70.31
Tbilisi,42.7254,43.8499,2027-04-12T12:00:00+00:00,0.1,54.44
Kutaisi,41.7278,44.223,2027-04-12T13:00:00+00:00,15.84,40.83
Tbilisi,42.3998,45.8302,2027-04-12T14:00:00+00:00,31.37,37.39
Telavi,42.8703,43.2295,2027-04-12T15:00:00+00:00,8.38,68.54
Tbilisi,41.9786,41.3307,2027-04-12T16:00:00+00:00,-3.21,76.19
Telavi,42.69,42.8168,2027-04-12T17:00:00+00:00,30.46,77.31
Kutaisi,41.0817,41.1791,2027-04-12T18:00:00+00:00,13.2,34.35
Kutaisi,41.8827,44.6538,2027-04-12T19:00:00+00:00,15.49,33.74
Tbilisi,41.456,43.5877,2027-04-12T20:00:00+00:00,25.75,52.37
Telavi,42.8594,42.6428,2027-04-12T21:00:00+00:00,6.39,67.49
Kutaisi,42.7553,44.101,2027-04-12T22:00:00+00:00,14.17,55.99
Tbilisi,41.3783,45.3344,2027-04-12T23:00:00+00:00,17.16,77.34
Batumi,42.5837,44.9294,2027-04-13T00:00:00+00:00,27.14,37.94
Tbilisi,41.856,44.721,2027-04-13T01:00:00+00:00,8.02,63.69
Kutaisi,42.8963,45.9692,2027-04-13T02:00:00+00:00,30.55,58.56
Kutaisi,42.993,43.9381,2027-04-13T03:00:00+00:00,-4.04,89.71
Tbilisi,41.9223,45.4373,2027-04-13T04:00:00+00:00,12.43,79.13
Kutaisi,41.309,44.0966,2027-04-13T05:00:00+00:00,26.25,28.69
Kutaisi,41.3179,45.167,2027-04-13T06:00:00+00:00,20.96,82.93
Telavi,41.7622,42.0947,2027-04-13T07:00:00+00:00,33.38,77.58
Batumi,42.8205,42.7911,2027-04-13T08:00:00+00:00,33.57,44.68
Tbilisi,42.9569,41.1468,2027-04-13T09:00:00+00:00,18.89,61.52
Kutaisi,41.5504,44.9743,2027-04-13T10:00:00+00:00,-2.6,32.6
Telavi,41.417,41.8168,2027-04-13T11:00:00+00:00,-0.3,80.65
Kutaisi,41.43,43.7921,2027-04-13T12:00:00+00:00,31.86,20.31
Kutaisi,41.256,41.3919,2027-04-13T13:00:00+00:00,32.89,29.8
Tbilisi,42.5161,44.4643,2027-04-13T14:00:00+00:00,10.38,56.2
Tbilisi,41.6019,45.3724,2027-04-13T15:00:00+00:00,26.27,22.28
Batumi,42.8201,41.2796,2027-04-13T16:00:00+00:00,33.43,40.81
Kutaisi,42.4176,42.0876,2027-04-13T17:00:00+00:00,15.65,51.04
Telavi,42.2,45.4249,2027-04-13T18:00:00+00:00,18.48,56.78
Batumi,41.5418,44.5835,2027-04-13T19:00:00+00:00,20.52,42.92
Tbilisi,41.7495,41.4232,2027-04-13T20:00:00+00:00,1.27,30.17
Batumi,42.5294,45.3517,2027-04-13T21:00:00+00:00,12.46,39.21
Batumi,42.1738,45.3404,2027-04-13T22:00:00+00:00,-1.06,44.03
Kutaisi,41.7303,43.3352,2027-04-13T23:00:00+00:00,11.75,56.95
Tbilisi,41.6731,42.6922,2027-04-14T00:00:00+00:00,-3.36,23.75
Tbilisi,42.1504,44.6397,2027-04-14T01:00:00+00:00,29.1,63.44
Kutaisi,41.5236,43.509,2027-04-14T02:00:00+00:00,10.51,67.26
Kutaisi,41.0298,44.543,2027-04-14T03:00:00+00:00,6.77,58.81
Tbilisi,42.7696,45.2265,2027-04-14T04:00:00+00:00,24.48,55.73
Batumi,42.3088,42.4405,2027-04-14T05:00:00+00:00,23.47,22.87
Kutaisi,41.0535,45.6639,2027-04-14T06:00:00+00:00,11.52,85.12
Kutaisi,42.5677,44.0067,2027-04-14T07:00:00+00:00,27.0,85.39
Kutaisi,42.7219,43.5415,2027-04-14T08:00:00+00:00,-1.89,24.34
Batumi,42.3281,43.2332,2027-04-14T09:00:00+00:00,26.04,41.0
Telavi,42.2552,45.6689,2027-04-14T10:00:00+00:00,5.86,60.21
Batumi,41.7399,45.3969,2027-04-14T11:00:00+00:00,-0.3,35.18
Telavi,41.2968,42.4423,2027-04-14T12:00:00+00:00,18.47,76.8
Telavi,42.1923,44.0785,2027-04-14T13:00:00+00:00,-4.32,24.35
Kutaisi,42.7483,45.4635,2027-04-14T14:00:00+00:00,18.99,39.89
Kutaisi,42.1384,44.6861,2027-04-14T15:00:00+00:00,13.47,38.56
Tbilisi,41.8728,41.6629,2027-04-14T16:00:00+00:00,22.11,43.86
Telavi,42.318,43.4429,2027-04-14T17:00:00+00:00,1.16,45.48
Batumi,41.687,41.1494,2027-04-14T18:00:00+00:00,1.75,51.53
Telavi,41.527,44.6712,2027-04-14T19:00:00+00:00,-4.17,41.08
Batumi,42.8225,45.9287,2027-04-14T20:00:00+00:00,14.63,67.57
Telavi,41.7209,45.0263,2027-04-14T21:00:00+00:00,32.68,77.19
Tbilisi,42.3869,42.0098,2027-04-14T22:00:00+00:00,-0.87,83.45
Tbilisi,41.1118,42.4146,2027-04-14T23:00:00+00:00,9.58,58.9
Kutaisi,41.7064,44.1124,2027-04-15T00:00:00+00:00,8.45,78.15
Telavi,42.6028,45.7911,2027-04-15T01:00:00+00:00,11.96,59.08
Batumi,41.4071,44.9717,2027-04-15T02:00:00+00:00,32.11,53.86
Telavi,41.8295,41.2698,2027-04-15T03:00:00+00:00,27.81,62.89
Tbilisi,41.603,45.0177,2027-04-15T04:00:00+00:00,18.22,22.1
Telavi,42.5183,41.2541,2027-04-15T05:00:00+00:00,3.04,53.16
Kutaisi,42.8214,44.4025,2027-04-15T06:00:00+00:00,17.37,73.62
Tbilisi,42.2515,43.8954,2027-04-15T07:00:00+00:00,18.32,35.61
Telavi,42.7743,44.8922,2027-04-15T08:00:00+00:00,19.64,87.59
Tbilisi,42.3365,43.1012,2027-04-15T09:00:00+00:00,15.94,86.9
Kutaisi,42.2925,41.1222,2027-04-15T10:00:00+00:00,-1.48,45.8
Batumi,42.1944,41.4642,2027-04-15T11:00:00+00:00,9.78,34.32
Tbilisi,41.3235,42.4252,2027-04-15T12:00:00+00:00,-3.68,69.57
Batumi,42.4152,45.7022,2027-04-15T13:00:00+00:00,12.34,54.98
Tbilisi,41.3699,41.0122,2027-04-15T14:00:00+00:00,21.76,36.53
Telavi,42.0375,45.7182,2027-04-15T15:00:00+00:00,34.77,24.39
Batumi,42.0564,42.4166,2027-04-15T16:00:00+00:00,32.57,56.38
Telavi,42.5458,43.1614,2027-04-15T17:00:00+00:00,4.94,81.74
Batumi,42.4783,43.7184,2027-04-15T18:00:00+00:00,6.96,68.96
Batumi,41.5879,44.7143,2027-04-15T19:00:00+00:00,11.19,40.45
Kutaisi,41.2978,45.0809,2027-04-15T20:00:00+00:00,7.28,79.38
Kutaisi,41.9262,43.794,2027-04-15T21:00:00+00:00,25.66,73.55
Telavi,42.1985,43.1705,2027-04-15T22:00:00+00:00,4.58,61.57
Kutaisi,42.0366,44.4155,2027-04-15T23:00:00+00:00,16.99,51.05
Kutaisi,41.5453,43.8324,2027-04-16T00:00:00+00:00,7.44,56.85
Tbilisi,41.6119,45.7494,2027-04-16T01:00:00+00:00,10.36,62.69
Kutaisi,41.4986,45.0519,2027-04-16T02:00:00+00:00,8.21,50.6
Kutaisi,42.3072,41.9799,2027-04-16T03:00:00+00:00,6.17,85.91
Telavi,42.5845,43.9167,2027-04-16T04:00:00+00:00,-4.56,58.89
Telavi,41.5365,45.7758,2027-04-16T05:00:00+00:00,10.54,49.28
Tbilisi,42.9175,41.6087,2027-04-16T06:00:00+00:00,34.45,32.74
Batumi,42.1531,44.9534,2027-04-16T07:00:00+00:00,4.72,74.05
Batumi,41.5326,43.8009,2027-04-16T08:00:00+00:00,0.49,83.23
Batumi,41.9354,42.152,2027-04-16T09:00:00+00:00,23.28,74.15
Tbilisi,42.9625,44.3774,2027-04-16T10:00:00+00:00,-2.43,56.03
Telavi,42.8398,44.5342,2027-04-16T11:00:00+00:00,34.57,87.46
Telavi,42.0029,41.2573,2027-04-16T12:00:00+00:00,5.62,43.08
Telavi,42.373,45.5668,2027-04-16T13:00:00+00:00,8.02,74.29
Telavi,42.3035,44.3304,2027-04-16T14:00:00+00:00,26.63,46.03
Telavi,42.0048,43.8081,2027-04-16T15:00:00+00:00,-4.91,82.07
Kutaisi,41.1342,44.6738,2027-04-16T16:00:00+00:00,31.66,64.6
Telavi,42.3033,42.3057,2027-04-16T17:00:00+00:00,5.22,62.12
Batumi,42.9362,45.5774,2027-04-16T18:00:00+00:00,1.62,22.55
Telavi,41.2147,45.8106,2027-04-16T19:00:00+00:00,9.21,81.8
Kutaisi,41.3551,41.3073,2027-04-16T20:00:00+00:00,1.04,88.65
Telavi,41.8862,43.2796,2027-04-16T21:00:00+00:00,-1.01,45.81
Tbilisi,41.4991,41.4141,2027-04-16T22:00:00+00:00,17.98,60.02
Kutaisi,42.3413,44.287,2027-04-16T23:00:00+00:00,27.18,48.62
Tbilisi,41.4709,42.583,2027-04-17T00:00:00+00:00,29.09,42.37
Tbilisi,42.2518,45.9445,2027-04-17T01:00:00+00:00,31.5,78.31
Telavi,42.7981,43.0538,2027-04-17T02:00:00+00:00,34.8,33.03
Telavi,42.3432,44.4592,2027-04-17T03:00:00+00:00,-3.1,39.54
Batumi,41.4089,41.4789,2027-04-17T04:00:00+00:00,11.09,84.41
Tbilisi,42.4734,43.4553,2027-04-17T05:00:00+00:00,-3.47,30.58
Tbilisi,42.0575,42.7479,2027-04-17T06:00:00+00:00,31.01,65.8
Kutaisi,42.1608,44.8331,2027-04-17T07:00:00+00:00,9.47,61.9
Kutaisi,42.6945,43.3654,2027-04-17T08:00:00+00:00,23.13,44.59
Telavi,41.1914,41.5653,2027-04-17T09:00:00+00:00,6.6,42.16
Batumi,41.0895,45.7109,2027-04-17T10:00:00+00:00,-4.75,53.88
Kutaisi,41.247,41.2007,2027-04-17T11:00:00+00:00,-1.93,61.67
Batumi,42.7942,45.8918,2027-04-17T12:00:00+00:00,-0.65,58.48
Telavi,41.575,45.0179,2027-04-17T13:00:00+00:00,3.05,52.19
Kutaisi,42.9967,42.196,2027-04-17T14:00:00+00:00,28.37,23.06
Batumi,41.1654,41.6313,2027-04-17T15:00:00+00:00,6.28,75.99
Batumi,41.8275,43.0562,2027-04-17T16:00:00+00:00,10.93,23.03
Batumi,41.4025,41.4322,2027-04-17T17:00:00+00:00,11.55,44.91
Tbilisi,41.837,41.7277,2027-04-17T18:00:00+00:00,13.15,43.22
Batumi,41.842,45.7009,2027-04-17T19:00:00+00:00,30.77,67.21
Telavi,42.2581,43.3653,2027-04-17T20:00:00+00:00,-2.7,51.83
Kutaisi,41.2255,41.0385,2027-04-17T21:00:00+00:00,33.41,83.24
Telavi,42.0997,41.2083,2027-04-17T22:00:00+00:00,18.16,42.34
Tbilisi,42.5452,45.8574,2027-04-17T23:00:00+00:00,-1.67,56.58
Telavi,41.9073,44.4408,2027-04-18T00:00:00+00:00,3.1,32.62
Batumi,41.73,44.9787,2027-04-18T01:00:00+00:00,17.97,36.07
Batumi,41.0334,45.3252,2027-04-18T02:00:00+00:00,5.91,39.73
Kutaisi,42.9366,45.3544,2027-04-18T03:00:00+00:00,11.74,53.12
Tbilisi,42.7928,43.9084,2027-04-18T04:00:00+00:00,2.53,80.25
Batumi,41.0641,42.357,2027-04-18T05:00:00+00:00,10.84,38.55
Kutaisi,42.2562,44.4205,2027-04-18T06:00:00+00:00,24.57,60.15
Batumi,42.4415,42.5229,2027-04-18T07:00:00+00:00,29.25,65.67
Tbilisi,41.646,42.5239,2027-04-18T08:00:00+00:00,15.18,74.53
Tbilisi,41.0998,42.1068,2027-04-18T09:00:00+00:00,6.38,74.23
Batumi,41.4485,43.0832,2027-04-18T10:00:00+00:00,25.56,20.46
Telavi,42.4173,42.8415,2027-04-18T11:00:00+00:00,7.11,52.58
Tbilisi,41.0058,45.0982,2027-04-18T12:00:00+00:00,30.99,28.37
Kutaisi,41.4666,45.6454,2027-04-18T13:00:00+00:00,-3.68,65.27
Tbilisi,42.5726,41.0536,2027-04-18T14:00:00+00:00,33.67,38.87
Tbilisi,41.2226,41.9197,2027-04-18T15:00:00+00:00,23.15,81.17
Batumi,42.1036,44.3998,2027-04-18T16:00:00+00:00,27.2,80.38
Telavi,41.1851,44.2097,2027-04-18T17:00:00+00:00,28.87,46.19
Tbilisi,41.908,44.0257,2027-04-18T18:00:00+00:00,10.0,44.82
Tbilisi,41.9872,44.6975,2027-04-18T19:00:00+00:00,33.71,74.2
Batumi,41.0611,44.5072,2027-04-18T20:00:00+00:00,34.24,67.99
Kutaisi,42.785,43.9483,2027-04-18T21:00:00+00:00,25.98,62.46
Batumi,41.4947,44.2523,2027-04-18T22:00:00+00:00,14.53,34.83
Telavi,41.575,43.4978,2027-04-18T23:00:00+00:00,15.77,69.94
Kutaisi,42.4454,41.2158,2027-04-19T00:00:00+00:00,9.02,70.22
Kutaisi,42.8562,45.3506,2027-04-19T01:00:00+00:00,28.12,88.54
Kutaisi,42.1419,45.657,2027-04-19T02:00:00+00:00,9.74,21.5
Telavi,42.705,45.9523,2027-04-19T03:00:00+00:00,29.6,20.47
Kutaisi,41.7839,45.3467,2027-04-19T04:00:00+00:00,13.76,81.65
Kutaisi,41.8508,44.2628,2027-04-19T05:00:00+00:00,23.85,51.51
Batumi,41.8213,44.8004,2027-04-19T06:00:00+00:00,34.13,78.11
Telavi,42.5753,45.0954,2027-04-19T07:00:00+00:00,-2.41,59.28
Tbilisi,42.479,41.1319,2027-04-19T08:00:00+00:00,19.25,85.75
Batumi,41.872,41.0161,2027-04-19T09:00:00+00:00,20.97,61.27
Tbilisi,42.6292,41.3362,2027-04-19T10:00:00+00:00,13.69,23.43
Batumi,42.9893,43.498,2027-04-19T11:00:00+00:00,11.25,31.77
Tbilisi,41.6895,45.22,2027-04-19T12:00:00+00:00,21.73,68.32
Telavi,41.9299,43.4547,2027-04-19T13:00:00+00:00,14.83,23.48
Kutaisi,42.342,43.3207,2027-04-19T14:00:00+00:00,22.91,55.46
Tbilisi,41.2104,42.6793,2027-04-19T15:00:00+00:00,20.9,74.1
Telavi,41.6118,41.1409,2027-04-19T16:00:00+00:00,14.63,34.16
Kutaisi,42.9235,42.8101,2027-04-19T17:00:00+00:00,22.81,59.41
Tbilisi,42.981,45.0872,2027-04-19T18:00:00+00:00,0.97,44.79
Tbilisi,42.9419,42.842,2027-04-19T19:00:00+00:00,4.61,84.92
Telavi,42.5942,44.653,2027-04-19T20:00:00+00:00,26.3,62.69
Kutaisi,41.0898,43.4799,2027-04-19T21:00:00+00:00,-0.77,52.69
Kutaisi,42.7586,44.6124,2027-04-19T22:00:00+00:00,11.64,53.1
Kutaisi,42.0827,43.755,2027-04-19T23:00:00+00:00,24.23,54.3
Telavi,41.5243,43.2464,2027-04-20T00:00:00+00:00,34.22,54.94
Batumi,41.7476,45.9245,2027-04-20T01:00:00+00:00,32.14,66.67
Kutaisi,42.3092,42.5345,2027-04-20T02:00:00+00:00,16.48,46.1
Telavi,42.5035,41.8872,2027-04-20T03:00:00+00:00,0.78,22.53
Tbilisi,42.2233,41.3079,2027-04-20T04:00:00+00:00,10.2,37.79
Tbilisi,41.2974,45.0493,2027-04-20T05:00:00+00:00,-0.52,26.23
Telavi,42.9243,43.876,2027-04-20T06:00:00+00:00,3.43,36.73
Tbilisi,41.4258,41.3815,2027-04-20T07:00:00+00:00,25.59,53.49
Batumi,41.0792,44.207,2027-04-20T08:00:00+00:00,16.21,56.09
Telavi,41.7478,42.1771,2027-04-20T09:00:00+00:00,28.72,32.46
Batumi,41.1065,43.9911,2027-04-20T10:00:00+00:00,6.07,58.42
Telavi,41.5072,43.5209,2027-04-20T11:00:00+00:00,-0.45,59.1
Telavi,42.1818,44.3223,2027-04-20T12:00:00+00:00,2.88,72.22
Tbilisi,41.9041,43.8529,2027-04-20T13:00:00+00:00,1.61,28.93
Batumi,41.1654,44.2239,2027-04-20T14:00:00+00:00,15.43,43.5
Tbilisi,42.5864,43.8383,2027-04-20T15:00:00+00:00,6.08,70.49
Telavi,41.747,44.7902,2027-04-20T16:00:00+00:00,20.93,42.14
Telavi,42.3854,43.4747,2027-04-20T17:00:00+00:00,14.3,79.15
Tbilisi,41.9174,42.0192,2027-04-20T18:00:00+00:00,31.59,66.85
Batumi,41.6036,42.5963,2027-04-20T19:00:00+00:00,8.99,55.2
Tbilisi,41.1374,42.6521,2027-04-20T20:00:00+00:00,9.07,79.99
Batumi,42.7999,43.2971,2027-04-20T21:00:00+00:00,-2.99,39.02
Tbilisi,42.4661,41.9405,2027-04-20T22:00:00+00:00,18.66,79.83
Telavi,42.2873,45.9591,2027-04-20T23:00:00+00:00,2.46,62.83
Batumi,41.3989,41.5021,2027-04-21T00:00:00+00:00,16.43,82.29
Telavi,42.953,45.0329,2027-04-21T01:00:00+00:00,16.48,42.72
Telavi,42.1453,42.3614,2027-04-21T02:00:00+00:00,25.96,60.54
Kutaisi,41.532,41.5308,2027-04-21T03:00:00+00:00,26.43,24.72
Kutaisi,41.2918,43.4339,2027-04-21T04:00:00+00:00,24.95,53.18
Batumi,41.6976,45.2075,2027-04-21T05:00:00+00:00,1.01,84.46
Tbilisi,41.2136,43.6229,2027-04-21T06:00:00+00:00,-2.16,58.2
Telavi,42.2226,45.6903,2027-04-21T07:00:00+00:00,20.66,34.99
Batumi,42.5253,45.3133,2027-04-21T08:00:00+00:00,18.45,45.88
Kutaisi,41.4203,42.5334,2027-04-21T09:00:00+00:00,15.11,64.39
Tbilisi,41.1783,44.5832,2027-04-21T10:00:00+00:00,-3.5,33.21
Telavi,41.7389,41.2661,2027-04-21T11:00:00+00:00,-1.3,88.44
Telavi,41.5726,45.6651,2027-04-21T12:00:00+00:00,22.48,46.9
Kutaisi,42.6643,42.6716,2027-04-21T13:00:00+00:00,7.93,49.14
Batumi,41.0065,41.8893,2027-04-21T14:00:00+00:00,-0.06,36.14
Kutaisi,42.5861,44.1149,2027-04-21T15:00:00+00:00,22.83,30.09
Batumi,42.1392,41.0198,2027-04-21T16:00:00+00:00,28.46,25.84
Telavi,41.4922,42.4755,2027-04-21T17:00:00+00:00,6.05,46.81
Tbilisi,42.8367,45.0072,2027-04-21T18:00:00+00:00,32.04,78.32
Kutaisi,41.9446,41.2479,2027-04-21T19:00:00+00:00,21.48,49.2
Batumi,42.8527,43.6274,2027-04-21T20:00:00+00:00,34.41,23.6
Kutaisi,41.2167,41.9494,2027-04-21T21:00:00+00:00,0.34,38.18
Tbilisi,42.4804,41.0023,2027-04-21T22:00:00+00:00,1.82,40.37
Tbilisi,41.9752,42.9968,2027-04-21T23:00:00+00:00,10.32,22.91
Kutaisi,41.8722,44.3223,2027-04-22T00:00:00+00:00,-1.56,71.24
Kutaisi,41.5396,41.9587,2027-04-22T01:00:00+00:00,21.96,50.43
Kutaisi,42.4616,41.0617,2027-04-22T02:00:00+00:00,15.72,88.64
Tbilisi,41.6575,43.1555,2027-04-22T03:00:00+00:00,25.36,42.36
Tbilisi,41.8785,44.0631,2027-04-22T04:00:00+00:00,21.68,70.89
Batumi,42.1316,44.5194,2027-04-22T05:00:00+00:00,2.11,76.21
Batumi,41.3404,45.0722,2027-04-22T06:00:00+00:00,29.51,65.02
Tbilisi,42.3008,41.8002,2027-04-22T07:00:00+00:00,18.32,62.53
Tbilisi,41.5804,42.4212,2027-04-22T08:00:00+00:00,25.04,35.15
Kutaisi,42.3867,42.9839,2027-04-22T09:00:00+00:00,18.09,33.27
Tbilisi,41.569,41.842,2027-04-22T10:00:00+00:00,7.86,20.4
Tbilisi,42.6577,45.104,2027-04-22T11:00:00+00:00,-3.78,51.52
Tbilisi,41.3043,44.0964,2027-04-22T12:00:00+00:00,15.24,41.19
Kutaisi,41.8717,45.8985,2027-04-22T13:00:00+00:00,15.54,56.44
Telavi,41.728,42.4865,2027-04-22T14:00:00+00:00,-2.04,57.97
Telavi,41.3732,44.9964,2027-04-22T15:00:00+00:00,-0.02,66.35
Telavi,42.7738,42.6347,2027-04-22T16:00:00+00:00,19.27,27.12
Telavi,41.6243,42.3656,2027-04-22T17:00:00+00:00,20.57,28.66
Kutaisi,41.3828,41.7477,2027-04-22T18:00:00+00:00,-0.45,65.82
Tbilisi,41.1967,41.3082,2027-04-22T19:00:00+00:00,7.59,29.62
Tbilisi,41.7186,45.1441,2027-04-22T20:00:00+00:00,16.34,31.96
Batumi,41.5796,43.7157,2027-04-22T21:00:00+00:00,32.36,88.1
Batumi,41.2951,44.6326,2027-04-22T22:00:00+00:00,24.39,37.63
Batumi,42.8853,43.3831,2027-04-22T23:00:00+00:00,-1.73,36.99
Batumi,41.0201,41.6972,2027-04-23T00:00:00+00:00,4.88,78.45
Kutaisi,41.3179,43.6845,2027-04-23T01:00:00+00:00,12.64,22.75
Telavi,41.9482,41.1482,2027-04-23T02:00:00+00:00,25.91,63.34
Batumi,42.3036,44.1724,2027-04-23T03:00:00+00:00,21.44,61.3
Telavi,42.2796,45.5496,2027-04-23T04:00:00+00:00,12.06,47.66
Telavi,41.6048,45.8567,2027-04-23T05:00:00+00:00,23.03,82.7
Telavi,41.9736,41.6705,2027-04-23T06:00:00+00:00,-3.41,65.52
Batumi,42.587,45.2142,2027-04-23T07:00:00+00:00,-2.93,36.88
Batumi,42.3979,45.4123,2027-04-23T08:00:00+00:00,9.81,25.11
Telavi,42.9331,41.7232,2027-04-23T09:00:00+00:00,26.93,76.3
Batumi,41.6893,41.9142,2027-04-23T10:00:00+00:00,8.85,81.98
Telavi,42.4899,44.3321,2027-04-23T11:00:00+00:00,16.27,66.96
Batumi,41.9708,45.22,2027-04-23T12:00:00+00:00,25.1,86.75
Batumi,42.1619,42.5953,2027-04-23T13:00:00+00:00,2.41,58.89
Tbilisi,42.6099,41.8463,2027-04-23T14:00:00+00:00,32.12,60.36
Telavi,42.2962,45.8512,2027-04-23T15:00:00+00:00,20.06,74.39
Telavi,42.0986,43.1324,2027-04-23T16:00:00+00:00,-4.15,81.92
Tbilisi,41.5484,44.2536,2027-04-23T17:00:00+00:00,4.29,83.27
Telavi,42.5465,42.1549,2027-04-23T18:00:00+00:00,15.84,62.15
Batumi,41.1416,41.4032,2027-04-23T19:00:00+00:00,12.06,60.5
Batumi,42.3489,44.254,2027-04-23T20:00:00+00:00,7.75,41.87
Telavi,42.4398,42.7309,2027-04-23T21:00:00+00:00,27.6,88.84
Tbilisi,41.9912,42.8748,2027-04-23T22:00:00+00:00,23.93,58.61
Kutaisi,42.1327,44.2931,2027-04-23T23:00:00+00:00,19.38,75.47
Telavi,41.3956,42.7325,2027-04-24T00:00:00+00:00,10.12,49.13
Telavi,41.2505,41.3535,2027-04-24T01:00:00+00:00,16.87,20.8
Kutaisi,42.8239,42.792,2027-04-24T02:00:00+00:00,19.44,77.62
Kutaisi,42.4797,42.3895,2027-04-24T03:00:00+00:00,1.85,83.02
Kutaisi,41.6733,41.9807,2027-04-24T04:00:00+00:00,28.84,33.22
Tbilisi,42.485,44.0617,2027-04-24T05:00:00+00:00,9.04,26.74
Telavi,41.4163,44.4438,2027-04-24T06:00:00+00:00,-0.61,72.34
Tbilisi,41.0518,43.0536,2027-04-24T07:00:00+00:00,7.34,27.51
Batumi,42.9547,45.0334,2027-04-24T08:00:00+00:00,12.16,48.13
Kutaisi,42.4683,41.0491,2027-04-24T09:00:00+00:00,29.14,71.38
Kutaisi,41.1298,42.1868,2027-04-24T10:00:00+00:00,30.32,83.39
Batumi,41.4745,41.6715,2027-04-24T11:00:00+00:00,29.65,54.08
Telavi,42.7368,45.7889,2027-04-24T12:00:00+00:00,34.72,33.91
Batumi,41.433,45.1277,2027-04-24T13:00:00+00:00,-0.52,56.12
Telavi,41.1263,44.9623,2027-04-24T14:00:00+00:00,16.05,63.55
Batumi,41.7066,45.3036,2027-04-24T15:00:00+00:00,21.99,71.92
Kutaisi,42.7547,45.7711,2027-04-24T16:00:00+00:00,-0.2,83.22
Telavi,42.4984,45.74,2027-04-24T17:00:00+00:00,11.92,73.02
Telavi,42.7823,42.0873,2027-04-24T18:00:00+00:00,-1.49,62.44
Batumi,41.4772,45.9401,2027-04-24T19:00:00+00:00,30.91,89.74
Telavi,41.3239,42.2037,2027-04-24T20:00:00+00:00,27.66,71.24
Kutaisi,42.5629,43.9073,2027-04-24T21:00:00+00:00,5.38,78.14
Tbilisi,41.4698,45.6389,2027-04-24T22:00:00+00:00,-1.18,76.08
Batumi,42.41,42.4892,2027-04-24T23:00:00+00:00,33.07,70.07
Tbilisi,42.8354,41.6449,2027-04-25T00:00:00+00:00,15.03,41.32
Kutaisi,41.0475,41.4362,2027-04-25T01:00:00+00:00,-3.18,56.25
Telavi,41.1254,44.172,2027-04-25T02:00:00+00:00,13.82,51.19
Batumi,41.3674,41.3212,2027-04-25T03:00:00+00:00,17.71,60.18
Tbilisi,41.4192,41.6418,2027-04-25T04:00:00+00:00,-4.18,33.14
Kutaisi,42.3286,42.2791,2027-04-25T05:00:00+00:00,23.97,41.48
Batumi,41.2089,43.0568,2027-04-25T06:00:00+00:00,-2.35,23.15
Tbilisi,41.5885,42.9755,2027-04-25T07:00:00+00:00,-2.37,64.03
Tbilisi,41.3986,42.1721,2027-04-25T08:00:00+00:00,9.66,87.2
Telavi,42.1424,41.6658,2027-04-25T09:00:00+00:00,23.83,73.19
Batumi,42.3693,41.6395,2027-04-25T10:00:00+00:00,4.28,87.21
Telavi,42.51,45.9776,2027-04-25T11:00:00+00:00,13.57,65.99
Telavi,41.7555,44.9055,2027-04-25T12:00:00+00:00,23.43,76.05
Telavi,42.4306,45.5311,2027-04-25T13:00:00+00:00,27.93,54.38
Telavi,42.4711,45.5891,2027-04-25T14:00:00+00:00,29.59,35.24
Telavi,41.9294,41.3823,2027-04-25T15:00:00+00:00,26.59,62.45
Tbilisi,42.0661,43.8688,2027-04-25T16:00:00+00:00,19.59,65.03
Batumi,41.0834,43.5334,2027-04-25T17:00:00+00:00,3.99,39.24
Tbilisi,42.1739,42.5954,2027-04-25T18:00:00+00:00,24.57,48.69
Tbilisi,42.2904,44.9518,2027-04-25T19:00:00+00:00,28.13,35.63
Tbilisi,42.0771,45.4941,2027-04-25T20:00:00+00:00,-3.78,87.33
Telavi,42.5577,44.6396,2027-04-25T21:00:00+00:00,-3.4,63.85
Tbilisi,41.6957,43.4223,2027-04-25T22:00:00+00:00,7.76,43.2
Batumi,42.8143,41.5302,2027-04-25T23:00:00+00:00,34.38,64.63
Batumi,42.3233,44.6015,2027-04-26T00:00:00+00:00,-3.68,83.04
Kutaisi,42.2019,44.836,2027-04-26T01:00:00+00:00,18.34,51.36
Kutaisi,41.5033,45.7158,2027-04-26T02:00:00+00:00,4.12,41.98
Telavi,42.7928,41.0422,2027-04-26T03:00:00+00:00,34.08,71.72
Tbilisi,42.5355,41.9861,2027-04-26T04:00:00+00:00,17.36,39.54
Tbilisi,42.3736,42.7318,2027-04-26T05:00:00+00:00,22.3,44.38
Kutaisi,42.5115,44.3688,2027-04-26T06:00:00+00:00,5.68,85.59
Tbilisi,41.9004,45.6953,2027-04-26T07:00:00+00:00,15.65,61.54
Telavi,41.9121,44.4927,2027-04-26T08:00:00+00:00,15.13,56.79
Batumi,42.2887,45.4874,2027-04-26T09:00:00+00:00,0.42,88.14
Tbilisi,42.5246,41.1564,2027-04-26T10:00:00+00:00,-3.45,74.57
Tbilisi,42.8511,41.1083,2027-04-26T11:00:00+00:00,25.24,41.72
Tbilisi,42.9743,44.9115,2027-04-26T12:00:00+00:00,6.8,27.4
Telavi,41.7341,43.4589,2027-04-26T13:00:00+00:00,22.71,82.48
Kutaisi,41.1896,45.4386,2027-04-26T14:00:00+00:00,33.1,88.99
Telavi,41.8177,41.4091,2027-04-26T15:00:00+00:00,11.74,86.57
Batumi,42.9199,41.6304,2027-04-26T16:00:00+00:00,6.69,77.66
Telavi,41.1186,42.2938,2027-04-26T17:00:00+00:00,16.94,52.9
Tbilisi,42.6104,45.8983,2027-04-26T18:00:00+00:00,15.08,52.63
Tbilisi,41.4619,41.7852,2027-04-26T19:00:00+00:00,13.53,23.29
Kutaisi,42.3192,42.1206,2027-04-26T20:00:00+00:00,25.19,52.45
Batumi,41.6159,42.881,2027-04-26T21:00:00+00:00,11.93,57.11
Telavi,42.3145,42.2818,2027-04-26T22:00:00+00:00,27.45,67.55
Batumi,42.2782,41.2852,2027-04-26T23:00:00+00:00,26.92,35.93
Tbilisi,42.6056,43.2116,2027-04-27T00:00:00+00:00,18.79,71.85
Batumi,41.5222,45.2074,2027-04-27T01:00:00+00:00,1.43,52.7
Kutaisi,42.7101,41.6061,2027-04-27T02:00:00+00:00,32.16,67.61
Tbilisi,41.1865,43.13,2027-04-27T03:00:00+00:00,34.1,37.15
Batumi,41.1675,42.3214,2027-04-27T04:00:00+00:00,9.29,46.53
Kutaisi,41.1938,44.9357,2027-04-27T05:00:00+00:00,1.64,45.7
Tbilisi,42.7951,43.3731,2027-04-27T06:00:00+00:00,-4.14,38.99
Telavi,41.5416,44.6442,2027-04-27T07:00:00+00:00,1.18,82.18
Telavi,41.592,45.8625,2027-04-27T08:00:00+00:00,26.76,74.74
Kutaisi,41.42,41.6904,2027-04-27T09:00:00+00:00,-1.34,65.46
Batumi,41.411,41.3652,2027-04-27T10:00:00+00:00,8.46,27.65
Tbilisi,41.2271,45.1798,2027-04-27T11:00:00+00:00,31.04,64.81
Tbilisi,41.7584,43.444,2027-04-27T12:00:00+00:00,4.91,48.14
Batumi,41.1055,41.1652,2027-04-27T13:00:00+00:00,29.85,32.36
Kutaisi,41.5296,44.2336,2027-04-27T14:00:00+00:00,11.95,84.92
Batumi,42.4965,42.8277,2027-04-27T15:00:00+00:00,3.01,38.59
Batumi,41.6319,43.1221,2027-04-27T16:00:00+00:00,-0.05,48.66
Kutaisi,42.3362,44.1059,2027-04-27T17:00:00+00:00,23.62,41.78
Batumi,41.8262,44.5089,2027-04-27T18:00:00+00:00,16.36,79.57
Kutaisi,41.6292,43.1929,2027-04-27T19:00:00+00:00,25.96,81.45
Batumi,41.803,41.6363,2027-04-27T20:00:00+00:00,20.65,45.81
Tbilisi,41.5394,44.0602,2027-04-27T21:00:00+00:00,27.68,65.98
Tbilisi,41.3659,41.9575,2027-04-27T22:00:00+00:00,2.79,58.86
Batumi,42.651,43.5559,2027-04-27T23:00:00+00:00,22.75,86.43
Kutaisi,42.7518,41.857,2027-04-28T00:00:00+00:00,15.71,43.52
Telavi,41.6323,45.3643,2027-04-28T01:00:00+00:00,23.64,55.59
Telavi,42.6166,42.8036,2027-04-28T02:00:00+00:00,26.53,77.57
Batumi,41.7163,42.4025,2027-04-28T03:00:00+00:00,23.05,54.46
Telavi,41.5062,44.893,2027-04-28T04:00:00+00:00,5.94,47.34
Batumi,41.0678,43.1357,2027-04-28T05:00:00+00:00,27.27,23.42
Tbilisi,41.7731,43.6604,2027-04-28T06:00:00+00:00,15.44,29.5
Kutaisi,42.0927,41.6295,2027-04-28T07:00:00+00:00,24.67,52.02
Kutaisi,42.6047,43.4842,2027-04-28T08:00:00+00:00,18.75,74.96
Kutaisi,42.8064,45.3267,2027-04-28T09:00:00+00:00,21.13,46.59
Tbilisi,41.2794,41.1107,2027-04-28T10:00:00+00:00,28.86,21.71
Batumi,42.7194,42.2664,2027-04-28T11:00:00+00:00,34.11,71.18
Telavi,41.087,44.7783,2027-04-28T12:00:00+00:00,-2.58,78.37
Batumi,41.2827,44.1612,2027-04-28T13:00:00+00:00,5.11,22.18
Batumi,41.7943,41.6804,2027-04-28T14:00:00+00:00,21.74,82.49
Tbilisi,42.4133,42.4832,2027-04-28T15:00:00+00:00,-0.02,47.6
Tbilisi,41.4352,42.8587,2027-04-28T16:00:00+00:00,20.96,36.18
Kutaisi,41.4931,44.1731,2027-04-28T17:00:00+00:00,15.34,57.18
Kutaisi,42.8757,43.2996,2027-04-28T18:00:00+00:00,17.93,30.87
Batumi,41.8548,44.9318,2027-04-28T19:00:00+00:00,14.98,83.72
Telavi,42.4518,42.6806,2027-04-28T20:00:00+00:00,26.94,62.31
Kutaisi,42.4225,42.7702,2027-04-28T21:00:00+00:00,13.26,55.5
Tbilisi,41.3466,44.6257,2027-04-28T22:00:00+00:00,24.03,54.51
Kutaisi,42.3621,45.3158,2027-04-28T23:00:00+00:00,27.04,50.76
Tbilisi,42.0582,41.6636,2027-04-29T00:00:00+00:00,0.8,67.79
Tbilisi,41.3228,43.9985,2027-04-29T01:00:00+00:00,3.35,80.37
Batumi,41.9516,41.5118,2027-04-29T02:00:00+00:00,11.35,77.1
Tbilisi,42.5329,42.3839,2027-04-29T03:00:00+00:00,-3.38,70.99
Telavi,41.6727,42.8329,2027-04-29T04:00:00+00:00,-1.77,58.67
Batumi,42.0093,45.785,2027-04-29T05:00:00+00:00,33.59,44.52
Batumi,42.4147,45.0233,2027-04-29T06:00:00+00:00,16.28,62.22
Tbilisi,41.9537,44.2492,2027-04-29T07:00:00+00:00,22.17,43.7
Kutaisi,41.3394,45.7316,2027-04-29T08:00:00+00:00,16.04,70.27
Batumi,41.8847,45.6563,2027-04-29T09:00:00+00:00,11.8,53.71
Kutaisi,41.3651,44.1248,2027-04-29T10:00:00+00:00,7.73,38.55
Batumi,42.6398,45.9739,2027-04-29T11:00:00+00:00,13.27,71.2
Batumi,42.4309,43.6001,2027-04-29T12:00:00+00:00,3.64,49.28
Batumi,41.1596,45.7926,2027-04-29T13:00:00+00:00,-0.21,20.83
Telavi,41.0028,43.2051,2027-04-29T14:00:00+00:00,1.61,38.02
Kutaisi,42.9075,44.4845,2027-04-29T15:00:00+00:00,10.41,81.4
Telavi,42.9425,45.6322,2027-04-29T16:00:00+00:00,8.73,81.22
Tbilisi,41.7224,42.7824,2027-04-29T17:00:00+00:00,4.95,87.87
Kutaisi,41.363,43.8016,2027-04-29T18:00:00+00:00,17.38,24.58
Telavi,41.444,44.3263,2027-04-29T19:00:00+00:00,17.73,45.29
Telavi,42.2454,45.2065,2027-04-29T20:00:00+00:00,13.68,79.5
Batumi,41.2109,41.6509,2027-04-29T21:00:00+00:00,14.05,33.49
Kutaisi,42.8827,44.7104,2027-04-29T22:00:00+00:00,15.69,23.62
Batumi,42.3687,43.2693,2027-04-29T23:00:00+00:00,31.5,46.12
Tbilisi,42.051,43.0599,2027-04-30T00:00:00+00:00,23.65,20.02
Tbilisi,41.9441,41.8641,2027-04-30T01:00:00+00:00,17.43,63.98
Tbilisi,42.7428,45.7188,2027-04-30T02:00:00+00:00,-0.15,60.9
Kutaisi,41.6943,42.2266,2027-04-30T03:00:00+00:00,34.84,68.98
Telavi,42.5449,41.657,2027-04-30T04:00:00+00:00,3.39,76.9
Telavi,42.8922,41.5749,2027-04-30T05:00:00+00:00,9.43,75.27
Tbilisi,41.3954,41.9831,2027-04-30T06:00:00+00:00,27.76,58.56
Tbilisi,42.5887,45.3186,2027-04-30T07:00:00+00:00,30.44,39.81
Tbilisi,41.9297,41.0589,2027-04-30T08:00:00+00:00,33.19,71.4
Tbilisi,42.8936,45.6638,2027-04-30T09:00:00+00:00,-3.12,55.93
Telavi,41.9872,42.7477,2027-04-30T10:00:00+00:00,23.03,53.92
Kutaisi,42.3655,42.6904,2027-04-30T11:00:00+00:00,34.64,61.14
Tbilisi,41.6073,41.2155,2027-04-30T12:00:00+00:00,19.74,83.61
Batumi,42.8025,42.9541,2027-04-30T13:00:00+00:00,19.88,67.4
Batumi,41.8906,43.5085,2027-04-30T14:00:00+00:00,33.22,27.31
Tbilisi,41.5761,44.449,2027-04-30T15:00:00+00:00,-3.43,75.53
Batumi,42.3026,42.352,2027-04-30T16:00:00+00:00,21.49,83.93
Kutaisi,42.8133,41.7312,2027-04-30T17:00:00+00:00,14.48,47.02
Batumi,42.8581,44.0239,2027-04-30T18:00:00+00:00,3.05,60.18
Kutaisi,41.2132,44.9206,2027-04-30T19:00:00+00:00,31.86,70.04
Telavi,41.8983,45.8433,2027-04-30T20:00:00+00:00,12.66,82.61
Telavi,42.1273,44.6789,2027-04-30T21:00:00+00:00,29.6,68.75
Kutaisi,42.0658,43.2326,2027-04-30T22:00:00+00:00,19.82,87.04
Tbilisi,41.1092,44.2281,2027-04-30T23:00:00+00:00,32.49,52.04
Batumi,42.9567,42.4485,2027-05-01T00:00:00+00:00,-1.33,51.33
Batumi,42.3062,43.2501,2027-05-01T01:00:00+00:00,19.45,42.19
Telavi,41.9454,41.3624,2027-05-01T02:00:00+00:00,1.4,60.25
Tbilisi,41.8623,42.3298,2027-05-01T03:00:00+00:00,22.03,61.83
Batumi,42.8526,42.2934,2027-05-01T04:00:00+00:00,4.87,85.55
Tbilisi,41.5408,41.0137,2027-05-01T05:00:00+00:00,-3.43,63.98
Batumi,41.778,41.3414,2027-05-01T06:00:00+00:00,15.36,51.29
Telavi,42.5727,41.8922,2027-05-01T07:00:00+00:00,12.28,68.81
Batumi,42.5137,45.1684,2027-05-01T08:00:00+00:00,25.94,85.83
Batumi,42.3365,45.7427,2027-05-01T09:00:00+00:00,1.36,86.7
Kutaisi,42.5526,41.589,2027-05-01T10:00:00+00:00,9.57,82.37
Batumi,42.978,41.7715,2027-05-01T11:00:00+00:00,4.97,21.88
Kutaisi,41.9157,43.5297,2027-05-01T12:00:00+00:00,18.04,75.14
Tbilisi,41.7348,41.7093,2027-05-01T13:00:00+00:00,7.2,43.83
Telavi,41.7613,41.0345,2027-05-01T14:00:00+00:00,16.59,70.68
Tbilisi,42.7509,42.6682,2027-05-01T15:00:00+00:00,14.64,57.64
Telavi,42.3067,41.2309,2027-05-01T16:00:00+00:00,33.15,22.16
Kutaisi,41.1463,45.5511,2027-05-01T17:00:00+00:00,4.84,64.58
Kutaisi,42.3085,41.625,2027-05-01T18:00:00+00:00,15.62,50.36
Kutaisi,42.2331,44.3983,2027-05-01T19:00:00+00:00,34.92,51.07
Telavi,42.6327,41.1381,2027-05-01T20:00:00+00:00,14.93,23.05
Tbilisi,41.0498,42.3618,2027-05-01T21:00:00+00:00,10.09,78.21
Batumi,41.495,43.2257,2027-05-01T22:00:00+00:00,34.71,74.88
Tbilisi,42.4591,44.3024,2027-05-01T23:00:00+00:00,34.67,82.42
Kutaisi,41.394,43.7991,2027-05-02T00:00:00+00:00,-1.7,70.97
Telavi,41.4767,45.5521,2027-05-02T01:00:00+00:00,13.34,33.05
Tbilisi,42.8131,45.4602,2027-05-02T02:00:00+00:00,23.31,76.0
Tbilisi,42.4781,42.2748,2027-05-02T03:00:00+00:00,9.99,55.11
Telavi,41.2439,41.7462,2027-05-02T04:00:00+00:00,25.41,70.71
Kutaisi,41.1341,41.8517,2027-05-02T05:00:00+00:00,15.24,81.77
Tbilisi,41.5014,44.629,2027-05-02T06:00:00+00:00,19.17,55.04
Batumi,41.8365,44.544,2027-05-02T07:00:00+00:00,22.44,32.04
Batumi,41.2727,44.5688,2027-05-02T08:00:00+00:00,18.05,60.97
Batumi,41.2453,43.8159,2027-05-02T09:00:00+00:00,-4.05,52.27
Tbilisi,41.4232,45.8492,2027-05-02T10:00:00+00:00,21.47,20.47
Kutaisi,42.8962,42.2928,2027-05-02T11:00:00+00:00,26.22,49.39
Telavi,41.1421,45.1502,2027-05-02T12:00:00+00:00,21.67,27.73
Telavi,42.2998,42.8994,2027-05-02T13:00:00+00:00,-4.72,42.1
Batumi,42.1535,45.4597,2027-05-02T14:00:00+00:00,11.07,77.32
Kutaisi,41.7412,44.2645,2027-05-02T15:00:00+00:00,14.66,75.08
Telavi,42.5037,42.9975,2027-05-02T16:00:00+00:00,9.9,53.17
Telavi,41.7697,45.3066,2027-05-02T17:00:00+00:00,14.23,47.58
Kutaisi,41.2514,43.5007,2027-05-02T18:00:00+00:00,24.5,43.94
Batumi,42.1722,42.5543,2027-05-02T19:00:00+00:00,30.22,84.86
Tbilisi,41.982,41.3101,2027-05-02T20:00:00+00:00,17.93,57.61
Telavi,42.0584,43.9664,2027-05-02T21:00:00+00:00,15.05,89.72
Telavi,41.7212,44.702,2027-05-02T22:00:00+00:00,0.67,20.35
Tbilisi,42.3739,43.7701,2027-05-02T23:00:00+00:00,22.69,48.99
Batumi,42.1898,43.681,2027-05-03T00:00:00+00:00,26.35,36.25
Telavi,42.5702,42.3781,2027-05-03T01:00:00+00:00,-2.53,76.03
Batumi,41.6106,45.3042,2027-05-03T02:00:00+00:00,12.27,60.89
Batumi,41.3245,45.3336,2027-05-03T03:00:00+00:00,5.28,23.89
Tbilisi,42.088,41.9496,2027-05-03T04:00:00+00:00,17.67,82.84
Batumi,42.6416,45.4842,2027-05-03T05:00:00+00:00,-0.66,27.84
Kutaisi,42.3372,43.0024,2027-05-03T06:00:00+00:00,5.06,57.22
Kutaisi,42.0461,42.5989,2027-05-03T07:00:00+00:00,0.34,40.27
Batumi,42.139,41.5217,2027-05-03T08:00:00+00:00,-2.01,33.5
Telavi,42.8728,42.7322,2027-05-03T09:00:00+00:00,23.3,56.63
Kutaisi,41.1457,43.2653,2027-05-03T10:00:00+00:00,17.87,58.23
Telavi,42.4252,41.445,2027-05-03T11:00:00+00:00,4.66,44.44
Telavi,42.9105,45.5693,2027-05-03T12:00:00+00:00,12.28,81.37
Batumi,42.6158,43.713,2027-05-03T13:00:00+00:00,27.22,44.88
Telavi,42.3286,41.3415,2027-05-03T14:00:00+00:00,21.13,84.64
Kutaisi,42.8891,42.9354,2027-05-03T15:00:00+00:00,-3.16,28.59
Tbilisi,42.5498,45.5806,2027-05-03T16:00:00+00:00,12.29,38.46
Telavi,42.8685,42.5326,2027-05-03T17:00:00+00:00,13.82,69.26
Batumi,42.1838,42.9667,2027-05-03T18:00:00+00:00,30.41,85.51
Kutaisi,41.2748,43.6261,2027-05-03T19:00:00+00:00,9.48,28.18
Telavi,41.3825,43.4069,2027-05-03T20:00:00+00:00,24.08,62.43
Tbilisi,41.1809,45.3886,2027-05-03T21:00:00+00:00,0.24,89.16
Telavi,42.6264,44.0336,2027-05-03T22:00:00+00:00,-2.67,75.06
Kutaisi,42.7121,44.706,2027-05-03T23:00:00+00:00,29.55,78.57
Batumi,42.0801,44.302,2027-05-04T00:00:00+00:00,1.35,84.06
Tbilisi,42.5517,45.0083,2027-05-04T01:00:00+00:00,20.48,60.05
Kutaisi,42.7981,44.655,2027-05-04T02:00:00+00:00,10.31,77.84
Kutaisi,41.8341,41.9144,2027-05-04T03:00:00+00:00,-3.57,47.35
Telavi,41.8161,44.1608,2027-05-04T04:00:00+00:00,4.43,34.85
Kutaisi,41.0729,41.7783,2027-05-04T05:00:00+00:00,2.54,29.2
Batumi,41.6461,44.368,2027-05-04T06:00:00+00:00,-1.35,39.36
Batumi,41.1073,43.4726,2027-05-04T07:00:00+00:00,7.53,79.86
Kutaisi,41.1311,42.3683,2027-05-04T08:00:00+00:00,1.38,29.88
Kutaisi,42.0584,41.9481,2027-05-04T09:00:00+00:00,32.92,23.45
Kutaisi,41.7381,44.7998,2027-05-04T10:00:00+00:00,24.83,34.87
Batumi,42.8833,43.5775,2027-05-04T11:00:00+00:00,29.2,64.78
Telavi,41.0489,42.325,2027-05-04T12:00:00+00:00,-4.84,84.95
Batumi,41.1721,45.5365,2027-05-04T13:00:00+00:00,-4.52,53.9
Batumi,41.4712,42.6427,2027-05-04T14:00:00+00:00,22.58,85.71
Batumi,42.513,43.4448,2027-05-04T15:00:00+00:00,20.18,35.44
Telavi,41.7092,42.2863,2027-05-04T16:00:00+00:00,10.91,50.63
Telavi,41.7139,45.7351,2027-05-04T17:00:00+00:00,8.5,41.7
Tbilisi,41.5762,45.688,2027-05-04T18:00:00+00:00,2.19,47.27
Telavi,41.2115,45.4566,2027-05-04T19:00:00+00:00,4.88,35.2
Batumi,42.2144,41.8962,2027-05-04T20:00:00+00:00,23.31,78.26
Tbilisi,41.6915,45.6687,2027-05-04T21:00:00+00:00,-1.07,81.93
Batumi,42.2732,43.847,2027-05-04T22:00:00+00:00,12.47,53.08
Kutaisi,42.0085,45.4582,2027-05-04T23:00:00+00:00,27.49,53.12
Batumi,42.4097,45.1612,2027-05-05T00:00:00+00:00,-2.21,29.21
Tbilisi,41.4421,45.5948,2027-05-05T01:00:00+00:00,22.55,27.67
Telavi,41.6933,42.2121,2027-05-05T02:00:00+00:00,22.87,45.38
Telavi,42.3359,41.4377,2027-05-05T03:00:00+00:00,6.51,32.65
Tbilisi,41.8428,44.3667,2027-05-05T04:00:00+00:00,34.32,22.35
Telavi,42.7127,44.6082,2027-05-05T05:00:00+00:00,8.01,26.22
Tbilisi,42.4343,45.1708,2027-05-05T06:00:00+00:00,2.58,37.58
Batumi,41.7846,42.4505,2027-05-05T07:00:00+00:00,3.41,31.23
Telavi,42.1765,42.2644,2027-05-05T08:00:00+00:00,1.25,73.21
Tbilisi,42.2631,43.3169,2027-05-05T09:00:00+00:00,1.01,84.39
Telavi,41.7959,43.5011,2027-05-05T10:00:00+00:00,7.77,52.33
Tbilisi,42.6944,43.5364,2027-05-05T11:00:00+00:00,30.3,51.22
Kutaisi,42.3373,41.5321,2027-05-05T12:00:00+00:00,19.06,35.28
Kutaisi,41.4361,41.0713,2027-05-05T13:00:00+00:00,18.52,82.97
Telavi,41.4234,45.8773,2027-05-05T14:00:00+00:00,8.68,71.16
Telavi,42.2908,43.3792,2027-05-05T15:00:00+00:00,12.84,43.15
Telavi,41.7394,43.0659,2027-05-05T16:00:00+00:00,14.18,58.69
Kutaisi,42.9279,44.2711,2027-05-05T17:00:00+00:00,4.65,39.2
Telavi,42.2754,42.1011,2027-05-05T18:00:00+00:00,23.47,77.4
Kutaisi,42.297,45.8607,2027-05-05T19:00:00+00:00,21.81,79.9
Kutaisi,42.8765,44.8561,2027-05-05T20:00:00+00:00,8.37,72.4
Batumi,41.6658,43.3277,2027-05-05T21:00:00+00:00,14.8,41.95
Tbilisi,42.6353,43.5734,2027-05-05T22:00:00+00:00,-0.67,71.04
Telavi,41.7918,44.3731,2027-05-05T23:00:00+00:00,9.36,77.19
Kutaisi,42.8262,43.0419,2027-05-06T00:00:00+00:00,26.56,20.88
Batumi,42.4107,43.2385,2027-05-06T01:00:00+00:00,7.59,32.76
Telavi,42.4735,43.5792,2027-05-06T02:00:00+00:00,20.5,26.18
Batumi,41.368,45.4365,2027-05-06T03:00:00+00:00,8.04,71.26
Kutaisi,41.7063,45.589,2027-05-06T04:00:00+00:00,20.36,78.74
Batumi,41.9063,41.6523,2027-05-06T05:00:00+00:00,14.39,48.92
Kutaisi,41.1402,41.7196,2027-05-06T06:00:00+00:00,12.19,34.98
Batumi,42.2377,43.3593,2027-05-06T07:00:00+00:00,16.8,35.45
Telavi,41.3105,43.9517,2027-05-06T08:00:00+00:00,0.71,21.13
Batumi,41.7234,44.786,2027-05-06T09:00:00+00:00,7.46,88.53
Batumi,42.2122,41.831,2027-05-06T10:00:00+00:00,20.52,22.31
Kutaisi,42.1355,45.4888,2027-05-06T11:00:00+00:00,17.28,21.79
Telavi,42.3537,44.3381,2027-05-06T12:00:00+00:00,27.4,33.87
Tbilisi,42.8423,43.3392,2027-05-06T13:00:00+00:00,32.35,66.15
Kutaisi,42.503,43.0144,2027-05-06T14:00:00+00:00,22.48,21.68
Telavi,42.0116,42.5535,2027-05-06T15:00:00+00:00,10.97,88.64
Telavi,42.2151,44.4392,2027-05-06T16:00:00+00:00,3.88,85.05
Tbilisi,42.36,43.8253,2027-05-06T17:00:00+00:00,7.37,56.26
Batumi,42.7576,44.717,2027-05-06T18:00:00+00:00,31.22,21.15
Kutaisi,41.6708,41.9038,2027-05-06T19:00:00+00:00,26.49,49.9
Telavi,42.5855,42.885,2027-05-06T20:00:00+00:00,17.62,79.52
Batumi,42.6144,44.8903,2027-05-06T21:00:00+00:00,8.1,71.41
Batumi,41.9757,44.16,2027-05-06T22:00:00+00:00,7.17,77.95
Telavi,42.8436,45.1002,2027-05-06T23:00:00+00:00,19.23,31.6
Tbilisi,42.4553,42.3524,2027-05-07T00:00:00+00:00,2.07,74.67
Batumi,41.5066,42.257,2027-05-07T01:00:00+00:00,30.11,50.13
Telavi,41.2107,42.7672,2027-05-07T02:00:00+00:00,32.49,40.88
Telavi,41.1739,41.241,2027-05-07T03:00:00+00:00,10.14,55.92
Batumi,42.0043,43.7445,2027-05-07T04:00:00+00:00,25.31,72.23
Telavi,42.8853,44.0804,2027-05-07T05:00:00+00:00,1.78,88.03
Kutaisi,42.779,44.7696,2027-05-07T06:00:00+00:00,22.21,75.74
Kutaisi,41.1668,45.7854,2027-05-07T07:00:00+00:00,19.86,42.68
Tbilisi,41.4591,42.4985,2027-05-07T08:00:00+00:00,-3.12,59.3
Batumi,42.3908,42.1767,2027-05-07T09:00:00+00:00,-0.94,37.33
Tbilisi,41.2426,43.8965,2027-05-07T10:00:00+00:00,2.62,52.82
Tbilisi,42.609,44.227,2027-05-07T11:00:00+00:00,26.6,34.24
Telavi,42.2049,44.9252,2027-05-07T12:00:00+00:00,20.27,62.69
Tbilisi,41.1821,44.3672,2027-05-07T13:00:00+00:00,1.31,85.13
Tbilisi,41.1536,42.0753,2027-05-07T14:00:00+00:00,15.05,45.69
Tbilisi,41.0118,41.7664,2027-05-07T15:00:00+00:00,18.2,45.47
Batumi,41.1464,41.9742,2027-05-07T16:00:00+00:00,27.55,47.65
Batumi,42.3578,42.4554,2027-05-07T17:00:00+00:00,-4.81,58.73
Tbilisi,41.3359,41.2275,2027-05-07T18:00:00+00:00,4.78,58.45
Telavi,41.9678,41.1748,2027-05-07T19:00:00+00:00,-0.5,63.57
Tbilisi,42.7951,45.7429,2027-05-07T20:00:00+00:00,-1.09,74.13
Telavi,42.2712,42.9943,2027-05-07T21:00:00+00:00,18.01,68.25
Tbilisi,42.3983,44.4513,2027-05-07T22:00:00+00:00,21.25,64.72
Tbilisi,42.9024,42.8811,2027-05-07T23:00:00+00:00,8.71,87.16
Batumi,42.6417,41.8708,2027-05-08T00:00:00+00:00,6.76,41.62
Batumi,41.5144,42.0936,2027-05-08T01:00:00+00:00,29.55,83.68
Telavi,41.2275,45.5657,2027-05-08T02:00:00+00:00,7.5,70.31
Kutaisi,41.8707,41.5763,2027-05-08T03:00:00+00:00,13.61,63.84
Telavi,41.0216,43.4132,2027-05-08T04:00:00+00:00,16.32,33.05
Tbilisi,42.6875,41.2661,2027-05-08T05:00:00+00:00,19.93,65.98
Tbilisi,42.7221,43.7266,2027-05-08T06:00:00+00:00,24.08,39.81
Tbilisi,41.3574,42.0245,2027-05-08T07:00:00+00:00,-0.47,66.62
Tbilisi,41.05,45.3056,2027-05-08T08:00:00+00:00,29.82,35.03
Kutaisi,42.3958,43.7319,2027-05-08T09:00:00+00:00,0.55,71.52
Kutaisi,41.3738,43.2543,2027-05-08T10:00:00+00:00,1.41,30.33
Tbilisi,42.7681,41.4413,2027-05-08T11:00:00+00:00,-0.53,50.57
Kutaisi,42.4511,41.8281,2027-05-08T12:00:00+00:00,33.18,72.16
Batumi,42.7811,43.4705,2027-05-08T13:00:00+00:00,-3.94,72.45
Tbilisi,41.8018,43.5277,2027-05-08T14:00:00+00:00,-0.48,50.31
Telavi,42.5893,44.7099,2027-05-08T15:00:00+00:00,11.46,29.5
Tbilisi,41.359,41.4793,2027-05-08T16:00:00+00:00,2.55,47.79
Kutaisi,42.508,43.1616,2027-05-08T17:00:00+00:00,4.35,21.1
Batumi,41.0816,43.8669,2027-05-08T18:00:00+00:00,-1.65,68.0
Kutaisi,41.4174,45.2857,2027-05-08T19:00:00+00:00,6.32,67.16
Kutaisi,42.5839,41.388,2027-05-08T20:00:00+00:00,15.88,74.55
Tbilisi,42.3295,41.1373,2027-05-08T21:00:00+00:00,7.89,42.38
Kutaisi,42.0036,41.8191,2027-05-08T22:00:00+00:00,6.65,85.04
Telavi,41.1246,44.9083,2027-05-08T23:00:00+00:00,15.17,50.53
Telavi,41.099,41.0347,2027-05-09T00:00:00+00:00,21.2,35.91
Tbilisi,42.3008,42.9635,2027-05-09T01:00:00+00:00,21.4,78.15
Kutaisi,42.8675,42.1615,2027-05-09T02:00:00+00:00,8.11,82.71
Tbilisi,41.9951,41.8171,2027-05-09T03:00:00+00:00,1.68,64.89
Telavi,41.4847,44.6254,2027-05-09T04:00:00+00:00,16.94,59.53
Tbilisi,42.6935,43.7357,2027-05-09T05:00:00+00:00,4.45,20.76
Tbilisi,41.18,41.7883,2027-05-09T06:00:00+00:00,28.06,37.89
Telavi,42.7908,45.2492,2027-05-09T07:00:00+00:00,16.37,25.11
Tbilisi,41.7278,41.8939,2027-05-09T08:00:00+00:00,-3.34,42.04
Tbilisi,42.3488,44.1902,2027-05-09T09:00:00+00:00,28.28,79.91
Telavi,42.6039,44.5951,2027-05-09T10:00:00+00:00,13.44,66.78
Kutaisi,42.0815,45.6958,2027-05-09T11:00:00+00:00,29.31,59.67
Telavi,42.9043,44.1538,2027-05-09T12:00:00+00:00,-1.42,82.6
Kutaisi,42.6589,43.2392,2027-05-09T13:00:00+00:00,21.41,21.77
Kutaisi,42.086,41.4012,2027-05-09T14:00:00+00:00,4.86,88.79
Tbilisi,42.1551,45.5696,2027-05-09T15:00:00+00:00,-1.01,72.71
Kutaisi,42.6419,42.6763,2027-05-09T16:00:00+00:00,11.27,75.7
Telavi,41.9294,43.0805,2027-05-09T17:00:00+00:00,-2.15,80.24
Batumi,41.5359,42.9955,2027-05-09T18:00:00+00:00,-3.84,53.88
Batumi,42.5803,43.2493,2027-05-09T19:00:00+00:00,7.26,25.26
Telavi,42.74,43.3335,2027-05-09T20:00:00+00:00,26.94,29.03
Batumi,42.331,43.7756,2027-05-09T21:00:00+00:00,5.06,88.96
Batumi,41.6107,43.524,2027-05-09T22:00:00+00:00,1.49,52.23
Batumi,41.6452,41.948,2027-05-09T23:00:00+00:00,0.95,63.21
Kutaisi,42.2722,44.2217,2027-05-10T00:00:00+00:00,2.3,38.74
Telavi,42.5677,42.8038,2027-05-10T01:00:00+00:00,15.08,32.23
Telavi,42.9146,44.097,2027-05-10T02:00:00+00:00,30.06,33.31
Kutaisi,42.4012,45.4587,2027-05-10T03:00:00+00:00,20.08,31.44
Kutaisi,41.06,45.0779,2027-05-10T04:00:00+00:00,4.71,55.21
Telavi,41.3909,44.0321,2027-05-10T05:00:00+00:00,16.14,73.61
Kutaisi,42.0674,42.3328,2027-05-10T06:00:00+00:00,22.09,37.39
Batumi,41.6382,44.794,2027-05-10T07:00:00+00:00,26.84,44.28
Batumi,42.2056,43.7654,2027-05-10T08:00:00+00:00,17.11,66.31
Telavi,41.332,45.8561,2027-05-10T09:00:00+00:00,13.93,43.34
Batumi,42.6609,45.2844,2027-05-10T10:00:00+00:00,30.8,85.74
Batumi,41.113,41.5218,2027-05-10T11:00:00+00:00,11.97,37.21
Tbilisi,41.2334,44.4558,2027-05-10T12:00:00+00:00,0.33,46.21
Batumi,41.5109,44.4452,2027-05-10T13:00:00+00:00,8.73,88.06
Telavi,41.4236,41.8566,2027-05-10T14:00:00+00:00,29.75,58.96
Batumi,42.7738,41.9748,2027-05-10T15:00:00+00:00,13.37,39.83
Kutaisi,41.7276,44.9961,2027-05-10T16:00:00+00:00,-0.31,83.54
Kutaisi,41.4068,45.3563,2027-05-10T17:00:00+00:00,32.36,25.88
Tbilisi,41.9344,42.3257,2027-05-10T18:00:00+00:00,18.03,40.51
Kutaisi,41.9561,42.4441,2027-05-10T19:00:00+00:00,25.61,25.67
Kutaisi,41.3593,44.1273,2027-05-10T20:00:00+00:00,7.01,36.63
Tbilisi,42.7985,41.373,2027-05-10T21:00:00+00:00,19.96,28.61
Telavi,41.5462,43.4556,2027-05-10T22:00:00+00:00,19.42,83.15
Telavi,41.5765,43.9332,2027-05-10T23:00:00+00:00,30.14,89.35
Batumi,41.5064,44.6422,2027-05-11T00:00:00+00:00,7.93,65.63
Telavi,41.7493,44.2257,2027-05-11T01:00:00+00:00,27.48,45.21
Tbilisi,41.1223,42.5804,2027-05-11T02:00:00+00:00,-0.23,45.8
Tbilisi,42.5939,42.1012,2027-05-11T03:00:00+00:00,6.12,81.84
Batumi,42.8348,45.4884,2027-05-11T04:00:00+00:00,-3.05,87.05
Batumi,41.5202,44.7008,2027-05-11T05:00:00+00:00,34.91,21.8
Tbilisi,41.2806,43.0225,2027-05-11T06:00:00+00:00,6.99,86.51
Telavi,42.0701,44.4028,2027-05-11T07:00:00+00:00,34.14,85.78
Kutaisi,41.4112,41.2372,2027-05-11T08:00:00+00:00,27.72,24.97
Kutaisi,42.2638,41.0662,2027-05-11T09:00:00+00:00,11.83,72.04
Telavi,41.2285,41.1324,2027-05-11T10:00:00+00:00,27.36,61.65
Telavi,41.4847,43.2294,2027-05-11T11:00:00+00:00,7.38,27.17
Batumi,42.598,44.979,2027-05-11T12:00:00+00:00,15.75,54.38
Tbilisi,41.7715,41.0448,2027-05-11T13:00:00+00:00,-1.9,74.09
Telavi,41.167,43.9065,2027-05-11T14:00:00+00:00,-0.9,83.03
Kutaisi,41.0045,44.6357,2027-05-11T15:00:00+00:00,2.64,49.07
Tbilisi,42.8195,44.8077,2027-05-11T16:00:00+00:00,2.49,88.8
Batumi,42.1158,45.0568,2027-05-11T17:00:00+00:00,16.65,75.24
Batumi,42.2777,41.5641,2027-05-11T18:00:00+00:00,1.91,58.79
Tbilisi,41.5285,44.5101,2027-05-11T19:00:00+00:00,16.92,29.87
Tbilisi,42.7009,44.0924,2027-05-11T20:00:00+00:00,25.51,63.25
Telavi,42.0105,42.3063,2027-05-11T21:00:00+00:00,-3.7,24.32
Tbilisi,41.5718,42.3913,2027-05-11T22:00:00+00:00,5.79,38.02
Tbilisi,42.2833,42.1142,2027-05-11T23:00:00+00:00,14.53,37.27
Telavi,41.1355,45.8988,2027-05-12T00:00:00+00:00,18.15,31.88
Kutaisi,42.4797,44.5434,2027-05-12T01:00:00+00:00,18.98,51.99
Kutaisi,42.3194,44.4876,2027-05-12T02:00:00+00:00,3.53,72.75
Telavi,42.4047,44.044,2027-05-12T03:00:00+00:00,1.82,36.07
Kutaisi,41.6288,43.3893,2027-05-12T04:00:00+00:00,13.77,77.46
Batumi,41.7799,43.1727,2027-05-12T05:00:00+00:00,13.76,70.39
Tbilisi,41.0807,43.9332,2027-05-12T06:00:00+00:00,19.21,71.08
Tbilisi,41.6329,44.8594,2027-05-12T07:00:00+00:00,27.69,36.09
Tbilisi,42.9505,42.705,2027-05-12T08:00:00+00:00,27.34,71.95
Batumi,42.0615,44.8375,2027-05-12T09:00:00+00:00,20.31,63.33
Telavi,41.8511,41.0754,2027-05-12T10:00:00+00:00,19.7,34.8
Kutaisi,42.353,45.536,2027-05-12T11:00:00+00:00,10.71,83.47
Kutaisi,42.6905,44.986,2027-05-12T12:00:00+00:00,-1.52,26.2
Kutaisi,41.2591,41.826,2027-05-12T13:00:00+00:00,0.47,41.76
Kutaisi,42.8298,43.632,2027-05-12T14:00:00+00:00,30.06,29.15
Kutaisi,41.6905,42.467,2027-05-12T15:00:00+00:00,15.07,88.79
Batumi,41.6433,42.8675,2027-05-12T16:00:00+00:00,8.45,76.08
Batumi,41.9413,43.2658,2027-05-12T17:00:00+00:00,24.2,61.35
Tbilisi,42.6459,44.6137,2027-05-12T18:00:00+00:00,11.69,67.73
Kutaisi,42.5469,42.6137,2027-05-12T19:00:00+00:00,30.84,54.01
Kutaisi,42.1203,44.7474,2027-05-12T20:00:00+00:00,24.07,70.92
Batumi,41.6605,41.8523,2027-05-12T21:00:00+00:00,32.73,85.67
Kutaisi,41.8386,44.9655,2027-05-12T22:00:00+00:00,28.83,23.6
Telavi,42.6109,44.8643,2027-05-12T23:00:00+00:00,29.08,79.63
Batumi,42.2423,43.813,2027-05-13T00:00:00+00:00,25.43,89.44
Kutaisi,42.7547,42.0451,2027-05-13T01:00:00+00:00,19.97,54.74
Tbilisi,41.2844,45.0997,2027-05-13T02:00:00+00:00,21.59,43.76
Tbilisi,41.8753,41.2942,2027-05-13T03:00:00+00:00,5.49,26.28
Tbilisi,42.8827,42.4143,2027-05-13T04:00:00+00:00,11.59,71.79
Telavi,42.7779,42.1069,2027-05-13T05:00:00+00:00,22.79,43.85
Batumi,42.3514,44.0414,2027-05-13T06:00:00+00:00,14.28,69.38
Kutaisi,41.322,42.4216,2027-05-13T07:00:00+00:00,-2.19,29.16
Telavi,42.4957,41.1088,2027-05-13T08:00:00+00:00,-2.62,44.79
Tbilisi,41.7957,42.2303,2027-05-13T09:00:00+00:00,5.54,48.53
Tbilisi,42.0544,43.4909,2027-05-13T10:00:00+00:00,14.84,51.42
Batumi,42.3014,45.5097,2027-05-13T11:00:00+00:00,34.86,82.52
Batumi,42.318,44.4577,2027-05-13T12:00:00+00:00,-3.36,27.17
Tbilisi,41.9619,45.0222,2027-05-13T13:00:00+00:00,27.22,23.38
Batumi,41.4047,45.1414,2027-05-13T14:00:00+00:00,27.14,36.2
Kutaisi,41.5838,41.4342,2027-05-13T15:00:00+00:00,21.0,37.49
Telavi,41.1084,41.9037,2027-05-13T16:00:00+00:00,-4.36,62.34
Batumi,41.1743,43.3561,2027-05-13T17:00:00+00:00,17.13,23.38
Batumi,42.3683,41.3341,2027-05-13T18:00:00+00:00,18.21,85.09
Telavi,42.4497,44.616,2027-05-13T19:00:00+00:00,11.53,85.77
Telavi,41.9098,45.2666,2027-05-13T20:00:00+00:00,8.68,86.79
Telavi,41.6223,42.743,2027-05-13T21:00:00+00:00,8.23,81.99
Batumi,41.5004,45.8137,2027-05-13T22:00:00+00:00,-0.57,43.16
Kutaisi,41.4041,44.8576,2027-05-13T23:00:00+00:00,23.88,27.55
Tbilisi,41.2794,44.1213,2027-05-14T00:00:00+00:00,17.97,46.0
Batumi,42.6452,43.6868,2027-05-14T01:00:00+00:00,24.26,29.47
Batumi,41.3772,45.731,2027-05-14T02:00:00+00:00,-1.71,45.57
Tbilisi,41.6227,44.2741,2027-05-14T03:00:00+00:00,7.6,72.27
Tbilisi,41.929,41.7163,2027-05-14T04:00:00+00:00,5.02,50.25
Telavi,41.0284,43.2001,2027-05-14T05:00:00+00:00,23.69,42.39
Tbilisi,42.4927,42.4848,2027-05-14T06:00:00+00:00,27.6,53.43
Batumi,41.2147,45.6813,2027-05-14T07:00:00+00:00,34.14,87.14
Batumi,42.4695,42.2749,2027-05-14T08:00:00+00:00,0.43,68.81
Telavi,41.4985,41.8713,2027-05-14T09:00:00+00:00,6.27,50.57
Kutaisi,42.6501,45.5911,2027-05-14T10:00:00+00:00,8.8,66.67
Batumi,41.4578,44.988,2027-05-14T11:00:00+00:00,33.31,55.51
Batumi,41.9079,44.8421,2027-05-14T12:00:00+00:00,1.43,58.23
Kutaisi,42.0614,44.8326,2027-05-14T13:00:00+00:00,19.1,25.92
Kutaisi,42.6603,42.7912,2027-05-14T14:00:00+00:00,-1.7,67.51
Kutaisi,42.2499,41.3361,2027-05-14T15:00:00+00:00,23.27,60.88
Kutaisi,42.6724,42.9679,2027-05-14T16:00:00+00:00,34.99,89.89
Telavi,41.5028,42.6071,2027-05-14T17:00:00+00:00,4.53,60.89
Tbilisi,41.5157,45.8427,2027-05-14T18:00:00+00:00,1.8,81.11
Telavi,41.991,42.8274,2027-05-14T19:00:00+00:00,5.23,82.34
Tbilisi,42.0042,43.3496,2027-05-14T20:00:00+00:00,14.52,68.12
Tbilisi,41.2499,44.4243,2027-05-14T21:00:00+00:00,10.03,85.72
Batumi,41.847,41.7163,2027-05-14T22:00:00+00:00,20.67,44.06
Tbilisi,42.4858,45.5379,2027-05-14T23:00:00+00:00,22.91,24.01
Kutaisi,42.3321,43.3071,2027-05-15T00:00:00+00:00,31.01,22.27
Telavi,41.4826,44.5053,2027-05-15T01:00:00+00:00,11.93,67.1
Tbilisi,41.8272,42.1078,2027-05-15T02:00:00+00:00,6.92,72.26
Batumi,42.6038,44.7288,2027-05-15T03:00:00+00:00,10.41,38.77
Telavi,41.6472,41.8874,2027-05-15T04:00:00+00:00,8.81,65.33
Batumi,42.7384,44.8014,2027-05-15T05:00:00+00:00,25.18,54.29
Kutaisi,42.8409,45.7974,2027-05-15T06:00:00+00:00,22.2,49.6
Telavi,42.0421,43.5405,2027-05-15T07:00:00+00:00,8.9,71.99
Tbilisi,42.3851,42.824,2027-05-15T08:00:00+00:00,11.64,49.15
Telavi,41.8292,45.9288,2027-05-15T09:00:00+00:00,30.66,88.62
Batumi,41.8412,44.7313,2027-05-15T10:00:00+00:00,10.52,48.51
Tbilisi,41.6833,45.413,2027-05-15T11:00:00+00:00,7.54,68.69
Tbilisi,42.7272,41.3588,2027-05-15T12:00:00+00:00,3.28,43.4
Batumi,41.3747,42.304,2027-05-15T13:00:00+00:00,9.86,25.22
Batumi,41.7464,44.035,2027-05-15T14:00:00+00:00,-2.3,29.01
Batumi,42.2825,43.1483,2027-05-15T15:00:00+00:00,17.7,79.2
Kutaisi,42.1161,44.7991,2027-05-15T16:00:00+00:00,30.09,60.58
Kutaisi,42.0512,43.8553,2027-05-15T17:00:00+00:00,28.09,63.92
Telavi,42.4791,41.4264,2027-05-15T18:00:00+00:00,11.99,35.71
Kutaisi,41.3241,44.1349,2027-05-15T19:00:00+00:00,5.39,34.34
Batumi,41.3609,42.7377,2027-05-15T20:00:00+00:00,17.54,25.5
Kutaisi,41.2663,41.0216,2027-05-15T21:00:00+00:00,-0.18,53.79
Telavi,42.1728,44.5924,2027-05-15T22:00:00+00:00,-4.6,54.15
Batumi,42.9461,44.7657,2027-05-15T23:00:00+00:00,-1.38,77.78
Telavi,41.4874,45.981,2027-05-16T00:00:00+00:00,21.06,78.58
Kutaisi,42.3347,42.1311,2027-05-16T01:00:00+00:00,10.53,49.4
Batumi,41.3476,41.0604,2027-05-16T02:00:00+00:00,2.54,49.2
Batumi,42.2823,42.7639,2027-05-16T03:00:00+00:00,13.19,47.41
Kutaisi,41.3324,44.0399,2027-05-16T04:00:00+00:00,7.38,24.54
Kutaisi,42.7597,45.1905,2027-05-16T05:00:00+00:00,23.4,35.2
Batumi,41.9375,41.0923,2027-05-16T06:00:00+00:00,25.1,41.6
Batumi,42.4189,42.523,2027-05-16T07:00:00+00:00,22.79,46.67
Kutaisi,41.2546,44.6231,2027-05-16T08:00:00+00:00,26.48,78.73
Tbilisi,41.2319,43.5743,2027-05-16T09:00:00+00:00,25.11,20.9
Batumi,42.6696,43.7002,2027-05-16T10:00:00+00:00,22.47,50.05
Kutaisi,42.0112,45.9248,2027-05-16T11:00:00+00:00,33.66,66.29
Kutaisi,41.3997,44.2472,2027-05-16T12:00:00+00:00,21.59,24.49
Tbilisi,41.1878,45.6506,2027-05-16T13:00:00+00:00,15.1,25.5
Telavi,42.5903,41.1501,2027-05-16T14:00:00+00:00,32.57,64.63
Telavi,41.7699,42.1427,2027-05-16T15:00:00+00:00,21.04,85.7
Kutaisi,41.9603,43.5356,2027-05-16T16:00:00+00:00,21.0,31.09
Kutaisi,42.163,42.3994,2027-05-16T17:00:00+00:00,-4.59,34.07
Telavi,42.2222,44.5856,2027-05-16T18:00:00+00:00,21.71,62.09
Tbilisi,42.6652,43.4528,2027-05-16T19:00:00+00:00,3.75,64.31
Batumi,42.3326,41.5383,2027-05-16T20:00:00+00:00,3.03,69.73
Kutaisi,41.2523,44.4464,2027-05-16T21:00:00+00:00,33.11,43.1
Telavi,42.6609,43.9102,2027-05-16T22:00:00+00:00,8.69,76.93
Batumi,41.109,43.014,2027-05-16T23:00:00+00:00,13.19,24.31
Tbilisi,41.2516,45.2906,2027-05-17T00:00:00+00:00,10.92,30.62
Kutaisi,42.591,44.0182,2027-05-17T01:00:00+00:00,15.02,31.2
Batumi,42.0154,45.4973,2027-05-17T02:00:00+00:00,31.37,83.49
Tbilisi,41.656,42.3827,2027-05-17T03:00:00+00:00,13.67,54.77
Kutaisi,42.1487,42.2305,2027-05-17T04:00:00+00:00,24.04,48.57
Kutaisi,41.8809,45.1957,2027-05-17T05:00:00+00:00,0.51,83.16
Batumi,42.9176,44.5157,2027-05-17T06:00:00+00:00,27.2,47.07
Kutaisi,42.3131,44.5422,2027-05-17T07:00:00+00:00,17.54,77.02
Batumi,42.1254,43.8095,2027-05-17T08:00:00+00:00,5.54,74.51
Batumi,42.3418,44.7234,2027-05-17T09:00:00+00:00,5.24,80.09
Telavi,41.9605,45.0439,2027-05-17T10:00:00+00:00,11.37,47.66
Batumi,42.8371,43.6803,2027-05-17T11:00:00+00:00,12.48,63.77
Tbilisi,42.5539,45.7831,2027-05-17T12:00:00+00:00,31.63,69.49
Tbilisi,42.3949,43.9717,2027-05-17T13:00:00+00:00,23.81,72.14
Batumi,41.2833,42.0414,2027-05-17T14:00:00+00:00,22.88,88.11
Kutaisi,42.9185,44.784,2027-05-17T15:00:00+00:00,25.26,46.85
Tbilisi,42.8474,43.8959,2027-05-17T16:00:00+00:00,6.39,30.8
Telavi,41.0614,42.9143,2027-05-17T17:00:00+00:00,17.48,42.9
Batumi,41.8195,44.5274,2027-05-17T18:00:00+00:00,14.71,22.91
Telavi,41.2716,44.3447,2027-05-17T19:00:00+00:00,-3.84,80.05
Batumi,42.8528,44.5598,2027-05-17T20:00:00+00:00,17.02,58.44
Tbilisi,41.3159,44.7918,2027-05-17T21:00:00+00:00,18.11,49.88
Telavi,41.8572,42.0992,2027-05-17T22:00:00+00:00,1.56,21.22
Telavi,41.4471,44.8717,2027-05-17T23:00:00+00:00,15.13,89.08
Telavi,41.7232,43.4151,2027-05-18T00:00:00+00:00,13.4,27.04
Tbilisi,41.695,44.2968,2027-05-18T01:00:00+00:00,8.04,76.39
Batumi,42.1779,43.4456,2027-05-18T02:00:00+00:00,-3.64,38.24
Telavi,41.4025,42.2199,2027-05-18T03:00:00+00:00,10.7,70.81
Tbilisi,42.1807,44.7135,2027-05-18T04:00:00+00:00,8.67,89.14
Telavi,42.4925,42.2054,2027-05-18T05:00:00+00:00,21.44,72.85
Telavi,42.0676,41.2907,2027-05-18T06:00:00+00:00,1.43,34.86
Tbilisi,41.2732,43.949,2027-05-18T07:00:00+00:00,2.04,78.74
Telavi,41.2556,42.3606,2027-05-18T08:00:00+00:00,14.81,55.59
Tbilisi,42.3728,43.8178,2027-05-18T09:00:00+00:00,15.63,41.41
Tbilisi,42.5592,42.9305,2027-05-18T10:00:00+00:00,28.28,62.59
Telavi,42.5371,41.065,2027-05-18T11:00:00+00:00,-3.98,84.15
Tbilisi,42.9324,45.6261,2027-05-18T12:00:00+00:00,13.03,56.33
Kutaisi,41.5153,43.2051,2027-05-18T13:00:00+00:00,25.33,36.23
Kutaisi,42.4569,42.4153,2027-05-18T14:00:00+00:00,28.78,72.73
Batumi,42.6406,44.1811,2027-05-18T15:00:00+00:00,-3.7,62.31
Tbilisi,41.4213,43.8719,2027-05-18T16:00:00+00:00,7.72,60.27
Telavi,41.1354,42.0952,2027-05-18T17:00:00+00:00,-0.63,87.13
Kutaisi,41.5876,45.6626,2027-05-18T18:00:00+00:00,16.66,37.72
Batumi,41.7169,41.3388,2027-05-18T19:00:00+00:00,-1.54,83.21
Tbilisi,41.3926,42.7669,2027-05-18T20:00:00+00:00,7.01,72.36
Kutaisi,41.3321,43.8871,2027-05-18T21:00:00+00:00,-2.48,32.7
Telavi,42.2429,44.6917,2027-05-18T22:00:00+00:00,18.59,71.01
Batumi,42.5207,41.6976,2027-05-18T23:00:00+00:00,17.31,69.68
Telavi,42.9745,42.9459,2027-05-19T00:00:00+00:00,12.21,89.56
Telavi,42.6628,45.2077,2027-05-19T01:00:00+00:00,15.94,85.65
Tbilisi,42.7885,44.9055,2027-05-19T02:00:00+00:00,28.26,21.17
Batumi,42.1284,45.0905,2027-05-19T03:00:00+00:00,13.82,35.25
Telavi,41.5735,44.3456,2027-05-19T04:00:00+00:00,21.1,21.49
Tbilisi,42.0211,43.0373,2027-05-19T05:00:00+00:00,1.44,72.94
Batumi,42.2673,45.363,2027-05-19T06:00:00+00:00,27.76,69.4
Batumi,41.7697,42.9094,2027-05-19T07:00:00+00:00,15.39,81.42
Telavi,41.2448,45.667,2027-05-19T08:00:00+00:00,17.37,58.57
Tbilisi,41.4449,45.1245,2027-05-19T09:00:00+00:00,-0.78,76.89
Telavi,41.113,43.1886,2027-05-19T10:00:00+00:00,12.96,78.96
Telavi,41.143,41.683,2027-05-19T11:00:00+00:00,23.17,81.17
Batumi,42.5265,45.3729,2027-05-19T12:00:00+00:00,-2.64,30.93
Telavi,41.6392,43.1893,2027-05-19T13:00:00+00:00,-3.66,55.24
Batumi,41.4765,45.1798,2027-05-19T14:00:00+00:00,3.37,20.91
Telavi,41.9776,43.4109,2027-05-19T15:00:00+00:00,18.79,65.04
Kutaisi,42.5192,43.3607,2027-05-19T16:00:00+00:00,32.15,46.46
Kutaisi,42.5013,43.3267,2027-05-19T17:00:00+00:00,2.57,48.34
Telavi,41.9532,42.2938,2027-05-19T18:00:00+00:00,9.54,68.61
Kutaisi,41.6327,43.263,2027-05-19T19:00:00+00:00,25.62,44.88
Kutaisi,42.9451,42.4859,2027-05-19T20:00:00+00:00,27.44,77.65
Batumi,42.9662,42.6157,2027-05-19T21:00:00+00:00,23.81,65.83
Tbilisi,42.4144,45.0819,2027-05-19T22:00:00+00:00,9.61,27.3
Tbilisi,42.6379,42.5734,2027-05-19T23:00:00+00:00,12.31,82.52
Batumi,42.0869,42.7216,2027-05-20T00:00:00+00:00,7.79,49.95
Telavi,41.9889,41.1854,2027-05-20T01:00:00+00:00,9.73,66.27
Tbilisi,42.9411,43.723,2027-05-20T02:00:00+00:00,15.16,34.67
Tbilisi,42.719,42.1167,2027-05-20T03:00:00+00:00,12.36,69.18
Batumi,42.5188,42.6002,2027-05-20T04:00:00+00:00,33.12,23.61
Kutaisi,42.4931,45.4997,2027-05-20T05:00:00+00:00,10.07,68.17
Batumi,42.5549,43.8904,2027-05-20T06:00:00+00:00,4.77,63.66
Kutaisi,41.2768,44.8465,2027-05-20T07:00:00+00:00,13.08,43.73
Kutaisi,42.7272,45.3689,2027-05-20T08:00:00+00:00,23.9,79.73
Batumi,41.8049,43.6771,2027-05-20T09:00:00+00:00,-4.7,64.79
Batumi,42.923,45.9769,2027-05-20T10:00:00+00:00,24.56,83.56
Telavi,41.1773,41.5505,2027-05-20T11:00:00+00:00,16.01,67.02
Batumi,42.4305,44.4401,2027-05-20T12:00:00+00:00,31.37,46.45
Telavi,42.9172,42.2547,2027-05-20T13:00:00+00:00,11.72,76.38
Batumi,42.2652,41.1229,2027-05-20T14:00:00+00:00,22.38,44.12
Kutaisi,41.9392,44.7871,2027-05-20T15:00:00+00:00,25.08,68.65
Telavi,42.0532,43.854,2027-05-20T16:00:00+00:00,29.71,84.26
Batumi,41.3577,43.8596,2027-05-20T17:00:00+00:00,6.22,74.03
Batumi,42.8663,44.5085,2027-05-20T18:00:00+00:00,0.58,72.76
Tbilisi,42.7341,44.8215,2027-05-20T19:00:00+00:00,29.21,32.98
Batumi,42.3704,42.2535,2027-05-20T20:00:00+00:00,24.29,83.8
Kutaisi,41.5491,42.8403,2027-05-20T21:00:00+00:00,-2.42,57.74
Batumi,41.6366,45.4877,2027-05-20T22:00:00+00:00,30.51,84.14
Tbilisi,41.5226,41.018,2027-05-20T23:00:00+00:00,30.62,44.3
Batumi,41.056,45.5229,2027-05-21T00:00:00+00:00,1.34,30.55
Telavi,41.3816,44.3387,2027-05-21T01:00:00+00:00,29.84,20.64
Telavi,42.1591,44.775,2027-05-21T02:00:00+00:00,33.05,45.22
Tbilisi,41.8533,44.966,2027-05-21T03:00:00+00:00,18.37,50.57
Batumi,41.1848,41.7388,2027-05-21T04:00:00+00:00,24.57,45.67
Telavi,41.3452,43.6995,2027-05-21T05:00:00+00:00,31.29,41.96
Kutaisi,42.9208,42.0516,2027-05-21T06:00:00+00:00,12.53,23.54
Batumi,41.4218,43.8831,2027-05-21T07:00:00+00:00,29.04,58.11
Batumi,42.0413,44.9571,2027-05-21T08:00:00+00:00,20.59,47.65
Batumi,41.7859,41.3902,2027-05-21T09:00:00+00:00,3.09,21.15
Kutaisi,41.7749,41.5156,2027-05-21T10:00:00+00:00,1.31,47.59
Batumi,42.0283,41.0714,2027-05-21T11:00:00+00:00,32.79,69.07
Telavi,41.6232,41.2455,2027-05-21T12:00:00+00:00,28.01,39.88
Telavi,41.5626,41.4037,2027-05-21T13:00:00+00:00,-1.39,76.49
Batumi,41.5083,44.26,2027-05-21T14:00:00+00:00,3.9,89.81
Tbilisi,41.4575,41.4751,2027-05-21T15:00:00+00:00,23.53,68.28
Telavi,41.8241,44.843,2027-05-21T16:00:00+00:00,12.26,88.93
Batumi,42.0483,42.8142,2027-05-21T17:00:00+00:00,7.73,25.07
Tbilisi,42.0668,42.6565,2027-05-21T18:00:00+00:00,19.61,84.85
Telavi,41.3045,45.4753,2027-05-21T19:00:00+00:00,9.08,73.47
Tbilisi,42.2677,43.5573,2027-05-21T20:00:00+00:00,16.08,25.59
Telavi,42.4622,44.8707,2027-05-21T21:00:00+00:00,24.9,71.78
Tbilisi,41.3653,42.9473,2027-05-21T22:00:00+00:00,-4.75,49.32
Tbilisi,42.2743,43.211,2027-05-21T23:00:00+00:00,19.5,43.49
Tbilisi,42.818,44.5953,2027-05-22T00:00:00+00:00,30.65,29.39
Kutaisi,41.5549,45.822,2027-05-22T01:00:00+00:00,11.66,63.85
Kutaisi,41.6389,43.3532,2027-05-22T02:00:00+00:00,32.2,79.39
Batumi,42.8184,43.1529,2027-05-22T03:00:00+00:00,-2.76,32.44
Kutaisi,41.3058,42.0573,2027-05-22T04:00:00+00:00,15.99,33.65
Kutaisi,42.4851,45.2357,2027-05-22T05:00:00+00:00,-4.44,25.34
Tbilisi,42.2845,41.0766,2027-05-22T06:00:00+00:00,13.56,32.01
Kutaisi,41.048,42.2194,2027-05-22T07:00:00+00:00,21.35,89.33
Tbilisi,42.6811,43.1686,2027-05-22T08:00:00+00:00,-1.23,57.86
Batumi,42.8602,44.2853,2027-05-22T09:00:00+00:00,26.05,54.97
Tbilisi,41.5094,43.8746,2027-05-22T10:00:00+00:00,7.67,37.88
Tbilisi,41.3414,45.5956,2027-05-22T11:00:00+00:00,29.65,68.65
Kutaisi,42.5075,43.8949,2027-05-22T12:00:00+00:00,1.26,77.45
Batumi,42.0153,44.3574,2027-05-22T13:00:00+00:00,16.95,44.96
Batumi,41.0951,43.9325,2027-05-22T14:00:00+00:00,34.98,44.8
Tbilisi,42.6895,45.3647,2027-05-22T15:00:00+00:00,16.9,28.41
Batumi,41.8341,43.1506,2027-05-22T16:00:00+00:00,8.37,23.18
Kutaisi,42.5185,43.3861,2027-05-22T17:00:00+00:00,4.12,69.87
Kutaisi,42.4997,44.0007,2027-05-22T18:00:00+00:00,4.27,62.05
Batumi,41.1084,45.0917,2027-05-22T19:00:00+00:00,22.52,31.81
Tbilisi,42.4837,41.8419,2027-05-22T20:00:00+00:00,5.02,47.82
Batumi,42.5767,42.1985,2027-05-22T21:00:00+00:00,4.21,87.22
Kutaisi,41.0945,45.563,2027-05-22T22:00:00+00:00,32.95,87.86
Batumi,41.9637,42.9649,2027-05-22T23:00:00+00:00,5.28,61.73
Kutaisi,41.3087,44.6567,2027-05-23T00:00:00+00:00,25.3,71.62
Tbilisi,41.3822,45.9267,2027-05-23T01:00:00+00:00,15.91,64.84
Tbilisi,41.575,43.0573,2027-05-23T02:00:00+00:00,4.83,28.96
Tbilisi,42.0307,45.0607,2027-05-23T03:00:00+00:00,8.31,24.01
Kutaisi,42.8747,43.5558,2027-05-23T04:00:00+00:00,14.82,27.41
Tbilisi,42.6725,41.5896,2027-05-23T05:00:00+00:00,0.01,34.8
Telavi,41.3408,41.2968,2027-05-23T06:00:00+00:00,-2.92,37.72
Kutaisi,41.941,44.4544,2027-05-23T07:00:00+00:00,17.72,68.43
Telavi,41.2497,45.6983,2027-05-23T08:00:00+00:00,29.16,20.69
Batumi,42.4201,42.7827,2027-05-23T09:00:00+00:00,16.11,82.28
Kutaisi,42.8307,43.6498,2027-05-23T10:00:00+00:00,8.18,85.34
Batumi,41.9577,44.9037,2027-05-23T11:00:00+00:00,18.96,48.34
Tbilisi,41.885,42.0956,2027-05-23T12:00:00+00:00,10.14,24.06
Kutaisi,42.7024,44.9746,2027-05-23T13:00:00+00:00,5.53,30.36
Tbilisi,42.0865,41.9648,2027-05-23T14:00:00+00:00,15.67,34.75
Batumi,41.7112,45.2879,2027-05-23T15:00:00+00:00,26.62,67.49
Kutaisi,41.0095,42.0797,2027-05-23T16:00:00+00:00,4.88,45.55
Telavi,41.0364,42.9796,2027-05-23T17:00:00+00:00,25.97,43.0
Telavi,41.7469,44.4497,2027-05-23T18:00:00+00:00,12.22,59.24
Tbilisi,41.4341,44.7028,2027-05-23T19:00:00+00:00,12.09,48.03
Tbilisi,41.9199,41.7473,2027-05-23T20:00:00+00:00,28.37,58.74
Batumi,41.6766,43.4374,2027-05-23T21:00:00+00:00,30.46,30.97
Batumi,42.5117,42.1011,2027-05-23T22:00:00+00:00,3.37,63.69
Kutaisi,41.4807,42.8335,2027-05-23T23:00:00+00:00,24.62,81.77
Telavi,41.0835,44.2673,2027-05-24T00:00:00+00:00,34.27,33.17
Telavi,42.7593,42.4514,2027-05-24T01:00:00+00:00,29.6,26.51
Kutaisi,42.2388,44.0121,2027-05-24T02:00:00+00:00,28.43,41.32
Kutaisi,41.5447,43.4472,2027-05-24T03:00:00+00:00,21.88,65.79
Telavi,41.0739,44.8043,2027-05-24T04:00:00+00:00,33.11,22.79
Telavi,41.9176,41.3393,2027-05-24T05:00:00+00:00,7.4,77.6
Telavi,42.9533,42.682,2027-05-24T06:00:00+00:00,14.17,51.55
Telavi,41.1882,45.6473,2027-05-24T07:00:00+00:00,21.53,74.13
Kutaisi,41.0425,43.3507,2027-05-24T08:00:00+00:00,31.34,48.1
Tbilisi,42.845,43.5944,2027-05-24T09:00:00+00:00,24.83,40.53
Tbilisi,42.4115,43.4846,2027-05-24T10:00:00+00:00,30.35,50.05
Kutaisi,42.7808,41.1585,2027-05-24T11:00:00+00:00,29.22,83.83
Tbilisi,42.7957,43.5143,2027-05-24T12:00:00+00:00,26.72,51.94
Telavi,42.6038,44.3872,2027-05-24T13:00:00+00:00,11.97,84.62
Tbilisi,41.7744,43.5315,2027-05-24T14:00:00+00:00,2.24,48.71
Kutaisi,42.5264,41.5936,2027-05-24T15:00:00+00:00,5.55,80.13
Telavi,42.9935,45.586,2027-05-24T16:00:00+00:00,11.78,85.31
Tbilisi,42.8818,42.9252,2027-05-24T17:00:00+00:00,27.37,68.6
Tbilisi,42.1065,41.7179,2027-05-24T18:00:00+00:00,25.81,78.8
Batumi,42.699,44.7907,2027-05-24T19:00:00+00:00,19.95,79.35
Kutaisi,42.8236,41.823,2027-05-24T20:00:00+00:00,18.1,67.16
Tbilisi,42.249,43.0217,2027-05-24T21:00:00+00:00,20.53,40.45
Kutaisi,42.3548,43.8013,2027-05-24T22:00:00+00:00,8.39,45.75
Telavi,42.4265,41.3086,2027-05-24T23:00:00+00:00,26.79,35.02
Telavi,41.4064,43.6481,2027-05-25T00:00:00+00:00,9.74,48.25
Telavi,41.0436,45.1079,2027-05-25T01:00:00+00:00,12.41,63.56
Kutaisi,41.5105,44.5499,2027-05-25T02:00:00+00:00,28.9,38.97
Kutaisi,41.0045,41.2955,2027-05-25T03:00:00+00:00,24.37,22.53
Telavi,41.7392,41.2257,2027-05-25T04:00:00+00:00,4.54,80.3
Tbilisi,41.1018,43.114,2027-05-25T05:00:00+00:00,33.76,22.82
Telavi,41.3178,43.0556,2027-05-25T06:00:00+00:00,24.62,32.35
Kutaisi,42.4983,42.5275,2027-05-25T07:00:00+00:00,13.14,34.43
Kutaisi,41.5172,43.9435,2027-05-25T08:00:00+00:00,14.42,77.6
Batumi,42.7923,42.8742,2027-05-25T09:00:00+00:00,26.88,64.95
Telavi,42.3793,45.0622,2027-05-25T10:00:00+00:00,11.31,77.68
Kutaisi,42.9836,43.2268,2027-05-25T11:00:00+00:00,32.59,55.61
Telavi,42.6726,44.5112,2027-05-25T12:00:00+00:00,32.6,87.73
Batumi,42.9095,43.4216,2027-05-25T13:00:00+00:00,-2.32,24.19
Kutaisi,41.375,43.9348,2027-05-25T14:00:00+00:00,22.83,44.82
Tbilisi,42.5922,44.466,2027-05-25T15:00:00+00:00,14.82,28.43
Kutaisi,41.3901,43.0065,2027-05-25T16:00:00+00:00,25.71,27.48
Kutaisi,42.8568,44.5032,2027-05-25T17:00:00+00:00,5.29,87.41
Batumi,41.7004,45.7705,2027-05-25T18:00:00+00:00,-2.65,40.55
Batumi,42.8008,43.045,2027-05-25T19:00:00+00:00,10.87,54.59
Kutaisi,41.2953,44.8821,2027-05-25T20:00:00+00:00,-4.98,27.73
Batumi,42.7627,43.8783,2027-05-25T21:00:00+00:00,23.26,68.2
Tbilisi,41.8782,42.065,2027-05-25T22:00:00+00:00,33.3,20.65
Kutaisi,41.3569,44.4815,2027-05-25T23:00:00+00:00,1.29,70.45
Tbilisi,42.3751,42.0533,2027-05-26T00:00:00+00:00,16.91,27.05
Telavi,41.9237,41.6775,2027-05-26T01:00:00+00:00,29.58,79.37
Telavi,41.0693,44.6912,2027-05-26T02:00:00+00:00,7.48,86.55
Telavi,42.2807,45.9566,2027-05-26T03:00:00+00:00,17.98,42.3
Kutaisi,42.9912,42.3635,2027-05-26T04:00:00+00:00,14.3,43.48
Tbilisi,42.6523,42.9198,2027-05-26T05:00:00+00:00,13.7,82.39
Batumi,42.9622,41.224,2027-05-26T06:00:00+00:00,3.17,63.42
Telavi,42.3874,41.5375,2027-05-26T07:00:00+00:00,23.4,69.21
Tbilisi,42.3262,41.9239,2027-05-26T08:00:00+00:00,31.41,36.63
Tbilisi,42.4031,45.3542,2027-05-26T09:00:00+00:00,13.85,26.55
Batumi,41.3095,44.854,2027-05-26T10:00:00+00:00,-2.78,76.98
Telavi,41.7678,43.1771,2027-05-26T11:00:00+00:00,33.81,40.05
Tbilisi,41.6486,44.6794,2027-05-26T12:00:00+00:00,2.15,30.97
Tbilisi,42.3832,43.0594,2027-05-26T13:00:00+00:00,17.61,35.49
Batumi,42.4026,45.7252,2027-05-26T14:00:00+00:00,15.02,50.4
Tbilisi,41.9327,44.3276,2027-05-26T15:00:00+00:00,9.63,82.26
Batumi,42.952,43.5965,2027-05-26T16:00:00+00:00,33.14,51.72
Batumi,41.2315,42.8908,2027-05-26T17:00:00+00:00,27.26,80.01
Telavi,41.5932,42.6612,2027-05-26T18:00:00+00:00,9.89,48.61
Kutaisi,41.2383,43.2023,2027-05-26T19:00:00+00:00,34.72,44.34
Kutaisi,42.9636,41.042,2027-05-26T20:00:00+00:00,33.56,30.95
Kutaisi,41.0722,42.9924,2027-05-26T21:00:00+00:00,14.71,75.85
Kutaisi,41.1852,44.8622,2027-05-26T22:00:00+00:00,8.75,67.15
Telavi,42.3116,45.6639,2027-05-26T23:00:00+00:00,7.72,47.8
Batumi,42.7485,42.2325,2027-05-27T00:00:00+00:00,12.24,22.45
Batumi,41.6695,42.7292,2027-05-27T01:00:00+00:00,9.65,53.78
Telavi,42.3896,42.8162,2027-05-27T02:00:00+00:00,29.64,34.05
Kutaisi,42.1759,42.0894,2027-05-27T03:00:00+00:00,28.4,32.09
Batumi,41.5342,45.3415,2027-05-27T04:00:00+00:00,27.29,43.4
Tbilisi,42.3381,44.1221,2027-05-27T05:00:00+00:00,14.7,68.14
Tbilisi,41.3947,42.3442,2027-05-27T06:00:00+00:00,25.53,47.77
Telavi,41.1539,41.7435,2027-05-27T07:00:00+00:00,23.0,84.12
Kutaisi,41.4965,45.062,2027-05-27T08:00:00+00:00,0.1,67.26
Kutaisi,42.8059,44.8689,2027-05-27T09:00:00+00:00,-3.43,67.36
Tbilisi,42.9604,41.0121,2027-05-27T10:00:00+00:00,5.79,68.37
Batumi,42.1657,43.2136,2027-05-27T11:00:00+00:00,19.62,57.47
Tbilisi,42.5488,43.7778,2027-05-27T12:00:00+00:00,30.19,66.08
Batumi,41.8949,44.9546,2027-05-27T13:00:00+00:00,7.08,66.62
Tbilisi,42.619,45.4712,2027-05-27T14:00:00+00:00,15.61,54.13
Batumi,41.0166,41.071,2027-05-27T15:00:00+00:00,29.07,42.65
Tbilisi,41.6594,44.2719,2027-05-27T16:00:00+00:00,34.57,22.93
Tbilisi,41.5355,41.963,2027-05-27T17:00:00+00:00,6.3,78.75
Kutaisi,42.9879,43.7643,2027-05-27T18:00:00+00:00,24.64,68.64
Tbilisi,41.6782,45.9046,2027-05-27T19:00:00+00:00,23.41,43.89
Telavi,42.6207,43.9565,2027-05-27T20:00:00+00:00,-3.48,32.91
Tbilisi,42.5558,45.9983,2027-05-27T21:00:00+00:00,-1.11,69.12
Kutaisi,41.836,45.4485,2027-05-27T22:00:00+00:00,33.43,25.26
Kutaisi,42.8114,45.814,2027-05-27T23:00:00+00:00,28.18,74.3
Batumi,42.0114,41.7452,2027-05-28T00:00:00+00:00,22.42,70.91
Batumi,41.7931,41.7935,2027-05-28T01:00:00+00:00,13.28,76.61
Kutaisi,42.1696,44.4512,2027-05-28T02:00:00+00:00,7.84,25.24
Batumi,41.7776,45.3099,2027-05-28T03:00:00+00:00,0.95,37.13
Tbilisi,42.448,42.2986,2027-05-28T04:00:00+00:00,12.31,49.21
Kutaisi,41.9909,45.5075,2027-05-28T05:00:00+00:00,-0.2,49.37
Kutaisi,41.9819,45.3031,2027-05-28T06:00:00+00:00,15.49,26.76
Tbilisi,41.5708,43.8735,2027-05-28T07:00:00+00:00,8.81,24.01
Batumi,42.8542,43.849,2027-05-28T08:00:00+00:00,25.15,40.35
Tbilisi,41.7959,42.7585,2027-05-28T09:00:00+00:00,16.13,30.09
Kutaisi,41.3801,45.4384,2027-05-28T10:00:00+00:00,25.75,79.29
Tbilisi,41.9435,41.7387,2027-05-28T11:00:00+00:00,5.85,70.92
Telavi,41.7711,41.4701,2027-05-28T12:00:00+00:00,2.45,26.91
Batumi,42.339,43.8426,2027-05-28T13:00:00+00:00,27.59,85.27
Kutaisi,41.98,42.603,2027-05-28T14:00:00+00:00,10.87,55.28
Tbilisi,42.3757,45.2762,2027-05-28T15:00:00+00:00,3.0,37.18
Tbilisi,42.0362,42.845,2027-05-28T16:00:00+00:00,20.34,84.79
Batumi,42.3507,43.3691,2027-05-28T17:00:00+00:00,16.22,59.52
Tbilisi,42.179,41.0759,2027-05-28T18:00:00+00:00,19.48,46.1
Batumi,41.3556,44.3215,2027-05-28T19:00:00+00:00,18.92,76.72
Telavi,41.8712,41.8162,2027-05-28T20:00:00+00:00,4.6,57.72
Tbilisi,42.6124,43.3501,2027-05-28T21:00:00+00:00,4.23,37.8
Batumi,42.226,44.0367,2027-05-28T22:00:00+00:00,25.1,44.11
Kutaisi,42.2696,43.3515,2027-05-28T23:00:00+00:00,17.44,72.39
Tbilisi,41.322,45.8095,2027-05-29T00:00:00+00:00,32.13,79.51
Batumi,42.788,41.0887,2027-05-29T01:00:00+00:00,29.44,54.8
Tbilisi,41.841,43.8201,2027-05-29T02:00:00+00:00,9.51,83.99
Batumi,42.4978,44.3027,2027-05-29T03:00:00+00:00,17.86,38.72
Batumi,42.5539,44.3347,2027-05-29T04:00:00+00:00,6.1,89.58
Kutaisi,42.393,44.1064,2027-05-29T05:00:00+00:00,-3.77,35.19
Batumi,42.4719,41.6185,2027-05-29T06:00:00+00:00,16.14,78.66
Telavi,42.9327,45.2837,2027-05-29T07:00:00+00:00,20.49,82.19
Telavi,42.2795,45.7985,2027-05-29T08:00:00+00:00,5.28,53.74
Batumi,42.5023,44.5622,2027-05-29T09:00:00+00:00,-1.1,66.33
Tbilisi,41.5906,43.7565,2027-05-29T10:00:00+00:00,15.37,37.28
Telavi,42.6924,41.8671,2027-05-29T11:00:00+00:00,-4.29,25.95
Telavi,41.9376,43.3784,2027-05-29T12:00:00+00:00,19.83,44.21
Batumi,41.3768,45.666,2027-05-29T13:00:00+00:00,32.3,29.97
Kutaisi,41.4235,42.1299,2027-05-29T14:00:00+00:00,19.64,29.38
Batumi,41.7202,44.8209,2027-05-29T15:00:00+00:00,14.08,73.9
Telavi,41.9124,42.8106,2027-05-29T16:00:00+00:00,21.98,23.35
Tbilisi,42.3167,43.6058,2027-05-29T17:00:00+00:00,30.09,33.07
Tbilisi,42.8714,42.4099,2027-05-29T18:00:00+00:00,7.36,89.67
Batumi,42.422,41.948,2027-05-29T19:00:00+00:00,4.21,77.9
Telavi,42.084,43.5275,2027-05-29T20:00:00+00:00,6.91,76.79
Tbilisi,42.5162,44.9791,2027-05-29T21:00:00+00:00,6.41,43.19
Batumi,41.737,43.5148,2027-05-29T22:00:00+00:00,18.76,51.3
Telavi,41.112,42.9166,2027-05-29T23:00:00+00:00,23.06,70.56
Batumi,42.3649,41.8883,2027-05-30T00:00:00+00:00,8.61,29.16
Tbilisi,41.3004,45.8667,2027-05-30T01:00:00+00:00,7.69,48.51
Telavi,42.4254,44.5204,2027-05-30T02:00:00+00:00,13.97,86.52
Telavi,42.4923,43.2255,2027-05-30T03:00:00+00:00,13.09,66.52
Tbilisi,42.0396,44.8086,2027-05-30T04:00:00+00:00,15.67,50.42
Telavi,42.4926,41.3921,2027-05-30T05:00:00+00:00,3.99,60.19
Kutaisi,42.5605,42.6401,2027-05-30T06:00:00+00:00,26.41,29.45
Tbilisi,41.2295,43.8014,2027-05-30T07:00:00+00:00,24.93,32.1
Kutaisi,42.9225,41.2583,2027-05-30T08:00:00+00:00,19.75,52.24
Telavi,41.9748,43.1126,2027-05-30T09:00:00+00:00,11.04,33.77
Telavi,42.7667,42.7654,2027-05-30T10:00:00+00:00,25.63,59.39
Telavi,42.3579,43.851,2027-05-30T11:00:00+00:00,23.32,58.78
Batumi,42.6202,44.9715,2027-05-30T12:00:00+00:00,-4.19,58.51
Tbilisi,41.0465,41.1508,2027-05-30T13:00:00+00:00,24.69,32.45
Telavi,42.3356,43.9808,2027-05-30T14:00:00+00:00,10.8,42.38
Kutaisi,41.9769,43.9309,2027-05-30T15:00:00+00:00,-0.69,80.69
Tbilisi,42.1301,42.9877,2027-05-30T16:00:00+00:00,-1.07,68.81
Tbilisi,42.3276,41.0396,2027-05-30T17:00:00+00:00,23.53,64.18
Kutaisi,42.0297,43.4187,2027-05-30T18:00:00+00:00,2.34,30.96
Batumi,41.9675,44.3669,2027-05-30T19:00:00+00:00,20.64,81.36
Telavi,41.8471,44.5189,2027-05-30T20:00:00+00:00,0.14,40.82
Batumi,42.707,45.7493,2027-05-30T21:00:00+00:00,8.81,51.96
Telavi,41.3106,42.6594,2027-05-30T22:00:00+00:00,2.2,35.2
Kutaisi,41.4113,45.715,2027-05-30T23:00:00+00:00,8.1,86.12
Telavi,41.7463,43.2375,2027-05-31T00:00:00+00:00,14.36,51.1
Kutaisi,42.8064,44.9351,2027-05-31T01:00:00+00:00,0.2,75.94
Kutaisi,42.0641,43.4105,2027-05-31T02:00:00+00:00,-3.08,66.59
Tbilisi,41.5991,44.2353,2027-05-31T03:00:00+00:00,12.5,26.45
Tbilisi,41.9406,43.3869,2027-05-31T04:00:00+00:00,20.18,68.0
Batumi,42.7349,41.1492,2027-05-31T05:00:00+00:00,26.54,25.97
Tbilisi,41.9627,42.321,2027-05-31T06:00:00+00:00,10.77,82.12
Telavi,42.2085,43.4877,2027-05-31T07:00:00+00:00,21.74,53.22
Tbilisi,41.9189,44.7535,2027-05-31T08:00:00+00:00,1.81,73.76
Kutaisi,41.7801,43.5023,2027-05-31T09:00:00+00:00,27.39,74.78
Tbilisi,41.436,42.7413,2027-05-31T10:00:00+00:00,2.89,85.12
Kutaisi,42.4303,45.4179,2027-05-31T11:00:00+00:00,8.04,51.18
Telavi,41.9792,42.6009,2027-05-31T12:00:00+00:00,-4.58,87.87
Tbilisi,42.4922,44.3059,2027-05-31T13:00:00+00:00,2.03,68.2
Kutaisi,42.6234,45.2057,2027-05-31T14:00:00+00:00,5.72,70.82
Tbilisi,41.3668,42.8944,2027-05-31T15:00:00+00:00,5.41,68.84
Batumi,42.3125,44.3509,2027-05-31T16:00:00+00:00,4.46,73.97
Telavi,41.3521,45.8104,2027-05-31T17:00:00+00:00,12.66,47.61
Kutaisi,41.5113,43.9005,2027-05-31T18:00:00+00:00,25.48,60.81
Tbilisi,42.2591,45.1842,2027-05-31T19:00:00+00:00,10.73,89.45
Batumi,42.9977,41.3083,2027-05-31T20:00:00+00:00,10.75,47.3
Tbilisi,42.5851,41.2691,2027-05-31T21:00:00+00:00,22.15,47.22
Tbilisi,41.8907,43.3116,2027-05-31T22:00:00+00:00,24.64,87.21
Tbilisi,42.7422,45.1964,2027-05-31T23:00:00+00:00,15.06,26.33
Kutaisi,42.5303,45.46,2027-06-01T00:00:00+00:00,2.82,85.25
Telavi,42.4972,45.968,2027-06-01T01:00:00+00:00,20.24,62.3
Kutaisi,42.862,43.4137,2027-06-01T02:00:00+00:00,20.14,31.42
Kutaisi,42.1615,43.7206,2027-06-01T03:00:00+00:00,12.63,52.82
Tbilisi,41.6693,42.491,2027-06-01T04:00:00+00:00,18.71,70.0
Tbilisi,41.9484,45.9285,2027-06-01T05:00:00+00:00,22.74,84.4
Telavi,42.218,44.0066,2027-06-01T06:00:00+00:00,-1.16,40.47
Batumi,42.9479,45.7039,2027-06-01T07:00:00+00:00,-4.62,65.98
Batumi,41.4338,44.4771,2027-06-01T08:00:00+00:00,-0.81,88.64
Telavi,42.0186,41.9752,2027-06-01T09:00:00+00:00,27.61,49.45
Batumi,41.1287,43.1728,2027-06-01T10:00:00+00:00,16.8,57.5
Tbilisi,41.7194,43.4101,2027-06-01T11:00:00+00:00,22.73,71.93
Tbilisi,42.0526,41.8639,2027-06-01T12:00:00+00:00,20.02,46.21
Kutaisi,42.593,44.7644,2027-06-01T13:00:00+00:00,13.92,66.65
Kutaisi,41.672,44.0002,2027-06-01T14:00:00+00:00,1.21,68.49
Kutaisi,42.7658,44.454,2027-06-01T15:00:00+00:00,7.93,54.32
Tbilisi,42.7393,45.4912,2027-06-01T16:00:00+00:00,2.8,74.87
Batumi,42.5356,43.7347,2027-06-01T17:00:00+00:00,29.79,32.41
Batumi,42.5948,42.7841,2027-06-01T18:00:00+00:00,0.75,79.77
Telavi,41.2077,44.631,2027-06-01T19:00:00+00:00,2.76,76.2
Telavi,41.6006,45.7161,2027-06-01T20:00:00+00:00,11.42,66.49
Telavi,41.5322,42.3849,2027-06-01T21:00:00+00:00,9.4,22.37
Batumi,42.7937,42.2269,2027-06-01T22:00:00+00:00,25.33,84.63
Tbilisi,42.9974,45.7459,2027-06-01T23:00:00+00:00,24.04,23.45
Tbilisi,42.8693,43.4009,2027-06-02T00:00:00+00:00,11.12,41.73
Kutaisi,42.5003,44.7359,2027-06-02T01:00:00+00:00,8.54,27.78
Tbilisi,41.6401,41.0527,2027-06-02T02:00:00+00:00,-4.94,83.31
Telavi,41.973,43.4591,2027-06-02T03:00:00+00:00,33.65,37.75
Telavi,41.1588,42.0607,2027-06-02T04:00:00+00:00,16.26,74.04
Telavi,41.7539,45.1504,2027-06-02T05:00:00+00:00,26.43,40.7
Kutaisi,41.4845,42.0963,2027-06-02T06:00:00+00:00,7.01,51.09
Kutaisi,42.4875,43.0421,2027-06-02T07:00:00+00:00,4.15,86.69
Batumi,41.3124,45.3265,2027-06-02T08:00:00+00:00,22.7,84.39
Batumi,42.004,44.0807,2027-06-02T09:00:00+00:00,-2.03,20.04
Batumi,41.9698,42.0337,2027-06-02T10:00:00+00:00,30.44,54.91
Kutaisi,42.9739,41.2514,2027-06-02T11:00:00+00:00,33.55,28.07
Kutaisi,41.0173,45.5414,2027-06-02T12:00:00+00:00,-4.84,53.13
Telavi,41.0528,43.391,2027-06-02T13:00:00+00:00,31.37,59.46
Batumi,42.1903,42.3484,2027-06-02T14:00:00+00:00,32.98,54.08
Batumi,42.953,43.0484,2027-06-02T15:00:00+00:00,-4.36,57.28
Kutaisi,42.1612,44.0325,2027-06-02T16:00:00+00:00,-1.27,72.6
Telavi,42.954,42.1592,2027-06-02T17:00:00+00:00,12.43,34.35
Telavi,42.2911,43.6358,2027-06-02T18:00:00+00:00,15.96,76.44
Kutaisi,42.8063,45.3605,2027-06-02T19:00:00+00:00,13.11,37.13
Kutaisi,42.9184,42.3197,2027-06-02T20:00:00+00:00,26.71,62.06
Telavi,41.129,43.1757,2027-06-02T21:00:00+00:00,28.77,42.41
Kutaisi,41.9578,43.3874,2027-06-02T22:00:00+00:00,14.33,36.59
Batumi,41.1587,42.1113,2027-06-02T23:00:00+00:00,5.97,51.86
Kutaisi,41.767,45.0741,2027-06-03T00:00:00+00:00,26.42,84.22
Tbilisi,42.8555,44.7798,2027-06-03T01:00:00+00:00,28.3,52.84
Kutaisi,41.9856,45.3524,2027-06-03T02:00:00+00:00,16.51,88.14
Batumi,42.4609,45.0699,2027-06-03T03:00:00+00:00,-3.38,74.53
Tbilisi,41.6474,41.0615,2027-06-03T04:00:00+00:00,6.47,71.76
Telavi,41.4602,42.6104,2027-06-03T05:00:00+00:00,9.57,22.27
Tbilisi,42.1433,42.3862,2027-06-03T06:00:00+00:00,32.02,40.33
Batumi,42.7195,44.6969,2027-06-03T07:00:00+00:00,13.77,88.65
Batumi,42.2201,42.2348,2027-06-03T08:00:00+00:00,30.33,23.87
Telavi,41.6725,42.0109,2027-06-03T09:00:00+00:00,30.09,33.63
Kutaisi,42.2251,43.3615,2027-06-03T10:00:00+00:00,32.31,77.48
Tbilisi,42.1406,45.9877,2027-06-03T11:00:00+00:00,1.26,33.01
Tbilisi,42.1888,45.5811,2027-06-03T12:00:00+00:00,16.01,59.21
Kutaisi,42.2658,43.5212,2027-06-03T13:00:00+00:00,29.38,30.24
Telavi,42.9685,43.3253,2027-06-03T14:00:00+00:00,32.58,37.33
Telavi,41.9113,43.9052,2027-06-03T15:00:00+00:00,27.52,70.73
Telavi,42.6911,43.0596,2027-06-03T16:00:00+00:00,17.77,66.01
Telavi,42.0065,42.6295,2027-06-03T17:00:00+00:00,8.4,20.78
Tbilisi,42.3722,42.4617,2027-06-03T18:00:00+00:00,34.84,66.32
Telavi,42.4085,44.003,2027-06-03T19:00:00+00:00,1.28,62.69
Tbilisi,42.3725,41.0861,2027-06-03T20:00:00+00:00,12.66,36.19
Batumi,42.3795,41.7378,2027-06-03T21:00:00+00:00,9.23,51.4
Batumi,41.6913,42.9291,2027-06-03T22:00:00+00:00,-4.37,63.48
Tbilisi,42.4757,43.1268,2027-06-03T23:00:00+00:00,-0.16,52.12
Kutaisi,41.4066,43.7557,2027-06-04T00:00:00+00:00,25.83,70.76
Telavi,41.3292,45.0077,2027-06-04T01:00:00+00:00,7.63,26.34
Telavi,42.3412,45.9111,2027-06-04T02:00:00+00:00,21.85,41.29
Telavi,41.6587,42.5771,2027-06-04T03:00:00+00:00,3.02,58.54
Tbilisi,41.7291,44.7083,2027-06-04T04:00:00+00:00,8.55,63.87
Batumi,41.8748,42.0846,2027-06-04T05:00:00+00:00,19.77,45.97
Telavi,42.4815,45.8687,2027-06-04T06:00:00+00:00,8.97,75.83
Tbilisi,41.8175,43.077,2027-06-04T07:00:00+00:00,2.27,74.56
Tbilisi,41.6351,43.7375,2027-06-04T08:00:00+00:00,17.11,74.7
Batumi,41.967,45.7217,2027-06-04T09:00:00+00:00,32.47,35.71
Batumi,41.2233,45.8926,2027-06-04T10:00:00+00:00,24.0,31.95
Tbilisi,41.4454,41.5171,2027-06-04T11:00:00+00:00,4.65,80.96
Telavi,42.377,43.8318,2027-06-04T12:00:00+00:00,28.16,57.04
Batumi,41.0667,43.7963,2027-06-04T13:00:00+00:00,22.34,55.13
Telavi,42.5567,44.8148,2027-06-04T14:00:00+00:00,32.15,49.64
Batumi,41.3979,42.9733,2027-06-04T15:00:00+00:00,8.44,48.96
Telavi,41.9496,42.857,2027-06-04T16:00:00+00:00,32.36,59.49
Telavi,42.5693,44.6751,2027-06-04T17:00:00+00:00,25.14,42.9
Tbilisi,42.6218,42.5923,2027-06-04T18:00:00+00:00,24.8,64.72
Telavi,41.9628,44.2947,2027-06-04T19:00:00+00:00,9.15,20.84
Tbilisi,41.3577,44.4422,2027-06-04T20:00:00+00:00,27.12,57.32
Tbilisi,41.0516,43.7029,2027-06-04T21:00:00+00:00,7.81,42.77
Telavi,41.3025,42.7131,2027-06-04T22:00:00+00:00,15.15,72.93
Telavi,42.2586,41.2323,2027-06-04T23:00:00+00:00,-4.15,40.17
Tbilisi,41.0328,42.4313,2027-06-05T00:00:00+00:00,9.79,75.24
Kutaisi,42.1597,41.5847,2027-06-05T01:00:00+00:00,10.16,56.61
Tbilisi,41.8562,44.4027,2027-06-05T02:00:00+00:00,-0.42,44.03
Kutaisi,42.2594,45.846,2027-06-05T03:00:00+00:00,-1.43,65.35
Tbilisi,42.4093,43.2023,2027-06-05T04:00:00+00:00,21.18,23.15
Tbilisi,42.7434,42.5594,2027-06-05T05:00:00+00:00,17.08,22.37
Batumi,41.2602,43.3878,2027-06-05T06:00:00+00:00,11.25,82.43
Tbilisi,42.8537,42.9221,2027-06-05T07:00:00+00:00,19.28,41.54
Batumi,41.6641,44.2456,2027-06-05T08:00:00+00:00,24.56,79.66
Tbilisi,42.8406,42.1263,2027-06-05T09:00:00+00:00,21.22,34.78
Batumi,41.8069,43.4362,2027-06-05T10:00:00+00:00,29.83,41.31
Kutaisi,42.5424,45.5815,2027-06-05T11:00:00+00:00,-1.11,22.69
Batumi,41.4714,41.3231,2027-06-05T12:00:00+00:00,25.53,40.78
Batumi,41.5213,44.2345,2027-06-05T13:00:00+00:00,29.88,62.88
Telavi,41.8028,42.2389,2027-06-05T14:00:00+00:00,19.3,73.93
Tbilisi,41.5197,42.0586,2027-06-05T15:00:00+00:00,31.29,69.7
Tbilisi,41.5465,45.8645,2027-06-05T16:00:00+00:00,31.09,58.51
Telavi,41.9916,41.8286,2027-06-05T17:00:00+00:00,7.65,41.11
Telavi,41.219,43.1877,2027-06-05T18:00:00+00:00,17.59,55.14
Telavi,41.4215,43.4891,2027-06-05T19:00:00+00:00,-4.44,61.3
Tbilisi,42.7751,45.8482,2027-06-05T20:00:00+00:00,33.37,83.77
Tbilisi,41.4458,41.0891,2027-06-05T21:00:00+00:00,29.32,58.19
Telavi,42.2055,44.3968,2027-06-05T22:00:00+00:00,16.98,45.54
Tbilisi,41.762,42.6276,2027-06-05T23:00:00+00:00,32.1,46.95
Batumi,41.7394,42.1582,2027-06-06T00:00:00+00:00,1.19,44.44
Telavi,41.216,43.2069,2027-06-06T01:00:00+00:00,18.74,51.67
Batumi,42.5406,41.809,2027-06-06T02:00:00+00:00,25.24,82.05
Kutaisi,42.8558,44.9589,2027-06-06T03:00:00+00:00,20.56,85.93
Telavi,41.5602,41.1856,2027-06-06T04:00:00+00:00,-2.6,59.48
Telavi,41.2395,45.5187,2027-06-06T05:00:00+00:00,21.08,26.27
Kutaisi,42.548,41.4702,2027-06-06T06:00:00+00:00,11.97,82.57
Batumi,41.7653,45.7187,2027-06-06T07:00:00+00:00,-1.7,78.4
Kutaisi,41.8956,45.4833,2027-06-06T08:00:00+00:00,8.32,79.37
Kutaisi,42.5321,42.8499,2027-06-06T09:00:00+00:00,12.21,39.88
Kutaisi,42.3644,43.5011,2027-06-06T10:00:00+00:00,20.31,61.97
Telavi,42.4771,42.429,2027-06-06T11:00:00+00:00,34.44,37.99
Tbilisi,42.6704,45.6601,2027-06-06T12:00:00+00:00,27.71,59.04
Kutaisi,42.1899,43.4255,2027-06-06T13:00:00+00:00,12.14,21.46
Batumi,42.6212,45.0399,2027-06-06T14:00:00+00:00,12.77,61.6
Kutaisi,42.4719,42.5623,2027-06-06T15:00:00+00:00,1.94,53.27
Telavi,41.0049,45.0082,2027-06-06T16:00:00+00:00,6.25,67.31
Kutaisi,41.8731,45.2243,2027-06-06T17:00:00+00:00,30.74,20.24
Batumi,41.8707,41.6199,2027-06-06T18:00:00+00:00,9.09,39.77
Kutaisi,41.7064,42.9269,2027-06-06T19:00:00+00:00,17.28,30.04
Telavi,42.4397,45.1556,2027-06-06T20:00:00+00:00,3.31,37.91
Tbilisi,42.7262,42.8004,2027-06-06T21:00:00+00:00,-2.1,20.62
Kutaisi,41.5463,41.6626,2027-06-06T22:00:00+00:00,33.71,45.34
Batumi,42.7325,42.6963,2027-06-06T23:00:00+00:00,9.71,83.18
Tbilisi,42.0211,42.3694,2027-06-07T00:00:00+00:00,30.07,84.59
Tbilisi,41.8772,43.3541,2027-06-07T01:00:00+00:00,1.05,33.17
Kutaisi,41.0652,44.3198,2027-06-07T02:00:00+00:00,21.26,34.83
Tbilisi,42.4666,42.2412,2027-06-07T03:00:00+00:00,11.27,31.09
Batumi,41.4877,45.392,2027-06-07T04:00:00+00:00,0.01,51.3
Telavi,41.8779,43.1721,2027-06-07T05:00:00+00:00,19.58,83.81
Tbilisi,42.1613,45.2226,2027-06-07T06:00:00+00:00,25.49,57.62
Telavi,42.2803,43.289,2027-06-07T07:00:00+00:00,6.77,68.02
Kutaisi,41.537,44.0529,2027-06-07T08:00:00+00:00,26.49,34.09
Telavi,41.6932,45.4241,2027-06-07T09:00:00+00:00,1.28,80.64
Telavi,41.8177,42.3032,2027-06-07T10:00:00+00:00,27.6,87.48
Tbilisi,42.8196,42.6517,2027-06-07T11:00:00+00:00,11.17,49.59
Telavi,42.2923,42.0462,2027-06-07T12:00:00+00:00,2.47,33.4
Telavi,41.2469,44.5658,2027-06-07T13:00:00+00:00,26.08,81.2
Telavi,41.9004,41.0741,2027-06-07T14:00:00+00:00,4.73,22.89
Batumi,42.1092,43.6701,2027-06-07T15:00:00+00:00,2.58,27.13
Kutaisi,42.591,44.3237,2027-06-07T16:00:00+00:00,30.48,26.71
Tbilisi,41.2108,43.0141,2027-06-07T17:00:00+00:00,16.62,20.79
Batumi,41.8467,43.6887,2027-06-07T18:00:00+00:00,29.75,80.99
Batumi,42.0015,45.1827,2027-06-07T19:00:00+00:00,24.5,63.02
Kutaisi,42.9101,41.3598,2027-06-07T20:00:00+00:00,9.14,74.24
Batumi,42.1267,43.7209,2027-06-07T21:00:00+00:00,-1.23,53.93
Kutaisi,42.6182,45.3013,2027-06-07T22:00:00+00:00,18.19,25.91
Telavi,42.5498,41.0616,2027-06-07T23:00:00+00:00,11.81,32.83
Telavi,41.7064,42.4485,2027-06-08T00:00:00+00:00,-3.49,29.88
Batumi,42.6195,42.5547,2027-06-08T01:00:00+00:00,33.08,58.65
Batumi,41.2892,45.6182,2027-06-08T02:00:00+00:00,8.48,64.68
Batumi,42.7377,45.4688,2027-06-08T03:00:00+00:00,33.47,26.95
Batumi,41.6747,45.7773,2027-06-08T04:00:00+00:00,0.01,24.22
Kutaisi,41.0663,42.6154,2027-06-08T05:00:00+00:00,14.2,62.95
Telavi,42.8465,41.0883,2027-06-08T06:00:00+00:00,0.44,63.06
Tbilisi,41.0743,45.9942,2027-06-08T07:00:00+00:00,14.1,44.77
Telavi,42.0619,43.092,2027-06-08T08:00:00+00:00,9.97,88.64
Batumi,41.8375,41.4647,2027-06-08T09:00:00+00:00,10.65,85.1
Batumi,41.2274,41.2099,2027-06-08T10:00:00+00:00,33.15,52.97
Batumi,41.1078,44.4295,2027-06-08T11:00:00+00:00,13.14,84.65
Batumi,42.1571,41.9751,2027-06-08T12:00:00+00:00,-4.6,82.56
Batumi,41.0523,41.2602,2027-06-08T13:00:00+00:00,28.82,71.73
Telavi,41.3542,44.9805,2027-06-08T14:00:00+00:00,14.3,64.27
Kutaisi,41.9849,43.5683,2027-06-08T15:00:00+00:00,8.05,65.73
Batumi,41.1262,41.8412,2027-06-08T16:00:00+00:00,4.14,28.2
Kutaisi,42.8786,41.7634,2027-06-08T17:00:00+00:00,26.39,34.5
Batumi,42.1498,44.3531,2027-06-08T18:00:00+00:00,1.99,73.96
Kutaisi,41.0743,42.4836,2027-06-08T19:00:00+00:00,21.83,67.32
Kutaisi,41.9786,45.4167,2027-06-08T20:00:00+00:00,6.67,64.86
Telavi,42.5748,42.805,2027-06-08T21:00:00+00:00,5.73,58.23
Tbilisi,41.9511,44.1459,2027-06-08T22:00:00+00:00,28.21,32.16
Kutaisi,42.507,42.0834,2027-06-08T23:00:00+00:00,11.44,61.91
Batumi,41.9561,42.7519,2027-06-09T00:00:00+00:00,34.12,65.47
Tbilisi,41.5603,45.5906,2027-06-09T01:00:00+00:00,16.77,57.78
Kutaisi,41.0774,45.3725,2027-06-09T02:00:00+00:00,14.99,52.53
Tbilisi,42.2341,41.2711,2027-06-09T03:00:00+00:00,2.53,51.07
Batumi,41.19,45.3941,2027-06-09T04:00:00+00:00,26.74,73.61
Tbilisi,41.5655,42.0474,2027-06-09T05:00:00+00:00,-0.6,73.02
Telavi,42.1614,42.3232,2027-06-09T06:00:00+00:00,-0.38,25.84
Telavi,41.062,45.4333,2027-06-09T07:00:00+00:00,22.09,89.23
Batumi,41.6538,41.0357,2027-06-09T08:00:00+00:00,32.44,31.65
Batumi,42.6189,42.9161,2027-06-09T09:00:00+00:00,22.46,34.49
Telavi,42.4865,41.6523,2027-06-09T10:00:00+00:00,10.45,78.65
Batumi,41.4622,42.8957,2027-06-09T11:00:00+00:00,6.71,83.29
Batumi,41.3806,41.039,2027-06-09T12:00:00+00:00,14.01,68.38
Tbilisi,42.2041,43.9104,2027-06-09T13:00:00+00:00,7.66,84.49
Kutaisi,41.0924,44.812,2027-06-09T14:00:00+00:00,19.15,64.58
Kutaisi,41.0577,41.368,2027-06-09T15:00:00+00:00,30.84,20.81
Kutaisi,41.8261,43.2049,2027-06-09T16:00:00+00:00,27.34,64.64
Batumi,42.6051,45.9887,2027-06-09T17:00:00+00:00,9.59,45.84
Telavi,42.5995,42.1932,2027-06-09T18:00:00+00:00,2.28,27.66
Tbilisi,41.3001,41.9286,2027-06-09T19:00:00+00:00,32.14,56.91
Telavi,41.9579,41.4891,2027-06-09T20:00:00+00:00,10.87,42.86
Telavi,41.0434,42.4743,2027-06-09T21:00:00+00:00,1.7,33.53
Telavi,41.8806,42.4377,2027-06-09T22:00:00+00:00,21.57,60.6
Kutaisi,41.9416,43.4919,2027-06-09T23:00:00+00:00,2.67,29.0
Telavi,42.7275,44.1202,2027-06-10T00:00:00+00:00,19.73,78.52
Kutaisi,41.3264,45.9251,2027-06-10T01:00:00+00:00,7.64,52.52
Tbilisi,41.8021,44.6435,2027-06-10T02:00:00+00:00,29.47,26.9
Tbilisi,41.6345,45.7855,2027-06-10T03:00:00+00:00,-1.26,38.06
Kutaisi,41.232,42.4638,2027-06-10T04:00:00+00:00,27.24,41.82
Kutaisi,42.7737,45.8308,2027-06-10T05:00:00+00:00,12.58,25.21
Batumi,41.8873,45.6154,2027-06-10T06:00:00+00:00,13.8,78.91
Kutaisi,41.1848,45.4568,2027-06-10T07:00:00+00:00,-4.98,48.69
Kutaisi,41.6205,45.7197,2027-06-10T08:00:00+00:00,21.19,57.99
Telavi,42.4806,41.0246,2027-06-10T09:00:00+00:00,5.17,82.49
Tbilisi,42.8663,43.0166,2027-06-10T10:00:00+00:00,31.25,52.31
Telavi,41.2085,44.2513,2027-06-10T11:00:00+00:00,-3.53,27.25
Batumi,41.9039,43.6613,2027-06-10T12:00:00+00:00,29.28,66.53
Tbilisi,41.9102,41.1481,2027-06-10T13:00:00+00:00,4.78,42.25
Telavi,41.7153,45.1929,2027-06-10T14:00:00+00:00,5.38,22.15
Tbilisi,42.3314,45.2604,2027-06-10T15:00:00+00:00,32.2,83.77
Kutaisi,42.7116,44.9057,2027-06-10T16:00:00+00:00,23.91,69.67
Telavi,42.1059,45.7963,2027-06-10T17:00:00+00:00,29.07,25.26
Telavi,42.7401,42.0289,2027-06-10T18:00:00+00:00,25.49,32.08
Tbilisi,42.6724,42.2674,2027-06-10T19:00:00+00:00,34.94,42.2
Kutaisi,42.3178,45.7131,2027-06-10T20:00:00+00:00,0.78,83.67
Batumi,41.2539,45.7617,2027-06-10T21:00:00+00:00,-2.5,49.78
Kutaisi,41.2526,41.3664,2027-06-10T22:00:00+00:00,-1.83,84.44
Kutaisi,41.8007,42.1216,2027-06-10T23:00:00+00:00,27.27,85.9
Kutaisi,41.1956,44.5085,2027-06-11T00:00:00+00:00,19.54,36.66
Telavi,41.7818,41.7343,2027-06-11T01:00:00+00:00,28.82,54.67
Telavi,41.5142,41.9416,2027-06-11T02:00:00+00:00,32.02,26.9
Telavi,42.5041,42.3517,2027-06-11T03:00:00+00:00,26.7,20.67
Tbilisi,42.5583,44.2279,2027-06-11T04:00:00+00:00,6.52,26.73
Batumi,41.9516,45.9971,2027-06-11T05:00:00+00:00,21.13,85.19
Kutaisi,42.2815,44.7142,2027-06-11T06:00:00+00:00,26.59,64.29
Tbilisi,42.893,43.7166,2027-06-11T07:00:00+00:00,28.91,23.19
Telavi,42.0711,43.883,2027-06-11T08:00:00+00:00,22.38,42.49
Telavi,41.107,43.7871,2027-06-11T09:00:00+00:00,25.64,35.92
Tbilisi,41.5486,44.4775,2027-06-11T10:00:00+00:00,7.91,80.11
Kutaisi,42.2775,43.4423,2027-06-11T11:00:00+00:00,28.51,36.83
Kutaisi,42.4043,42.8556,2027-06-11T12:00:00+00:00,21.18,65.71
Telavi,41.4972,44.7953,2027-06-11T13:00:00+00:00,14.11,26.56
Telavi,42.0039,42.8013,2027-06-11T14:00:00+00:00,28.44,45.4
Batumi,41.153,45.0433,2027-06-11T15:00:00+00:00,23.1,75.79
Kutaisi,41.0976,45.9174,2027-06-11T16:00:00+00:00,26.81,35.0
Tbilisi,41.1652,44.7382,2027-06-11T17:00:00+00:00,15.73,63.5
Telavi,41.5373,41.0892,2027-06-11T18:00:00+00:00,19.81,31.84
Tbilisi,41.6551,44.9392,2027-06-11T19:00:00+00:00,32.52,22.28
Kutaisi,41.9662,43.8526,2027-06-11T20:00:00+00:00,15.09,57.14
Telavi,42.4598,42.9529,2027-06-11T21:00:00+00:00,15.21,47.77
Batumi,42.482,44.0317,2027-06-11T22:00:00+00:00,20.4,32.03
Tbilisi,41.852,44.1772,2027-06-11T23:00:00+00:00,-1.38,44.24
Kutaisi,41.0705,44.45,2027-06-12T00:00:00+00:00,23.95,82.91
Telavi,41.355,43.4398,2027-06-12T01:00:00+00:00,20.84,82.47
Tbilisi,42.021,43.6637,2027-06-12T02:00:00+00:00,24.43,65.93
Telavi,42.0046,42.0069,2027-06-12T03:00:00+00:00,25.49,30.51
Tbilisi,41.9207,43.9128,2027-06-12T04:00:00+00:00,19.11,81.47
Batumi,42.557,45.4038,2027-06-12T05:00:00+00:00,3.39,86.89
Batumi,41.6586,43.4302,2027-06-12T06:00:00+00:00,0.48,20.16
Batumi,42.0382,42.7202,2027-06-12T07:00:00+00:00,25.27,50.02
Telavi,41.3497,43.3025,2027-06-12T08:00:00+00:00,-0.35,87.54
Tbilisi,41.379,44.9558,2027-06-12T09:00:00+00:00,14.87,69.59
Batumi,41.2879,42.5777,2027-06-12T10:00:00+00:00,14.68,68.97
Kutaisi,41.3598,44.9218,2027-06-12T11:00:00+00:00,22.05,41.67
Batumi,41.0237,42.2632,2027-06-12T12:00:00+00:00,-3.61,61.57
Telavi,41.5218,42.8481,2027-06-12T13:00:00+00:00,15.33,24.59
Kutaisi,41.2869,41.2521,2027-06-12T14:00:00+00:00,29.38,43.05
Batumi,42.3262,45.2346,2027-06-12T15:00:00+00:00,8.2,86.66
Tbilisi,42.727,43.8734,2027-06-12T16:00:00+00:00,9.36,79.39
Telavi,41.9887,45.0036,2027-06-12T17:00:00+00:00,23.25,35.66
Kutaisi,42.3428,41.9107,2027-06-12T18:00:00+00:00,3.43,60.95
Telavi,41.2979,43.6029,2027-06-12T19:00:00+00:00,20.07,49.56
Tbilisi,41.2553,41.7429,2027-06-12T20:00:00+00:00,4.57,27.26
Tbilisi,41.4788,42.0374,2027-06-12T21:00:00+00:00,-0.72,53.28
Batumi,41.7459,44.8247,2027-06-12T22:00:00+00:00,-3.23,80.79
Telavi,42.9487,42.3946,2027-06-12T23:00:00+00:00,16.01,74.33
Kutaisi,42.4229,45.3843,2027-06-13T00:00:00+00:00,1.82,29.76
Batumi,41.3627,45.2805,2027-06-13T01:00:00+00:00,31.25,59.04
Batumi,42.0474,42.6088,2027-06-13T02:00:00+00:00,23.15,76.37
Tbilisi,42.8823,44.7845,2027-06-13T03:00:00+00:00,23.78,41.31
Tbilisi,41.4971,41.0597,2027-06-13T04:00:00+00:00,16.07,44.73
Telavi,42.9176,42.0255,2027-06-13T05:00:00+00:00,19.72,28.67
Tbilisi,41.8485,45.7316,2027-06-13T06:00:00+00:00,17.16,29.84
Tbilisi,42.0317,44.0864,2027-06-13T07:00:00+00:00,27.39,34.64
Tbilisi,41.7448,44.123,2027-06-13T08:00:00+00:00,-2.02,51.44
Kutaisi,41.5399,43.9928,2027-06-13T09:00:00+00:00,17.36,74.08
Batumi,42.0806,41.9867,2027-06-13T10:00:00+00:00,20.52,88.92
Telavi,42.7758,45.0197,2027-06-13T11:00:00+00:00,16.75,26.7
Batumi,41.8908,44.3557,2027-06-13T12:00:00+00:00,17.99,47.7
Kutaisi,42.6846,42.5658,2027-06-13T13:00:00+00:00,-3.75,79.94
Tbilisi,41.031,45.5689,2027-06-13T14:00:00+00:00,31.73,42.53
Batumi,42.7081,45.5861,2027-06-13T15:00:00+00:00,17.07,27.08
Tbilisi,42.5581,41.1372,2027-06-13T16:00:00+00:00,17.22,32.54
Batumi,42.0349,42.6101,2027-06-13T17:00:00+00:00,27.24,29.54
Kutaisi,41.9843,43.9578,2027-06-13T18:00:00+00:00,17.13,31.62
Kutaisi,42.0309,44.6816,2027-06-13T19:00:00+00:00,3.77,24.91
Kutaisi,41.8523,42.4739,2027-06-13T20:00:00+00:00,7.85,79.49
Batumi,41.4327,41.1666,2027-06-13T21:00:00+00:00,25.87,46.69
Telavi,42.3621,43.4671,2027-06-13T22:00:00+00:00,20.79,66.38
Telavi,41.4263,45.5271,2027-06-13T23:00:00+00:00,-1.38,60.11
Tbilisi,42.4373,44.4848,2027-06-14T00:00:00+00:00,34.96,89.24
Kutaisi,41.6739,42.1011,2027-06-14T01:00:00+00:00,18.8,54.31
Tbilisi,42.682,42.2782,2027-06-14T02:00:00+00:00,-2.72,54.14
Tbilisi,42.9451,41.0421,2027-06-14T03:00:00+00:00,32.92,54.0
Batumi,41.055,41.4876,2027-06-14T04:00:00+00:00,16.54,29.6
Tbilisi,42.7923,42.434,2027-06-14T05:00:00+00:00,31.78,56.22
Tbilisi,41.9536,45.0323,2027-06-14T06:00:00+00:00,10.65,77.97
Telavi,42.9475,42.4928,2027-06-14T07:00:00+00:00,6.94,59.12
Telavi,41.4877,42.8009,2027-06-14T08:00:00+00:00,26.57,42.49
Telavi,42.89,45.1724,2027-06-14T09:00:00+00:00,18.02,62.41
Kutaisi,42.433,42.0942,2027-06-14T10:00:00+00:00,27.28,85.8
Tbilisi,41.2588,45.0722,2027-06-14T11:00:00+00:00,34.46,83.46
Tbilisi,42.2428,43.3834,2027-06-14T12:00:00+00:00,27.51,87.88
Tbilisi,42.6942,42.5689,2027-06-14T13:00:00+00:00,34.01,42.46
Tbilisi,42.1367,44.7676,2027-06-14T14:00:00+00:00,26.59,79.49
Kutaisi,41.5554,43.1772,2027-06-14T15:00:00+00:00,33.06,51.27
Tbilisi,42.6487,43.2363,2027-06-14T16:00:00+00:00,6.78,32.98
Kutaisi,41.5206,45.6327,2027-06-14T17:00:00+00:00,20.43,83.29
Kutaisi,42.8465,44.3299,2027-06-14T18:00:00+00:00,11.79,75.83
Kutaisi,41.0192,44.9353,2027-06-14T19:00:00+00:00,-3.06,71.05
Telavi,42.5978,44.0071,2027-06-14T20:00:00+00:00,18.87,36.99
Tbilisi,41.1431,45.4213,2027-06-14T21:00:00+00:00,29.56,25.49
Tbilisi,41.6982,44.1457,2027-06-14T22:00:00+00:00,-2.91,64.11
Tbilisi,42.1418,45.2145,2027-06-14T23:00:00+00:00,26.34,39.02
Telavi,41.7187,43.5957,2027-06-15T00:00:00+00:00,-4.78,23.43
Tbilisi,42.7789,41.1871,2027-06-15T01:00:00+00:00,6.72,48.86
Kutaisi,41.5038,43.3098,2027-06-15T02:00:00+00:00,16.14,34.77
Telavi,41.702,42.8064,2027-06-15T03:00:00+00:00,-4.24,89.55
Batumi,42.7194,42.9816,2027-06-15T04:00:00+00:00,0.38,51.04
Tbilisi,41.1663,41.9621,2027-06-15T05:00:00+00:00,-3.42,52.94
Kutaisi,42.477,41.4459,2027-06-15T06:00:00+00:00,15.29,31.94
Tbilisi,42.5852,42.9203,2027-06-15T07:00:00+00:00,2.08,66.05
Tbilisi,42.1137,41.5875,2027-06-15T08:00:00+00:00,17.65,62.12
Kutaisi,41.4805,42.691,2027-06-15T09:00:00+00:00,-4.14,80.76
Tbilisi,42.5518,42.2836,2027-06-15T10:00:00+00:00,20.28,67.86
Telavi,42.8988,43.421,2027-06-15T11:00:00+00:00,25.65,70.52
Telavi,42.7562,45.0928,2027-06-15T12:00:00+00:00,28.33,27.11
Tbilisi,42.3816,45.4636,2027-06-15T13:00:00+00:00,26.08,30.94
Batumi,41.2433,43.2928,2027-06-15T14:00:00+00:00,13.87,31.35
Kutaisi,42.9268,41.4982,2027-06-15T15:00:00+00:00,15.4,84.44
Kutaisi,41.7594,43.0971,2027-06-15T16:00:00+00:00,9.62,86.38
Batumi,41.5026,42.5416,2027-06-15T17:00:00+00:00,32.66,57.96
Batumi,42.017,44.8632,2027-06-15T18:00:00+00:00,29.67,79.93
Batumi,42.7279,44.1636,2027-06-15T19:00:00+00:00,5.87,72.21
Kutaisi,42.5348,45.6677,2027-06-15T20:00:00+00:00,18.83,69.72
Telavi,42.4963,42.6231,2027-06-15T21:00:00+00:00,17.99,70.23
Kutaisi,42.8309,42.4967,2027-06-15T22:00:00+00:00,16.21,84.46
Kutaisi,41.04,41.0248,2027-06-15T23:00:00+00:00,21.42,46.91
Kutaisi,42.7941,42.1731,2027-06-16T00:00:00+00:00,33.82,60.6
Kutaisi,42.1207,45.215,2027-06-16T01:00:00+00:00,15.13,59.21
Telavi,42.5039,43.3921,2027-06-16T02:00:00+00:00,21.64,67.15
Telavi,41.8361,42.2732,2027-06-16T03:00:00+00:00,17.89,84.77
Telavi,42.0623,42.6081,2027-06-16T04:00:00+00:00,5.97,30.36
Tbilisi,42.1258,45.275,2027-06-16T05:00:00+00:00,13.18,49.64
Telavi,41.6132,43.1761,2027-06-16T06:00:00+00:00,13.31,49.76
Telavi,42.5071,44.4604,2027-06-16T07:00:00+00:00,-1.74,28.43
Batumi,42.7883,41.8184,2027-06-16T08:00:00+00:00,28.54,28.83
Batumi,41.2264,43.1761,2027-06-16T09:00:00+00:00,18.17,79.18
Tbilisi,42.0619,42.7752,2027-06-16T10:00:00+00:00,25.08,51.32
Tbilisi,41.0523,42.8738,2027-06-16T11:00:00+00:00,21.1,71.36
Batumi,42.593,44.6684,2027-06-16T12:00:00+00:00,21.08,77.7
Telavi,41.9699,44.3079,2027-06-16T13:00:00+00:00,29.23,74.96
Telavi,42.9319,45.5835,2027-06-16T14:00:00+00:00,34.77,39.02
Kutaisi,42.6099,45.2294,2027-06-16T15:00:00+00:00,13.72,84.77
Batumi,42.9385,45.9801,2027-06-16T16:00:00+00:00,24.99,68.8
Kutaisi,41.7371,42.4105,2027-06-16T17:00:00+00:00,19.71,22.5
Kutaisi,41.9166,42.6188,2027-06-16T18:00:00+00:00,9.81,89.54
Batumi,41.9812,45.7489,2027-06-16T19:00:00+00:00,5.68,72.24
Kutaisi,41.7139,44.6628,2027-06-16T20:00:00+00:00,23.38,65.81
Telavi,42.8845,45.6976,2027-06-16T21:00:00+00:00,21.92,34.74
Kutaisi,42.3797,45.8578,2027-06-16T22:00:00+00:00,-4.87,83.33
Kutaisi,41.0528,43.8265,2027-06-16T23:00:00+00:00,8.66,35.11
Tbilisi,42.3717,41.8027,2027-06-17T00:00:00+00:00,32.14,52.91
Batumi,41.9496,43.8589,2027-06-17T01:00:00+00:00,21.89,81.65
Telavi,41.1204,44.5869,2027-06-17T02:00:00+00:00,18.24,39.09
Batumi,42.4708,44.2256,2027-06-17T03:00:00+00:00,12.06,48.22
Batumi,41.8195,43.1183,2027-06-17T04:00:00+00:00,19.41,22.18
Batumi,42.5557,43.1759,2027-06-17T05:00:00+00:00,30.01,38.49
Batumi,42.2828,44.8514,2027-06-17T06:00:00+00:00,33.5,76.28
Kutaisi,41.3931,42.8018,2027-06-17T07:00:00+00:00,-2.73,53.74
Telavi,42.6039,43.1618,2027-06-17T08:00:00+00:00,3.96,54.7
Telavi,42.3615,42.2802,2027-06-17T09:00:00+00:00,6.13,27.43
Kutaisi,42.1285,41.3231,2027-06-17T10:00:00+00:00,-0.53,33.51
Telavi,42.1639,41.1085,2027-06-17T11:00:00+00:00,28.45,52.95
Batumi,41.6862,41.8797,2027-06-17T12:00:00+00:00,-3.56,47.17
Tbilisi,41.6974,44.0652,2027-06-17T13:00:00+00:00,16.21,53.63
Batumi,41.4163,43.3912,2027-06-17T14:00:00+00:00,-3.16,56.67
Batumi,41.4315,45.2498,2027-06-17T15:00:00+00:00,7.31,71.59
Tbilisi,41.2828,45.7347,2027-06-17T16:00:00+00:00,14.21,36.22
Telavi,42.1484,44.5805,2027-06-17T17:00:00+00:00,25.32,39.51
Kutaisi,41.1953,41.0189,2027-06-17T18:00:00+00:00,22.87,67.09
Kutaisi,42.8153,44.0659,2027-06-17T19:00:00+00:00,-0.28,68.6
Kutaisi,41.8411,42.3142,2027-06-17T20:00:00+00:00,4.89,89.36
Batumi,42.1066,45.9675,2027-06-17T21:00:00+00:00,31.23,38.42
Kutaisi,42.1802,41.4794,2027-06-17T22:00:00+00:00,-1.72,30.16
Batumi,42.6528,43.8144,2027-06-17T23:00:00+00:00,31.24,88.7
Kutaisi,42.2055,42.9239,2027-06-18T00:00:00+00:00,12.29,50.29
Kutaisi,41.3084,43.8698,2027-06-18T01:00:00+00:00,32.09,77.9
Batumi,42.442,42.7862,2027-06-18T02:00:00+00:00,29.47,72.21
Kutaisi,42.7732,43.6495,2027-06-18T03:00:00+00:00,7.0,36.96
Telavi,41.4826,44.139,2027-06-18T04:00:00+00:00,20.2,42.72
Batumi,41.0195,45.9057,2027-06-18T05:00:00+00:00,2.17,51.4
Batumi,42.3676,41.3966,2027-06-18T06:00:00+00:00,13.16,34.3
Tbilisi,41.8021,42.7887,2027-06-18T07:00:00+00:00,32.95,43.1
Batumi,41.3159,43.2176,2027-06-18T08:00:00+00:00,19.25,39.45
Kutaisi,42.3511,44.5148,2027-06-18T09:00:00+00:00,4.84,52.61
Telavi,42.9083,44.5935,2027-06-18T10:00:00+00:00,25.49,54.12
Batumi,42.4676,45.3984,2027-06-18T11:00:00+00:00,16.06,78.25
Tbilisi,42.6027,45.2752,2027-06-18T12:00:00+00:00,33.7,50.97
Telavi,41.9603,43.4893,2027-06-18T13:00:00+00:00,16.53,84.35
Tbilisi,41.104,41.0901,2027-06-18T14:00:00+00:00,10.18,81.04
Batumi,42.1936,45.331,2027-06-18T15:00:00+00:00,33.29,46.66
Batumi,42.6697,42.4085,2027-06-18T16:00:00+00:00,24.75,54.03
Tbilisi,42.3314,41.251,2027-06-18T17:00:00+00:00,-4.27,21.41
Tbilisi,42.4087,41.0398,2027-06-18T18:00:00+00:00,27.23,59.67
Batumi,42.1903,45.0224,2027-06-18T19:00:00+00:00,4.97,68.19
Telavi,41.1125,45.6295,2027-06-18T20:00:00+00:00,11.89,50.65
Tbilisi,41.5822,42.9783,2027-06-18T21:00:00+00:00,27.01,42.25
Tbilisi,42.1649,42.8502,2027-06-18T22:00:00+00:00,31.11,66.32
Tbilisi,42.7645,44.5964,2027-06-18T23:00:00+00:00,15.45,45.86
Telavi,42.6867,45.772,2027-06-19T00:00:00+00:00,-1.33,35.32
Tbilisi,42.3888,44.6195,2027-06-19T01:00:00+00:00,23.63,89.1
Telavi,41.5505,41.9528,2027-06-19T02:00:00+00:00,31.21,51.57
Telavi,42.9031,45.0095,2027-06-19T03:00:00+00:00,34.96,20.48
Tbilisi,42.4113,44.501,2027-06-19T04:00:00+00:00,34.91,88.28
Batumi,41.9063,42.1802,2027-06-19T05:00:00+00:00,18.82,76.79
Tbilisi,41.1669,45.4282,2027-06-19T06:00:00+00:00,-4.77,66.24
Kutaisi,42.1314,43.0687,2027-06-19T07:00:00+00:00,-1.93,75.92
Batumi,42.8387,41.7965,2027-06-19T08:00:00+00:00,24.04,82.75
Tbilisi,42.9657,43.0796,2027-06-19T09:00:00+00:00,3.35,46.69
Kutaisi,42.693,43.9678,2027-06-19T10:00:00+00:00,32.06,23.71
Kutaisi,42.7103,45.8792,2027-06-19T11:00:00+00:00,5.83,43.9
Tbilisi,42.6691,45.1434,2027-06-19T12:00:00+00:00,-1.66,78.1
Tbilisi,42.9878,41.1627,2027-06-19T13:00:00+00:00,7.11,23.68
Kutaisi,42.4927,45.6136,2027-06-19T14:00:00+00:00,23.31,60.05
Kutaisi,42.2225,45.5566,2027-06-19T15:00:00+00:00,33.48,76.89
Telavi,41.1162,45.8206,2027-06-19T16:00:00+00:00,14.28,62.03
Batumi,42.5977,44.5139,2027-06-19T17:00:00+00:00,5.96,84.89
Telavi,42.9934,44.0348,2027-06-19T18:00:00+00:00,11.69,79.31
Kutaisi,42.8255,45.2134,2027-06-19T19:00:00+00:00,8.29,30.48
Telavi,41.6999,45.187,2027-06-19T20:00:00+00:00,1.77,41.67
Kutaisi,42.5142,42.934,2027-06-19T21:00:00+00:00,30.07,66.4
Telavi,42.5137,44.9018,2027-06-19T22:00:00+00:00,25.4,43.63
Kutaisi,42.7596,44.6937,2027-06-19T23:00:00+00:00,1.37,74.4
Tbilisi,42.5867,42.5005,2027-06-20T00:00:00+00:00,17.32,75.21
Telavi,41.111,45.8225,2027-06-20T01:00:00+00:00,-4.16,25.29
Telavi,42.3423,45.314,2027-06-20T02:00:00+00:00,9.16,54.31
Batumi,41.803,44.6901,2027-06-20T03:00:00+00:00,10.26,87.02
Tbilisi,41.5253,44.6706,2027-06-20T04:00:00+00:00,-1.34,40.93
Kutaisi,42.4932,44.1207,2027-06-20T05:00:00+00:00,31.97,73.6
Telavi,41.9874,44.1458,2027-06-20T06:00:00+00:00,16.2,24.24
Kutaisi,42.6961,41.324,2027-06-20T07:00:00+00:00,27.77,35.91
Telavi,42.9589,45.4099,2027-06-20T08:00:00+00:00,11.43,37.64
Telavi,41.086,41.7149,2027-06-20T09:00:00+00:00,-2.49,70.79
Tbilisi,41.5896,45.3705,2027-06-20T10:00:00+00:00,32.08,51.17
Telavi,42.3189,41.393,2027-06-20T11:00:00+00:00,21.14,23.09
Tbilisi,42.8033,42.0998,2027-06-20T12:00:00+00:00,9.4,53.07
Batumi,42.1919,44.2528,2027-06-20T13:00:00+00:00,13.7,48.78
Tbilisi,42.3663,42.5644,2027-06-20T14:00:00+00:00,-0.14,52.13
Tbilisi,41.6449,41.1465,2027-06-20T15:00:00+00:00,14.77,20.97
Telavi,41.6957,45.8077,2027-06-20T16:00:00+00:00,23.41,57.58
Tbilisi,41.0109,43.2439,2027-06-20T17:00:00+00:00,13.93,37.53
Kutaisi,42.9478,42.8129,2027-06-20T18:00:00+00:00,12.47,57.06
Telavi,42.842,43.4111,2027-06-20T19:00:00+00:00,-3.17,49.95
Batumi,42.3761,44.0206,2027-06-20T20:00:00+00:00,1.37,77.93
Batumi,41.5988,45.3207,2027-06-20T21:00:00+00:00,5.36,20.75
Batumi,41.2215,41.7922,2027-06-20T22:00:00+00:00,33.08,72.17
Telavi,42.0695,41.9814,2027-06-20T23:00:00+00:00,33.15,52.47
Kutaisi,42.5703,41.2719,2027-06-21T00:00:00+00:00,15.96,60.34
Batumi,42.3739,41.2247,2027-06-21T01:00:00+00:00,18.72,76.59
Kutaisi,42.3761,44.1403,2027-06-21T02:00:00+00:00,25.93,61.36
Tbilisi,41.1812,44.3559,2027-06-21T03:00:00+00:00,1.61,72.87
Batumi,41.1217,42.0809,2027-06-21T04:00:00+00:00,-1.16,21.02
Tbilisi,41.2974,43.4544,2027-06-21T05:00:00+00:00,21.33,75.45
Telavi,42.75,41.842,2027-06-21T06:00:00+00:00,-3.11,65.76
Batumi,41.9154,42.1324,2027-06-21T07:00:00+00:00,9.87,43.59
Kutaisi,42.77,44.1137,2027-06-21T08:00:00+00:00,7.72,47.4
Telavi,42.5066,43.178,2027-06-21T09:00:00+00:00,11.53,88.78
Telavi,42.7519,45.8414,2027-06-21T10:00:00+00:00,16.67,47.76
Batumi,41.7715,45.9344,2027-06-21T11:00:00+00:00,0.31,45.18
Telavi,42.0269,41.94,2027-06-21T12:00:00+00:00,0.77,24.24
Batumi,41.3556,45.3655,2027-06-21T13:00:00+00:00,9.38,76.36
Tbilisi,41.7744,42.3412,2027-06-21T14:00:00+00:00,19.5,59.14
Telavi,42.6388,45.1118,2027-06-21T15:00:00+00:00,31.24,80.35
Telavi,42.8227,45.0861,2027-06-21T16:00:00+00:00,16.43,34.01
Kutaisi,42.7841,44.7733,2027-06-21T17:00:00+00:00,34.29,64.78
Telavi,41.779,43.6996,2027-06-21T18:00:00+00:00,15.61,89.46
Batumi,42.7033,44.7762,2027-06-21T19:00:00+00:00,26.6,36.2
Tbilisi,42.5129,42.3833,2027-06-21T20:00:00+00:00,-2.52,69.11
Kutaisi,42.6731,44.5728,2027-06-21T21:00:00+00:00,-4.95,57.36
Telavi,42.7752,42.9191,2027-06-21T22:00:00+00:00,17.61,79.44
Batumi,41.9406,44.1191,2027-06-21T23:00:00+00:00,-4.79,39.79
Tbilisi,42.2709,45.7361,2027-06-22T00:00:00+00:00,24.9,77.5
Tbilisi,41.5256,41.0738,2027-06-22T01:00:00+00:00,14.54,57.08
Tbilisi,41.3196,43.2772,2027-06-22T02:00:00+00:00,5.52,27.95
Batumi,41.0088,45.7202,2027-06-22T03:00:00+00:00,-3.09,84.48
Tbilisi,42.7942,41.5913,2027-06-22T04:00:00+00:00,19.93,84.93
Kutaisi,42.8311,42.642,2027-06-22T05:00:00+00:00,14.29,83.2
Tbilisi,42.0839,41.8997,2027-06-22T06:00:00+00:00,7.3,46.8
Batumi,42.0027,44.9203,2027-06-22T07:00:00+00:00,12.78,44.11
Batumi,41.3676,42.8523,2027-06-22T08:00:00+00:00,0.6,57.54
Tbilisi,41.6392,42.849,2027-06-22T09:00:00+00:00,-2.76,33.2
Batumi,41.5058,41.4031,2027-06-22T10:00:00+00:00,27.04,58.7
Telavi,42.345,45.9015,2027-06-22T11:00:00+00:00,8.82,70.37
Tbilisi,41.4165,45.3273,2027-06-22T12:00:00+00:00,24.85,28.43
Kutaisi,41.1756,41.1226,2027-06-22T13:00:00+00:00,24.95,77.52
Tbilisi,41.2544,45.8389,2027-06-22T14:00:00+00:00,32.45,20.23
Kutaisi,42.2639,41.2086,2027-06-22T15:00:00+00:00,5.99,88.42
Tbilisi,41.6624,43.9024,2027-06-22T16:00:00+00:00,31.57,34.9
Batumi,41.9456,44.5008,2027-06-22T17:00:00+00:00,0.82,74.2
Kutaisi,41.8961,43.5546,2027-06-22T18:00:00+00:00,28.49,34.21
Batumi,42.3488,41.8908,2027-06-22T19:00:00+00:00,3.15,23.39
Tbilisi,41.7339,41.9935,2027-06-22T20:00:00+00:00,27.45,50.73
Batumi,41.6033,45.0651,2027-06-22T21:00:00+00:00,-0.08,53.4
Kutaisi,42.2313,41.6845,2027-06-22T22:00:00+00:00,7.52,89.19
Tbilisi,42.135,45.4679,2027-06-22T23:00:00+00:00,10.57,40.1
Batumi,41.8614,42.0378,2027-06-23T00:00:00+00:00,12.1,67.46
Batumi,41.1681,42.5312,2027-06-23T01:00:00+00:00,24.57,42.06
Kutaisi,41.7457,43.1036,2027-06-23T02:00:00+00:00,25.43,45.77
Kutaisi,42.9845,45.5807,2027-06-23T03:00:00+00:00,10.26,36.29
Tbilisi,42.0682,44.0868,2027-06-23T04:00:00+00:00,18.16,81.42
Batumi,41.4797,44.3689,2027-06-23T05:00:00+00:00,-3.15,33.89
Kutaisi,41.3113,45.1235,2027-06-23T06:00:00+00:00,4.63,35.54
Batumi,41.2073,43.85,2027-06-23T07:00:00+00:00,-4.84,30.16
Tbilisi,42.2212,44.5685,2027-06-23T08:00:00+00:00,1.14,21.13
Tbilisi,41.0485,42.5517,2027-06-23T09:00:00+00:00,25.99,58.24
Telavi,42.8578,43.1437,2027-06-23T10:00:00+00:00,7.13,22.81
Telavi,42.3046,42.9435,2027-06-23T11:00:00+00:00,24.53,52.49
Telavi,42.4674,44.0299,2027-06-23T12:00:00+00:00,33.09,34.18
Tbilisi,41.7138,45.8549,2027-06-23T13:00:00+00:00,14.42,57.09
Batumi,41.4025,45.4146,2027-06-23T14:00:00+00:00,-3.27,52.23
Tbilisi,42.2174,45.9659,2027-06-23T15:00:00+00:00,16.68,40.62
Telavi,41.1008,44.4371,2027-06-23T16:00:00+00:00,9.48,56.65
Telavi,41.2772,41.0159,2027-06-23T17:00:00+00:00,15.28,63.77
Telavi,42.679,43.0188,2027-06-23T18:00:00+00:00,16.1,88.96
Batumi,42.011,44.2509,2027-06-23T19:00:00+00:00,30.17,58.11
Telavi,41.0225,42.892,2027-06-23T20:00:00+00:00,30.37,47.93
Tbilisi,42.7505,41.7981,2027-06-23T21:00:00+00:00,18.52,41.81
Batumi,41.739,43.7215,2027-06-23T22:00:00+00:00,5.65,42.58
Tbilisi,41.8446,44.8812,2027-06-23T23:00:00+00:00,22.1,61.77
Batumi,42.2626,41.5043,2027-06-24T00:00:00+00:00,19.45,75.03
Telavi,41.0168,41.6166,2027-06-24T01:00:00+00:00,17.3,57.18
Kutaisi,42.1175,41.0219,2027-06-24T02:00:00+00:00,16.84,79.52
Kutaisi,41.5148,43.6535,2027-06-24T03:00:00+00:00,13.24,60.15
Kutaisi,42.7948,43.6699,2027-06-24T04:00:00+00:00,2.7,49.15
Kutaisi,42.0784,45.5897,2027-06-24T05:00:00+00:00,13.31,71.54
Batumi,41.7738,41.914,2027-06-24T06:00:00+00:00,3.66,66.9
Tbilisi,41.8447,43.1125,2027-06-24T07:00:00+00:00,24.09,40.84
Kutaisi,42.8438,44.0292,2027-06-24T08:00:00+00:00,18.12,64.48
Kutaisi,41.4451,41.1215,2027-06-24T09:00:00+00:00,14.95,58.9
Batumi,41.8903,41.8649,2027-06-24T10:00:00+00:00,34.03,74.32
Batumi,41.8776,41.6336,2027-06-24T11:00:00+00:00,24.4,81.21
Telavi,41.0462,45.9648,2027-06-24T12:00:00+00:00,-1.79,75.06
Kutaisi,41.9732,45.7523,2027-06-24T13:00:00+00:00,-1.06,64.22
Telavi,41.4006,41.3891,2027-06-24T14:00:00+00:00,27.74,88.12
Tbilisi,42.6815,44.3433,2027-06-24T15:00:00+00:00,10.51,29.63
Telavi,42.1884,42.3777,2027-06-24T16:00:00+00:00,23.9,37.24
Tbilisi,41.9936,43.7231,2027-06-24T17:00:00+00:00,12.98,70.57
Tbilisi,41.7037,45.3201,2027-06-24T18:00:00+00:00,14.1,50.43
Tbilisi,42.0558,45.1246,2027-06-24T19:00:00+00:00,31.86,50.84
Kutaisi,42.43,43.0049,2027-06-24T20:00:00+00:00,30.88,73.48
Kutaisi,41.8844,42.4715,2027-06-24T21:00:00+00:00,33.82,29.72
Telavi,42.022,42.5831,2027-06-24T22:00:00+00:00,12.1,64.18
Kutaisi,42.8059,44.3199,2027-06-24T23:00:00+00:00,7.03,38.41
Telavi,41.8038,41.8726,2027-06-25T00:00:00+00:00,2.15,62.5
Telavi,41.324,45.9134,2027-06-25T01:00:00+00:00,11.8,63.11
Tbilisi,41.8669,41.1174,2027-06-25T02:00:00+00:00,7.58,74.15
Tbilisi,41.4553,41.8182,2027-06-25T03:00:00+00:00,23.69,84.95
Telavi,42.3418,43.6281,2027-06-25T04:00:00+00:00,34.56,63.13
Batumi,42.6686,44.332,2027-06-25T05:00:00+00:00,19.23,47.32
Batumi,41.7163,45.4059,2027-06-25T06:00:00+00:00,11.93,55.07
Telavi,41.3734,43.0614,2027-06-25T07:00:00+00:00,12.23,26.08
Batumi,41.7208,42.8646,2027-06-25T08:00:00+00:00,5.75,58.82
Kutaisi,41.4015,44.2591,2027-06-25T09:00:00+00:00,-1.83,41.38
Batumi,41.8208,43.4052,2027-06-25T10:00:00+00:00,20.08,20.28
Telavi,41.0629,44.6487,2027-06-25T11:00:00+00:00,0.95,49.96
Kutaisi,42.7107,44.1835,2027-06-25T12:00:00+00:00,-3.54,75.96
Tbilisi,41.5695,44.9159,2027-06-25T13:00:00+00:00,17.66,80.0
Tbilisi,41.0939,41.5319,2027-06-25T14:00:00+00:00,10.69,78.42
Kutaisi,41.6178,45.7138,2027-06-25T15:00:00+00:00,32.42,37.4
Tbilisi,41.1922,45.4254,2027-06-25T16:00:00+00:00,29.77,79.79
Batumi,42.309,45.3459,2027-06-25T17:00:00+00:00,24.09,80.35
Batumi,42.6088,41.0212,2027-06-25T18:00:00+00:00,20.87,32.66
Batumi,41.6797,44.3739,2027-06-25T19:00:00+00:00,17.82,85.38
Telavi,42.373,45.1227,2027-06-25T20:00:00+00:00,-2.74,74.16
Batumi,41.3157,43.0583,2027-06-25T21:00:00+00:00,10.87,77.47
Telavi,42.1391,41.5299,2027-06-25T22:00:00+00:00,24.98,24.14
Telavi,42.502,41.3286,2027-06-25T23:00:00+00:00,-0.28,54.63
Batumi,42.3379,42.2641,2027-06-26T00:00:00+00:00,20.57,45.03
Tbilisi,41.8143,41.8807,2027-06-26T01:00:00+00:00,34.15,89.58
Kutaisi,41.4904,45.1602,2027-06-26T02:00:00+00:00,20.85,73.4
Telavi,41.6769,45.5881,2027-06-26T03:00:00+00:00,21.95,84.02
Tbilisi,42.6947,45.8658,2027-06-26T04:00:00+00:00,6.38,82.21
Kutaisi,41.1591,45.9798,2027-06-26T05:00:00+00:00,-4.41,55.58
Kutaisi,41.3845,45.1924,2027-06-26T06:00:00+00:00,31.13,58.46
Telavi,41.6867,43.9975,2027-06-26T07:00:00+00:00,31.01,54.55
Kutaisi,42.1276,44.6939,2027-06-26T08:00:00+00:00,-2.63,70.65
Kutaisi,42.7632,41.8183,2027-06-26T09:00:00+00:00,26.57,57.06
Batumi,42.5254,41.2487,2027-06-26T10:00:00+00:00,29.49,47.96
Kutaisi,42.4571,41.1024,2027-06-26T11:00:00+00:00,21.35,63.9
Batumi,42.2062,43.475,2027-06-26T12:00:00+00:00,23.2,40.64
Kutaisi,41.4545,44.8785,2027-06-26T13:00:00+00:00,34.01,61.52
Kutaisi,41.6901,43.2827,2027-06-26T14:00:00+00:00,12.14,84.33
Telavi,42.3865,44.6573,2027-06-26T15:00:00+00:00,30.13,23.77
Telavi,42.8862,41.6474,2027-06-26T16:00:00+00:00,20.45,73.52
Kutaisi,42.827,43.4041,2027-06-26T17:00:00+00:00,26.48,75.24
Batumi,42.323,42.4791,2027-06-26T18:00:00+00:00,17.52,20.71
Telavi,42.2556,44.9612,2027-06-26T19:00:00+00:00,29.81,21.52
Telavi,42.1181,42.4578,2027-06-26T20:00:00+00:00,1.95,55.55
Batumi,41.1321,44.1803,2027-06-26T21:00:00+00:00,0.25,29.01
Batumi,41.8473,43.5296,2027-06-26T22:00:00+00:00,33.42,52.89
Tbilisi,42.935,45.3332,2027-06-26T23:00:00+00:00,2.2,56.1
Tbilisi,41.0035,44.2163,2027-06-27T00:00:00+00:00,13.78,60.11
Tbilisi,41.7233,45.2431,2027-06-27T01:00:00+00:00,16.15,38.27
Kutaisi,42.3571,42.7537,2027-06-27T02:00:00+00:00,10.16,87.29
Batumi,42.9878,42.1148,2027-06-27T03:00:00+00:00,3.18,38.57
Tbilisi,42.4334,43.337,2027-06-27T04:00:00+00:00,-3.93,74.05
Telavi,42.7066,42.0823,2027-06-27T05:00:00+00:00,32.6,36.75
Kutaisi,42.2207,42.4623,2027-06-27T06:00:00+00:00,7.91,51.49
Kutaisi,42.7138,44.0969,2027-06-27T07:00:00+00:00,24.7,34.65
Tbilisi,41.3121,41.8177,2027-06-27T08:00:00+00:00,20.49,75.59
Batumi,41.7869,44.1869,2027-06-27T09:00:00+00:00,-1.21,66.2
Tbilisi,41.6387,42.3129,2027-06-27T10:00:00+00:00,14.83,58.75
Batumi,42.5344,44.1782,2027-06-27T11:00:00+00:00,13.23,54.13
Kutaisi,42.7115,43.2197,2027-06-27T12:00:00+00:00,19.87,86.29
Tbilisi,42.2769,45.6632,2027-06-27T13:00:00+00:00,10.39,35.21
Telavi,41.8093,45.6584,2027-06-27T14:00:00+00:00,23.55,81.15
Batumi,41.26,42.6736,2027-06-27T15:00:00+00:00,1.12,87.04
Telavi,42.2127,41.2629,2027-06-27T16:00:00+00:00,24.55,22.81
Batumi,41.8819,45.623,2027-06-27T17:00:00+00:00,14.95,66.45
Batumi,42.4007,44.2588,2027-06-27T18:00:00+00:00,19.81,63.52
Batumi,41.7776,45.0277,2027-06-27T19:00:00+00:00,27.43,41.04
Kutaisi,41.5354,45.3318,2027-06-27T20:00:00+00:00,27.26,58.17
Batumi,42.9636,45.5724,2027-06-27T21:00:00+00:00,13.09,70.28
Batumi,42.0546,42.9989,2027-06-27T22:00:00+00:00,0.87,62.33
Tbilisi,41.8388,45.5897,2027-06-27T23:00:00+00:00,-0.81,62.23
Kutaisi,41.3319,45.6426,2027-06-28T00:00:00+00:00,12.85,76.07
Telavi,42.9155,42.8056,2027-06-28T01:00:00+00:00,8.26,35.67
Batumi,41.1414,44.238,2027-06-28T02:00:00+00:00,17.97,74.18
Tbilisi,42.586,42.0658,2027-06-28T03:00:00+00:00,6.95,54.66
Telavi,42.7597,44.0813,2027-06-28T04:00:00+00:00,11.92,26.63
Telavi,41.7589,44.1522,2027-06-28T05:00:00+00:00,0.7,76.18
Tbilisi,42.5718,41.8576,2027-06-28T06:00:00+00:00,16.13,41.54
Kutaisi,42.7756,45.1084,2027-06-28T07:00:00+00:00,21.81,72.87
Telavi,41.1128,41.025,2027-06-28T08:00:00+00:00,-0.18,28.77
Kutaisi,41.4546,45.4874,2027-06-28T09:00:00+00:00,-2.86,65.48
Telavi,41.3866,44.0703,2027-06-28T10:00:00+00:00,-4.89,83.02
Telavi,42.6694,42.9154,2027-06-28T11:00:00+00:00,18.92,31.94
Telavi,42.2674,45.5343,2027-06-28T12:00:00+00:00,22.35,69.62
Telavi,41.574,45.2127,2027-06-28T13:00:00+00:00,10.39,33.11
Telavi,42.8217,44.3816,2027-06-28T14:00:00+00:00,14.03,33.61
Tbilisi,42.4937,42.7396,2027-06-28T15:00:00+00:00,21.73,73.18
Batumi,42.0781,41.67,2027-06-28T16:00:00+00:00,21.25,51.11
Telavi,42.2052,44.6645,2027-06-28T17:00:00+00:00,7.42,65.57
Kutaisi,42.3083,42.3383,2027-06-28T18:00:00+00:00,26.32,28.05
Telavi,42.3195,42.5779,2027-06-28T19:00:00+00:00,22.14,87.98
Telavi,41.3516,42.3135,2027-06-28T20:00:00+00:00,3.1,39.46
Batumi,42.5338,43.2338,2027-06-28T21:00:00+00:00,21.59,79.07
Telavi,42.7074,42.1426,2027-06-28T22:00:00+00:00,20.45,56.96
Tbilisi,42.2941,41.294,2027-06-28T23:00:00+00:00,21.96,82.7
Batumi,41.6991,44.2316,2027-06-29T00:00:00+00:00,-0.26,22.14
Batumi,41.1793,43.6563,2027-06-29T01:00:00+00:00,13.12,89.81
Telavi,41.7103,41.5271,2027-06-29T02:00:00+00:00,6.11,71.93
Telavi,41.8593,45.5591,2027-06-29T03:00:00+00:00,19.77,76.42
Telavi,42.3726,44.981,2027-06-29T04:00:00+00:00,33.75,70.39
Tbilisi,42.4328,42.173,2027-06-29T05:00:00+00:00,34.79,73.81
Tbilisi,42.9745,42.9611,2027-06-29T06:00:00+00:00,9.88,51.75
Kutaisi,41.9229,43.0963,2027-06-29T07:00:00+00:00,20.7,73.88
Telavi,41.7255,43.2899,2027-06-29T08:00:00+00:00,2.7,29.75
Telavi,41.9594,42.5043,2027-06-29T09:00:00+00:00,25.58,43.63
Telavi,42.0393,44.0715,2027-06-29T10:00:00+00:00,26.69,76.12
Batumi,41.4826,41.2726,2027-06-29T11:00:00+00:00,26.34,82.38
Telavi,42.5215,41.9291,2027-06-29T12:00:00+00:00,7.42,53.97
Tbilisi,42.7276,45.1893,2027-06-29T13:00:00+00:00,28.51,86.55
Kutaisi,41.4406,45.1873,2027-06-29T14:00:00+00:00,13.51,78.55
Tbilisi,41.644,44.8801,2027-06-29T15:00:00+00:00,29.95,31.54
Tbilisi,42.9019,44.5467,2027-06-29T16:00:00+00:00,-2.19,82.37
Telavi,41.2979,42.012,2027-06-29T17:00:00+00:00,32.38,76.22
Telavi,41.2229,45.3383,2027-06-29T18:00:00+00:00,14.16,80.1
Tbilisi,41.8637,41.6088,2027-06-29T19:00:00+00:00,19.16,35.42
Telavi,41.1154,43.8809,2027-06-29T20:00:00+00:00,5.77,28.37
Telavi,41.8861,43.1537,2027-06-29T21:00:00+00:00,3.11,61.61
Kutaisi,41.8248,41.1614,2027-06-29T22:00:00+00:00,32.2,47.11
Tbilisi,42.099,42.3557,2027-06-29T23:00:00+00:00,11.81,24.85
Batumi,41.2991,45.3141,2027-06-30T00:00:00+00:00,15.45,21.29
Telavi,42.0821,42.5549,2027-06-30T01:00:00+00:00,13.76,79.47
Batumi,41.5119,42.084,2027-06-30T02:00:00+00:00,8.93,48.23
Telavi,42.0758,43.154,2027-06-30T03:00:00+00:00,2.08,89.06
Batumi,42.8776,42.1717,2027-06-30T04:00:00+00:00,29.91,86.15
Telavi,41.1296,42.6223,2027-06-30T05:00:00+00:00,14.53,43.31
Kutaisi,41.0319,45.0621,2027-06-30T06:00:00+00:00,2.78,73.28
Batumi,41.7693,45.2895,2027-06-30T07:00:00+00:00,24.07,26.15
Kutaisi,41.7637,44.8236,2027-06-30T08:00:00+00:00,15.88,24.63
Tbilisi,42.0714,45.5315,2027-06-30T09:00:00+00:00,2.3,40.56
Telavi,41.6172,44.0456,2027-06-30T10:00:00+00:00,28.19,75.71
Tbilisi,42.2814,43.2469,2027-06-30T11:00:00+00:00,11.81,42.82
Kutaisi,42.3402,41.8384,2027-06-30T12:00:00+00:00,27.41,35.16
Tbilisi,41.7474,43.8503,2027-06-30T13:00:00+00:00,20.55,52.84
Tbilisi,42.5926,41.5908,2027-06-30T14:00:00+00:00,21.15,62.79
Kutaisi,41.2124,44.6356,2027-06-30T15:00:00+00:00,23.37,46.68
Tbilisi,41.0527,45.5135,2027-06-30T16:00:00+00:00,18.77,41.27
Kutaisi,41.5628,42.3086,2027-06-30T17:00:00+00:00,25.8,67.76
Tbilisi,41.6572,44.0242,2027-06-30T18:00:00+00:00,3.91,37.85
Batumi,41.989,43.8232,2027-06-30T19:00:00+00:00,-1.28,80.58
Tbilisi,42.2445,44.4284,2027-06-30T20:00:00+00:00,12.36,78.93
Tbilisi,41.0422,43.5027,2027-06-30T21:00:00+00:00,34.74,87.01
Tbilisi,42.281,45.1343,2027-06-30T22:00:00+00:00,15.91,82.48
Kutaisi,41.6166,41.4036,2027-06-30T23:00:00+00:00,30.86,49.86
Telavi,41.192,43.3845,2027-07-01T00:00:00+00:00,13.66,30.65
Kutaisi,41.3264,41.0098,2027-07-01T01:00:00+00:00,30.54,52.82
Tbilisi,41.6846,43.5944,2027-07-01T02:00:00+00:00,34.15,58.81
Kutaisi,42.9979,41.0582,2027-07-01T03:00:00+00:00,19.92,53.57
Kutaisi,42.4033,41.8832,2027-07-01T04:00:00+00:00,34.94,22.34
Tbilisi,41.3946,42.8275,2027-07-01T05:00:00+00:00,24.86,56.39
Telavi,41.1847,42.7377,2027-07-01T06:00:00+00:00,17.34,50.46
Batumi,42.3725,44.0539,2027-07-01T07:00:00+00:00,20.35,52.78
Kutaisi,42.2905,41.5027,2027-07-01T08:00:00+00:00,5.82,87.57
Kutaisi,42.7277,45.661,2027-07-01T09:00:00+00:00,2.25,45.4
Tbilisi,41.1655,41.6814,2027-07-01T10:00:00+00:00,29.45,48.25
Batumi,41.5247,44.1138,2027-07-01T11:00:00+00:00,0.36,30.14
Telavi,42.3947,43.3674,2027-07-01T12:00:00+00:00,16.26,60.41
Batumi,41.8453,41.8615,2027-07-01T13:00:00+00:00,19.68,72.05
Kutaisi,41.5278,44.4706,2027-07-01T14:00:00+00:00,5.24,75.15
Tbilisi,41.4821,44.1679,2027-07-01T15:00:00+00:00,-0.31,41.93
Kutaisi,41.9546,44.0101,2027-07-01T16:00:00+00:00,26.15,67.05
Kutaisi,42.7402,41.5133,2027-07-01T17:00:00+00:00,19.9,73.4
Kutaisi,42.9653,45.0299,2027-07-01T18:00:00+00:00,4.94,83.4
Batumi,41.9411,41.0696,2027-07-01T19:00:00+00:00,25.32,62.69
Batumi,41.2348,42.5981,2027-07-01T20:00:00+00:00,1.67,42.38
Batumi,41.2944,42.1736,2027-07-01T21:00:00+00:00,22.95,26.72
Batumi,42.1379,44.9884,2027-07-01T22:00:00+00:00,14.3,60.33
Telavi,41.6518,43.1859,2027-07-01T23:00:00+00:00,17.07,54.36
Batumi,41.7476,41.0616,2027-07-02T00:00:00+00:00,23.38,79.97
Kutaisi,42.5426,44.6022,2027-07-02T01:00:00+00:00,-3.23,82.53
Batumi,42.2262,42.463,2027-07-02T02:00:00+00:00,14.03,67.51
Batumi,42.0388,41.9359,2027-07-02T03:00:00+00:00,24.39,56.51
Batumi,42.1531,45.3365,2027-07-02T04:00:00+00:00,24.97,21.63
Telavi,42.7533,41.7861,2027-07-02T05:00:00+00:00,20.59,80.83
Telavi,42.4479,42.9026,2027-07-02T06:00:00+00:00,15.94,45.7
Batumi,42.6528,41.6794,2027-07-02T07:00:00+00:00,0.74,34.2
Tbilisi,42.9439,45.9681,2027-07-02T08:00:00+00:00,9.93,21.41
Tbilisi,41.7402,45.2506,2027-07-02T09:00:00+00:00,20.44,51.45
Tbilisi,42.9764,42.0751,2027-07-02T10:00:00+00:00,7.03,26.68
Kutaisi,42.8744,43.2191,2027-07-02T11:00:00+00:00,31.99,73.0
Telavi,41.4231,43.4378,2027-07-02T12:00:00+00:00,4.45,50.77
Telavi,41.0158,41.1551,2027-07-02T13:00:00+00:00,27.35,87.98
Kutaisi,41.4963,41.9216,2027-07-02T14:00:00+00:00,32.4,58.55
Tbilisi,42.5962,44.5223,2027-07-02T15:00:00+00:00,21.19,74.36
Telavi,42.6021,42.6505,2027-07-02T16:00:00+00:00,22.52,45.46
Batumi,42.5189,43.4336,2027-07-02T17:00:00+00:00,25.39,38.89
Kutaisi,41.6644,41.7927,2027-07-02T18:00:00+00:00,8.11,46.84
Batumi,41.3064,43.7083,2027-07-02T19:00:00+00:00,30.07,34.39
Kutaisi,42.5432,45.1556,2027-07-02T20:00:00+00:00,22.06,76.0
Batumi,42.1762,44.4361,2027-07-02T21:00:00+00:00,10.47,34.68
Tbilisi,41.8951,43.795,2027-07-02T22:00:00+00:00,30.3,46.33
Telavi,42.1406,44.9872,2027-07-02T23:00:00+00:00,3.1,61.92
Kutaisi,41.1485,45.7558,2027-07-03T00:00:00+00:00,21.32,57.05
Batumi,42.2327,41.353,2027-07-03T01:00:00+00:00,0.83,60.76
Telavi,41.0294,44.4701,2027-07-03T02:00:00+00:00,14.39,46.13
Telavi,42.59,41.5291,2027-07-03T03:00:00+00:00,-2.71,49.51
Batumi,42.268,42.8015,2027-07-03T04:00:00+00:00,18.94,65.59
Telavi,42.8258,42.5799,2027-07-03T05:00:00+00:00,-3.62,60.69
Kutaisi,41.1466,42.0713,2027-07-03T06:00:00+00:00,1.72,57.01
Tbilisi,42.3547,45.7162,2027-07-03T07:00:00+00:00,30.58,73.18
Telavi,42.5251,43.6264,2027-07-03T08:00:00+00:00,-1.33,82.71
Telavi,41.1989,43.9792,2027-07-03T09:00:00+00:00,1.98,87.12
Telavi,41.0513,44.8998,2027-07-03T10:00:00+00:00,11.56,22.05
Kutaisi,42.9631,44.3117,2027-07-03T11:00:00+00:00,6.45,74.74
Kutaisi,41.4188,45.1633,2027-07-03T12:00:00+00:00,0.37,27.91
Batumi,41.3476,45.2944,2027-07-03T13:00:00+00:00,23.56,54.6
Telavi,42.7074,42.0621,2027-07-03T14:00:00+00:00,17.36,86.7
Tbilisi,42.4302,41.3796,2027-07-03T15:00:00+00:00,31.89,23.84
Kutaisi,41.4659,45.4595,2027-07-03T16:00:00+00:00,22.94,23.27
Telavi,42.14,43.4411,2027-07-03T17:00:00+00:00,33.34,46.31
Kutaisi,41.3532,43.7766,2027-07-03T18:00:00+00:00,17.25,87.25
Tbilisi,42.6215,45.2411,2027-07-03T19:00:00+00:00,13.9,52.39
Tbilisi,42.4268,44.4625,2027-07-03T20:00:00+00:00,4.14,28.61
Telavi,41.7136,44.4588,2027-07-03T21:00:00+00:00,7.37,20.52
Tbilisi,41.2623,42.0626,2027-07-03T22:00:00+00:00,0.32,54.25
Tbilisi,41.8955,44.756,2027-07-03T23:00:00+00:00,7.34,69.23
Batumi,41.9879,42.5736,2027-07-04T00:00:00+00:00,16.78,26.43
Tbilisi,42.0661,44.0552,2027-07-04T01:00:00+00:00,1.67,49.02
Tbilisi,42.7141,41.5817,2027-07-04T02:00:00+00:00,8.76,80.58
Batumi,42.7536,41.4472,2027-07-04T03:00:00+00:00,30.53,27.2
Kutaisi,41.4505,45.6709,2027-07-04T04:00:00+00:00,-4.26,82.92
Tbilisi,41.9194,44.2941,2027-07-04T05:00:00+00:00,2.23,42.67
Batumi,41.7939,44.1862,2027-07-04T06:00:00+00:00,1.24,58.03
Tbilisi,41.1503,44.3125,2027-07-04T07:00:00+00:00,33.2,32.36
Tbilisi,42.665,42.5587,2027-07-04T08:00:00+00:00,-2.01,84.11
Kutaisi,41.7763,42.9376,2027-07-04T09:00:00+00:00,29.61,36.54
Telavi,41.0717,43.3271,2027-07-04T10:00:00+00:00,0.71,54.36
Tbilisi,42.2655,42.4117,2027-07-04T11:00:00+00:00,-3.06,69.91
Tbilisi,41.8678,45.2124,2027-07-04T12:00:00+00:00,3.19,67.96
Kutaisi,41.4574,45.803,2027-07-04T13:00:00+00:00,9.5,27.84
Telavi,42.4205,43.1061,2027-07-04T14:00:00+00:00,8.02,24.78
Kutaisi,42.6862,43.881,2027-07-04T15:00:00+00:00,10.11,28.37
Batumi,41.071,45.4718,2027-07-04T16:00:00+00:00,21.62,76.71
Kutaisi,41.201,42.1067,2027-07-04T17:00:00+00:00,0.02,61.42
Telavi,41.406,45.3247,2027-07-04T18:00:00+00:00,32.37,78.44
Batumi,41.5868,41.0006,2027-07-04T19:00:00+00:00,7.38,64.64
Batumi,41.6759,44.1588,2027-07-04T20:00:00+00:00,11.78,43.62
Batumi,42.1269,42.1115,2027-07-04T21:00:00+00:00,10.36,66.27
Kutaisi,41.961,42.0031,2027-07-04T22:00:00+00:00,19.2,61.16
Tbilisi,42.4051,41.1383,2027-07-04T23:00:00+00:00,17.1,27.14
Batumi,42.3633,43.4407,2027-07-05T00:00:00+00:00,-3.25,69.94
Telavi,42.039,44.2419,2027-07-05T01:00:00+00:00,5.72,45.39
Tbilisi,41.4503,42.2784,2027-07-05T02:00:00+00:00,20.33,88.98
Kutaisi,42.0217,44.3776,2027-07-05T03:00:00+00:00,23.74,40.33
Kutaisi,42.2857,41.2933,2027-07-05T04:00:00+00:00,15.08,73.39
Tbilisi,41.2809,41.8459,2027-07-05T05:00:00+00:00,-1.2,88.43
Tbilisi,42.2001,43.7377,2027-07-05T06:00:00+00:00,19.16,48.42
Tbilisi,42.6861,41.5605,2027-07-05T07:00:00+00:00,14.46,44.43
Telavi,42.9381,41.5999,2027-07-05T08:00:00+00:00,34.32,60.49
Batumi,41.7798,45.518,2027-07-05T09:00:00+00:00,13.93,44.8
Tbilisi,41.5611,41.4707,2027-07-05T10:00:00+00:00,10.66,31.16
Batumi,42.3473,45.5374,2027-07-05T11:00:00+00:00,20.09,39.86
Batumi,42.4667,44.3693,2027-07-05T12:00:00+00:00,8.83,57.66
Telavi,42.5692,41.8233,2027-07-05T13:00:00+00:00,0.69,20.24
Telavi,41.1607,41.1494,2027-07-05T14:00:00+00:00,4.09,74.81
Kutaisi,41.455,43.4394,2027-07-05T15:00:00+00:00,25.08,26.19
Kutaisi,42.5704,44.6129,2027-07-05T16:00:00+00:00,23.43,72.23
Tbilisi,42.3725,43.9102,2027-07-05T17:00:00+00:00,12.51,40.68
Batumi,41.1289,42.483,2027-07-05T18:00:00+00:00,18.22,44.86
Tbilisi,41.0995,44.1406,2027-07-05T19:00:00+00:00,30.91,88.6
Kutaisi,41.61,41.979,2027-07-05T20:00:00+00:00,7.61,83.79
Kutaisi,41.2705,43.2454,2027-07-05T21:00:00+00:00,0.56,37.79
Telavi,42.2584,41.1901,2027-07-05T22:00:00+00:00,26.33,21.74
Batumi,41.5221,41.2834,2027-07-05T23:00:00+00:00,15.86,38.49
Telavi,42.33,43.2098,2027-07-06T00:00:00+00:00,1.03,33.87
Tbilisi,41.8794,41.5617,2027-07-06T01:00:00+00:00,-2.63,49.95
Batumi,41.3469,41.849,2027-07-06T02:00:00+00:00,7.92,84.1
Tbilisi,41.3764,44.715,2027-07-06T03:00:00+00:00,13.0,33.05
Batumi,42.092,45.5374,2027-07-06T04:00:00+00:00,8.86,84.83
Telavi,41.74,44.3948,2027-07-06T05:00:00+00:00,-1.15,37.31
Telavi,42.2281,42.755,2027-07-06T06:00:00+00:00,16.97,58.81
Tbilisi,41.8912,44.0678,2027-07-06T07:00:00+00:00,3.45,79.35
Telavi,42.2369,45.519,2027-07-06T08:00:00+00:00,-3.95,84.2
Batumi,42.6027,43.1164,2027-07-06T09:00:00+00:00,21.44,44.78
Tbilisi,41.2732,41.3045,2027-07-06T10:00:00+00:00,28.63,46.79
Telavi,41.5556,43.044,2027-07-06T11:00:00+00:00,32.7,53.57
Kutaisi,41.9271,45.083,2027-07-06T12:00:00+00:00,10.3,43.16
Tbilisi,42.1102,45.6085,2027-07-06T13:00:00+00:00,-2.68,67.64
Kutaisi,41.4956,45.921,2027-07-06T14:00:00+00:00,33.6,60.62
Batumi,41.7124,45.4139,2027-07-06T15:00:00+00:00,30.23,60.53
Batumi,42.0293,41.599,2027-07-06T16:00:00+00:00,0.77,44.1
Kutaisi,42.5294,41.5353,2027-07-06T17:00:00+00:00,4.54,67.33
Batumi,41.6447,42.6678,2027-07-06T18:00:00+00:00,-4.55,33.0
Telavi,41.6747,43.8221,2027-07-06T19:00:00+00:00,16.47,87.52
Tbilisi,42.5579,41.9284,2027-07-06T20:00:00+00:00,29.25,76.65
Tbilisi,42.7004,42.6943,2027-07-06T21:00:00+00:00,-4.4,50.31
Batumi,42.7791,44.6698,2027-07-06T22:00:00+00:00,16.65,76.83
Batumi,42.124,43.6365,2027-07-06T23:00:00+00:00,-4.26,71.63
Telavi,41.9278,43.0092,2027-07-07T00:00:00+00:00,0.69,68.2
Tbilisi,42.1634,44.2335,2027-07-07T01:00:00+00:00,24.38,42.99
Telavi,42.7623,43.8932,2027-07-07T02:00:00+00:00,-3.6,44.78
Telavi,41.5865,45.5565,2027-07-07T03:00:00+00:00,7.26,85.53
Kutaisi,41.049,43.1825,2027-07-07T04:00:00+00:00,32.75,89.61
Kutaisi,41.4945,43.273,2027-07-07T05:00:00+00:00,12.36,34.51
Kutaisi,41.4914,44.8585,2027-07-07T06:00:00+00:00,32.03,42.22
Kutaisi,41.8263,43.1231,2027-07-07T07:00:00+00:00,7.58,84.03
Batumi,42.1264,41.9003,2027-07-07T08:00:00+00:00,11.36,31.48
Telavi,41.4369,45.8164,2027-07-07T09:00:00+00:00,32.91,54.23
Tbilisi,41.3813,45.3086,2027-07-07T10:00:00+00:00,19.63,59.97
Tbilisi,41.6529,43.0275,2027-07-07T11:00:00+00:00,7.85,76.4
Tbilisi,42.8478,42.3278,2027-07-07T12:00:00+00:00,22.41,41.57
Tbilisi,42.7856,42.9859,2027-07-07T13:00:00+00:00,21.08,36.15
Telavi,41.7693,44.4758,2027-07-07T14:00:00+00:00,-1.57,64.31
Telavi,41.0668,42.7711,2027-07-07T15:00:00+00:00,23.84,26.07
Tbilisi,41.9416,41.0372,2027-07-07T16:00:00+00:00,22.23,33.03
Batumi,41.8555,42.2016,2027-07-07T17:00:00+00:00,5.01,66.31
Telavi,41.4988,41.2263,2027-07-07T18:00:00+00:00,3.71,25.27
Kutaisi,41.3856,41.3754,2027-07-07T19:00:00+00:00,8.78,67.18
Tbilisi,42.6096,44.7481,2027-07-07T20:00:00+00:00,0.72,28.7
Tbilisi,42.4809,42.4348,2027-07-07T21:00:00+00:00,10.27,82.78
Tbilisi,41.8905,42.2767,2027-07-07T22:00:00+00:00,16.55,82.01
Batumi,42.466,42.5602,2027-07-07T23:00:00+00:00,6.22,87.49
Kutaisi,42.587,43.0878,2027-07-08T00:00:00+00:00,7.21,83.19
Batumi,41.1284,41.4886,2027-07-08T01:00:00+00:00,10.86,57.37
Batumi,41.809,42.157,2027-07-08T02:00:00+00:00,20.48,21.32
Kutaisi,41.4472,41.9717,2027-07-08T03:00:00+00:00,-0.02,58.29
Kutaisi,41.9478,44.679,2027-07-08T04:00:00+00:00,30.6,48.32
Telavi,41.0195,43.6476,2027-07-08T05:00:00+00:00,-3.11,67.45
Kutaisi,42.7941,43.5413,2027-07-08T06:00:00+00:00,19.83,72.57
Batumi,41.5626,45.74,2027-07-08T07:00:00+00:00,27.26,32.92
Batumi,41.8645,43.3364,2027-07-08T08:00:00+00:00,5.49,46.43
Telavi,41.4351,45.0418,2027-07-08T09:00:00+00:00,28.38,25.47
Batumi,42.3791,43.5814,2027-07-08T10:00:00+00:00,2.6,83.76
Batumi,42.1789,42.0071,2027-07-08T11:00:00+00:00,24.78,20.48
Kutaisi,41.0135,42.146,2027-07-08T12:00:00+00:00,26.05,64.95
Batumi,41.5544,41.5597,2027-07-08T13:00:00+00:00,-1.76,40.04
Telavi,41.5101,41.9246,2027-07-08T14:00:00+00:00,14.09,59.26
Telavi,42.11,41.4788,2027-07-08T15:00:00+00:00,30.11,84.81
Telavi,42.298,45.4403,2027-07-08T16:00:00+00:00,1.45,54.12
Tbilisi,42.1165,42.8189,2027-07-08T17:00:00+00:00,30.92,66.14
Batumi,41.7301,43.5193,2027-07-08T18:00:00+00:00,4.96,85.28
Tbilisi,41.4002,43.4334,2027-07-08T19:00:00+00:00,11.32,65.62
Batumi,42.0073,41.3634,2027-07-08T20:00:00+00:00,24.04,73.15
Telavi,41.8073,41.7727,2027-07-08T21:00:00+00:00,14.72,61.85
Tbilisi,41.9442,43.0682,2027-07-08T22:00:00+00:00,22.64,37.56
Tbilisi,41.0076,44.4742,2027-07-08T23:00:00+00:00,4.93,26.17
Telavi,42.0741,41.8682,2027-07-09T00:00:00+00:00,15.43,37.03
Batumi,42.2035,43.7002,2027-07-09T01:00:00+00:00,31.23,59.71
Tbilisi,42.5542,45.4638,2027-07-09T02:00:00+00:00,33.62,75.49
Telavi,42.2925,43.5845,2027-07-09T03:00:00+00:00,5.96,60.05
Batumi,42.1871,42.2254,2027-07-09T04:00:00+00:00,25.96,61.3
Batumi,41.4859,45.8325,2027-07-09T05:00:00+00:00,1.97,50.71
Kutaisi,42.6284,43.0716,2027-07-09T06:00:00+00:00,29.39,25.98
Telavi,42.5995,44.3601,2027-07-09T07:00:00+00:00,26.52,72.67
Batumi,42.9868,45.088,2027-07-09T08:00:00+00:00,10.55,58.68
Tbilisi,42.3583,42.3972,2027-07-09T09:00:00+00:00,14.65,89.65
Kutaisi,42.4075,41.3873,2027-07-09T10:00:00+00:00,1.02,82.12
Tbilisi,41.5106,43.1876,2027-07-09T11:00:00+00:00,34.68,82.09
Batumi,41.0743,43.8092,2027-07-09T12:00:00+00:00,25.29,28.97
Telavi,41.6151,42.6486,2027-07-09T13:00:00+00:00,2.43,77.14
Telavi,42.4053,43.3982,2027-07-09T14:00:00+00:00,3.85,76.08
Telavi,41.9184,43.0361,2027-07-09T15:00:00+00:00,23.14,88.2
Batumi,42.2224,44.2508,2027-07-09T16:00:00+00:00,8.27,24.64
Batumi,41.8153,43.8451,2027-07-09T17:00:00+00:00,18.29,49.87
Telavi,41.5836,44.4902,2027-07-09T18:00:00+00:00,18.75,37.57
Batumi,42.9161,43.076,2027-07-09T19:00:00+00:00,32.26,37.06
Batumi,41.9513,45.1715,2027-07-09T20:00:00+00:00,9.86,74.67
Kutaisi,41.7071,42.7133,2027-07-09T21:00:00+00:00,13.12,70.01
Kutaisi,42.1257,44.44,2027-07-09T22:00:00+00:00,6.06,43.74
Batumi,41.828,43.6786,2027-07-09T23:00:00+00:00,22.25,76.33
Batumi,41.8796,42.5603,2027-07-10T00:00:00+00:00,30.05,83.28
Batumi,42.5172,45.4334,2027-07-10T01:00:00+00:00,10.09,39.74
Kutaisi,41.534,41.0217,2027-07-10T02:00:00+00:00,9.06,79.31
Telavi,42.2809,41.777,2027-07-10T03:00:00+00:00,34.44,76.84
Batumi,42.2357,44.9474,2027-07-10T04:00:00+00:00,18.51,58.26
Tbilisi,42.8263,44.7951,2027-07-10T05:00:00+00:00,23.93,87.38
Telavi,42.4415,42.0416,2027-07-10T06:00:00+00:00,1.47,40.42
Batumi,42.6681,43.5396,2027-07-10T07:00:00+00:00,27.78,86.98
Kutaisi,41.4277,42.2773,2027-07-10T08:00:00+00:00,20.01,50.59
Tbilisi,42.025,42.8766,2027-07-10T09:00:00+00:00,7.76,28.41
Telavi,42.5534,41.5084,2027-07-10T10:00:00+00:00,28.02,52.38
Tbilisi,42.7333,45.2398,2027-07-10T11:00:00+00:00,24.85,34.49
Batumi,42.3568,42.1746,2027-07-10T12:00:00+00:00,19.9,22.26
Telavi,42.5887,43.9403,2027-07-10T13:00:00+00:00,2.26,83.12
Tbilisi,42.7747,43.0177,2027-07-10T14:00:00+00:00,12.93,45.54
Telavi,41.6026,42.8901,2027-07-10T15:00:00+00:00,20.38,58.87
Tbilisi,42.371,44.3315,2027-07-10T16:00:00+00:00,21.79,72.81
Kutaisi,41.7886,45.3572,2027-07-10T17:00:00+00:00,8.5,42.02
Batumi,42.0467,44.1278,2027-07-10T18:00:00+00:00,33.26,39.87
Tbilisi,42.1445,41.0331,2027-07-10T19:00:00+00:00,-3.85,50.21
Telavi,42.6561,43.0401,2027-07-10T20:00:00+00:00,33.95,67.18
Tbilisi,42.32,41.9684,2027-07-10T21:00:00+00:00,-1.83,46.49
Tbilisi,42.609,41.8226,2027-07-10T22:00:00+00:00,6.67,46.22
Telavi,42.4048,41.457,2027-07-10T23:00:00+00:00,-1.62,34.9
Telavi,42.7336,45.8756,2027-07-11T00:00:00+00:00,8.13,43.27
Kutaisi,41.5257,44.9265,2027-07-11T01:00:00+00:00,10.38,33.34
Batumi,41.8358,42.8636,2027-07-11T02:00:00+00:00,4.42,56.74
Batumi,42.6257,42.5515,2027-07-11T03:00:00+00:00,23.18,86.68
Telavi,41.7543,41.2509,2027-07-11T04:00:00+00:00,23.17,79.85
Tbilisi,42.0278,44.789,2027-07-11T05:00:00+00:00,15.7,22.53
Tbilisi,41.5783,41.0983,2027-07-11T06:00:00+00:00,11.76,35.61
Kutaisi,42.0529,42.3005,2027-07-11T07:00:00+00:00,-0.79,76.14
Telavi,41.2419,43.8188,2027-07-11T08:00:00+00:00,4.65,51.51
Tbilisi,42.7319,41.7908,2027-07-11T09:00:00+00:00,24.7,62.51
Tbilisi,42.2013,44.4392,2027-07-11T10:00:00+00:00,6.77,86.06
Tbilisi,42.373,41.4238,2027-07-11T11:00:00+00:00,2.89,89.55
Kutaisi,41.6607,43.1976,2027-07-11T12:00:00+00:00,19.43,22.14
Tbilisi,41.9509,42.7132,2027-07-11T13:00:00+00:00,10.49,79.64
Telavi,41.2622,42.2477,2027-07-11T14:00:00+00:00,10.26,34.68
Telavi,41.6969,45.3176,2027-07-11T15:00:00+00:00,34.01,50.94
Tbilisi,42.2947,42.8514,2027-07-11T16:00:00+00:00,33.6,23.68
Tbilisi,41.4723,43.4284,2027-07-11T17:00:00+00:00,14.33,46.58
Telavi,42.2124,45.0227,2027-07-11T18:00:00+00:00,21.26,65.06
Batumi,42.439,41.663,2027-07-11T19:00:00+00:00,29.81,46.81
Batumi,41.9358,43.9468,2027-07-11T20:00:00+00:00,13.87,42.99
Telavi,42.1652,41.5913,2027-07-11T21:00:00+00:00,0.29,78.62
Kutaisi,41.669,44.3501,2027-07-11T22:00:00+00:00,31.9,57.67
Kutaisi,42.8043,42.0169,2027-07-11T23:00:00+00:00,32.03,56.98
Telavi,42.6809,43.2344,2027-07-12T00:00:00+00:00,17.86,86.92
Batumi,42.3502,42.9344,2027-07-12T01:00:00+00:00,5.78,58.21
Telavi,42.6824,44.0217,2027-07-12T02:00:00+00:00,18.32,62.18
Tbilisi,42.0387,43.3946,2027-07-12T03:00:00+00:00,11.96,59.54
Tbilisi,42.9738,42.4851,2027-07-12T04:00:00+00:00,16.57,36.75
Tbilisi,42.4918,45.4958,2027-07-12T05:00:00+00:00,6.41,23.71
Kutaisi,42.5799,42.3021,2027-07-12T06:00:00+00:00,6.15,52.06
Telavi,41.2754,42.5008,2027-07-12T07:00:00+00:00,8.74,30.54
Telavi,41.1275,44.0078,2027-07-12T08:00:00+00:00,5.1,77.91
Batumi,42.0992,42.3863,2027-07-12T09:00:00+00:00,-2.81,42.23
Tbilisi,42.7442,42.2284,2027-07-12T10:00:00+00:00,-0.04,37.68
Tbilisi,41.4785,43.7307,2027-07-12T11:00:00+00:00,34.26,85.84
Tbilisi,41.4568,43.0695,2027-07-12T12:00:00+00:00,32.99,62.65
Tbilisi,42.3519,41.093,2027-07-12T13:00:00+00:00,21.09,46.05
Telavi,41.9606,41.0021,2027-07-12T14:00:00+00:00,23.78,45.08
Tbilisi,41.3828,44.2702,2027-07-12T15:00:00+00:00,19.96,78.66
Batumi,42.9703,42.9684,2027-07-12T16:00:00+00:00,32.94,78.63
Telavi,42.3832,42.5224,2027-07-12T17:00:00+00:00,22.06,47.61
Batumi,41.184,45.9121,2027-07-12T18:00:00+00:00,26.11,24.69
Telavi,41.3626,43.0319,2027-07-12T19:00:00+00:00,12.59,73.57
Telavi,41.14,45.5102,2027-07-12T20:00:00+00:00,26.82,73.59
Telavi,41.4153,43.6707,2027-07-12T21:00:00+00:00,4.67,85.69
Batumi,42.4884,43.0504,2027-07-12T22:00:00+00:00,7.12,77.35
Telavi,41.6063,44.0502,2027-07-12T23:00:00+00:00,11.1,45.64
Kutaisi,42.134,43.2625,2027-07-13T00:00:00+00:00,26.11,35.75
Kutaisi,41.538,45.7773,2027-07-13T01:00:00+00:00,4.94,37.97
Kutaisi,41.5745,41.6598,2027-07-13T02:00:00+00:00,21.11,46.62
Tbilisi,42.8101,44.2607,2027-07-13T03:00:00+00:00,28.91,69.04
Batumi,42.7935,45.5894,2027-07-13T04:00:00+00:00,1.54,20.64
Tbilisi,42.5797,43.9461,2027-07-13T05:00:00+00:00,27.91,44.87
Telavi,41.6427,42.4442,2027-07-13T06:00:00+00:00,9.2,56.72
Telavi,42.1973,41.1917,2027-07-13T07:00:00+00:00,-1.81,31.86
Batumi,41.3763,44.9282,2027-07-13T08:00:00+00:00,7.65,76.43
Tbilisi,42.8992,45.4617,2027-07-13T09:00:00+00:00,-0.09,41.93
Telavi,41.6541,44.4476,2027-07-13T10:00:00+00:00,22.81,30.18
Telavi,42.0345,45.8803,2027-07-13T11:00:00+00:00,-1.27,76.76
Telavi,41.8981,45.5859,2027-07-13T12:00:00+00:00,33.19,59.94
Batumi,42.6087,42.131,2027-07-13T13:00:00+00:00,28.16,50.51
Kutaisi,42.809,41.0996,2027-07-13T14:00:00+00:00,17.06,37.95
Kutaisi,41.8955,45.8158,2027-07-13T15:00:00+00:00,-1.64,80.82
Batumi,42.7685,45.2062,2027-07-13T16:00:00+00:00,31.56,73.99
Tbilisi,42.4627,42.4067,2027-07-13T17:00:00+00:00,-4.44,25.45
Kutaisi,41.126,44.253,2027-07-13T18:00:00+00:00,30.13,54.08
Batumi,42.3367,44.1922,2027-07-13T19:00:00+00:00,9.74,29.84
Kutaisi,42.2691,43.1401,2027-07-13T20:00:00+00:00,23.05,82.82
Kutaisi,41.859,41.3177,2027-07-13T21:00:00+00:00,27.73,76.01
Batumi,42.5217,43.7082,2027-07-13T22:00:00+00:00,24.5,48.8
Batumi,41.8712,42.5136,2027-07-13T23:00:00+00:00,-2.93,81.09
Batumi,42.4107,43.5507,2027-07-14T00:00:00+00:00,19.06,82.48
Batumi,42.6547,45.9104,2027-07-14T01:00:00+00:00,8.59,77.07
Kutaisi,42.6511,42.7143,2027-07-14T02:00:00+00:00,23.6,77.29
Batumi,42.6588,43.6647,2027-07-14T03:00:00+00:00,29.54,76.43
Tbilisi,41.993,45.9487,2027-07-14T04:00:00+00:00,-1.61,73.1
Kutaisi,42.9377,43.2731,2027-07-14T05:00:00+00:00,8.32,25.11
Kutaisi,42.5492,43.316,2027-07-14T06:00:00+00:00,5.93,26.17
Kutaisi,41.0369,44.494,2027-07-14T07:00:00+00:00,16.43,87.81
Kutaisi,41.1036,42.7288,2027-07-14T08:00:00+00:00,32.35,73.82
Telavi,42.4248,41.3904,2027-07-14T09:00:00+00:00,-2.62,63.18
Telavi,41.2173,44.1212,2027-07-14T10:00:00+00:00,26.29,44.41
Telavi,41.437,43.1981,2027-07-14T11:00:00+00:00,8.13,75.35
Batumi,41.2377,43.6757,2027-07-14T12:00:00+00:00,10.14,35.95
Kutaisi,41.5429,45.1696,2027-07-14T13:00:00+00:00,0.11,21.15
Kutaisi,41.5084,41.0843,2027-07-14T14:00:00+00:00,18.38,31.54
Batumi,41.2149,42.7746,2027-07-14T15:00:00+00:00,31.99,86.91
Telavi,41.4859,45.4026,2027-07-14T16:00:00+00:00,8.69,33.23
Tbilisi,42.6983,42.1995,2027-07-14T17:00:00+00:00,5.86,71.18
Batumi,42.8912,44.73,2027-07-14T18:00:00+00:00,1.36,47.19
Tbilisi,42.7872,44.4068,2027-07-14T19:00:00+00:00,25.76,45.74
Kutaisi,42.8787,44.6241,2027-07-14T20:00:00+00:00,10.3,30.34
Kutaisi,42.214,42.8573,2027-07-14T21:00:00+00:00,26.87,71.33
Telavi,42.0927,42.0982,2027-07-14T22:00:00+00:00,34.37,36.06
Batumi,42.2047,44.8644,2027-07-14T23:00:00+00:00,3.3,22.06
Kutaisi,41.1589,43.6975,2027-07-15T00:00:00+00:00,15.34,73.33
Telavi,42.0615,41.934,2027-07-15T01:00:00+00:00,30.23,85.82
Tbilisi,42.3577,43.8293,2027-07-15T02:00:00+00:00,14.29,70.82
Batumi,42.208,43.5922,2027-07-15T03:00:00+00:00,-4.52,79.78
Telavi,42.6272,44.1558,2027-07-15T04:00:00+00:00,18.54,73.68
Kutaisi,41.8084,44.9673,2027-07-15T05:00:00+00:00,22.67,21.24
Telavi,42.5074,42.7074,2027-07-15T06:00:00+00:00,11.78,66.85
Telavi,42.2807,41.0177,2027-07-15T07:00:00+00:00,3.37,30.96
Tbilisi,42.8786,45.0362,2027-07-15T08:00:00+00:00,15.3,44.97
Telavi,42.6451,41.2673,2027-07-15T09:00:00+00:00,18.19,80.95
Batumi,41.0691,42.707,2027-07-15T10:00:00+00:00,34.26,83.44
Tbilisi,41.5042,44.9657,2027-07-15T11:00:00+00:00,18.42,23.29
Telavi,42.9617,42.0408,2027-07-15T12:00:00+00:00,-4.17,47.92
Kutaisi,42.8392,42.257,2027-07-15T13:00:00+00:00,34.82,33.31
Batumi,41.0829,42.4894,2027-07-15T14:00:00+00:00,26.78,77.73
Kutaisi,41.0261,43.3883,2027-07-15T15:00:00+00:00,20.42,60.19
Tbilisi,42.8179,44.2636,2027-07-15T16:00:00+00:00,24.96,20.03
Tbilisi,41.3617,44.7865,2027-07-15T17:00:00+00:00,25.29,54.18
Batumi,42.2208,45.852,2027-07-15T18:00:00+00:00,-2.12,47.63
Kutaisi,42.8556,45.466,2027-07-15T19:00:00+00:00,-1.7,64.7
Telavi,41.8302,43.1015,2027-07-15T20:00:00+00:00,14.34,89.37
Telavi,42.3888,42.0994,2027-07-15T21:00:00+00:00,2.32,43.92
Kutaisi,41.2704,44.505,2027-07-15T22:00:00+00:00,-4.0,37.36
Batumi,41.0229,41.0258,2027-07-15T23:00:00+00:00,24.46,25.6
Batumi,41.3569,42.6526,2027-07-16T00:00:00+00:00,34.57,85.44
Tbilisi,42.6782,43.4615,2027-07-16T01:00:00+00:00,-2.22,71.68
Telavi,42.4227,42.339,2027-07-16T02:00:00+00:00,32.98,58.49
Tbilisi,42.6057,41.7418,2027-07-16T03:00:00+00:00,29.29,36.46
Telavi,41.9815,42.0613,2027-07-16T04:00:00+00:00,29.05,41.05
Kutaisi,42.971,43.371,2027-07-16T05:00:00+00:00,-3.47,23.38
Telavi,41.1226,43.2711,2027-07-16T06:00:00+00:00,20.76,54.4
Telavi,42.0567,45.4277,2027-07-16T07:00:00+00:00,1.58,37.89
Tbilisi,41.0787,43.2957,2027-07-16T08:00:00+00:00,27.25,21.78
Kutaisi,41.9418,45.0498,2027-07-16T09:00:00+00:00,28.27,70.4
Tbilisi,42.3106,43.2805,2027-07-16T10:00:00+00:00,24.39,73.72
Kutaisi,41.9299,45.3495,2027-07-16T11:00:00+00:00,12.14,43.17
Kutaisi,41.9091,42.8233,2027-07-16T12:00:00+00:00,18.7,82.05
Batumi,41.7969,43.3058,2027-07-16T13:00:00+00:00,24.13,64.33
Kutaisi,42.5364,45.6583,2027-07-16T14:00:00+00:00,34.09,78.34
Tbilisi,42.6367,44.8048,2027-07-16T15:00:00+00:00,23.65,60.88
Batumi,42.4846,45.7079,2027-07-16T16:00:00+00:00,16.17,57.8
Telavi,41.629,42.0861,2027-07-16T17:00:00+00:00,-3.28,20.31
Kutaisi,42.6788,41.968,2027-07-16T18:00:00+00:00,30.08,21.74
Batumi,41.0521,43.315,2027-07-16T19:00:00+00:00,-3.71,21.64
Telavi,42.9059,43.3431,2027-07-16T20:00:00+00:00,8.5,51.27
Batumi,42.6249,44.8791,2027-07-16T21:00:00+00:00,12.37,40.34
Tbilisi,42.897,42.0541,2027-07-16T22:00:00+00:00,0.58,25.65
Telavi,42.7075,41.7053,2027-07-16T23:00:00+00:00,34.45,34.16
Batumi,42.6854,42.7448,2027-07-17T00:00:00+00:00,1.55,53.23
Batumi,42.9637,45.7833,2027-07-17T01:00:00+00:00,22.41,80.59
Tbilisi,42.5655,44.7434,2027-07-17T02:00:00+00:00,5.33,85.33
Tbilisi,42.0705,44.4569,2027-07-17T03:00:00+00:00,23.54,81.64
Tbilisi,41.2146,44.8589,2027-07-17T04:00:00+00:00,15.08,41.18
Batumi,41.1202,45.9079,2027-07-17T05:00:00+00:00,22.26,74.52
Telavi,41.2537,41.4996,2027-07-17T06:00:00+00:00,12.81,69.17
Tbilisi,41.0016,43.654,2027-07-17T07:00:00+00:00,-1.21,88.89
Telavi,42.9985,45.5015,2027-07-17T08:00:00+00:00,33.97,83.9
Batumi,41.1705,41.7612,2027-07-17T09:00:00+00:00,11.73,34.14
Telavi,41.2291,41.0625,2027-07-17T10:00:00+00:00,25.59,85.52
Telavi,42.052,43.1657,2027-07-17T11:00:00+00:00,11.77,71.67
Kutaisi,41.2017,43.3633,2027-07-17T12:00:00+00:00,4.41,81.24
Kutaisi,41.8555,43.8464,2027-07-17T13:00:00+00:00,2.66,52.66
Batumi,41.6856,42.5875,2027-07-17T14:00:00+00:00,12.77,46.59
Telavi,42.4349,45.0562,2027-07-17T15:00:00+00:00,3.84,78.07
Kutaisi,41.1769,44.1324,2027-07-17T16:00:00+00:00,10.43,35.72
Batumi,42.9483,44.2541,2027-07-17T17:00:00+00:00,21.26,71.77
Tbilisi,41.1997,44.3818,2027-07-17T18:00:00+00:00,-4.32,63.05
Tbilisi,42.3578,44.9801,2027-07-17T19:00:00+00:00,27.43,44.58
Tbilisi,42.242,45.7299,2027-07-17T20:00:00+00:00,24.14,64.18
Batumi,41.2817,41.2898,2027-07-17T21:00:00+00:00,7.28,83.76
Batumi,41.6736,43.9551,2027-07-17T22:00:00+00:00,-1.99,26.4
Kutaisi,42.3734,44.1447,2027-07-17T23:00:00+00:00,4.2,76.3
Kutaisi,41.1833,41.6285,2027-07-18T00:00:00+00:00,25.27,67.84
Tbilisi,41.8688,43.7377,2027-07-18T01:00:00+00:00,25.56,26.1
Telavi,41.7952,44.3082,2027-07-18T02:00:00+00:00,26.66,33.51
Tbilisi,41.7027,41.4192,2027-07-18T03:00:00+00:00,15.88,38.41
Batumi,41.5482,43.8371,2027-07-18T04:00:00+00:00,11.3,42.52
Tbilisi,42.3848,45.6641,2027-07-18T05:00:00+00:00,14.95,63.09
Batumi,41.5687,41.7249,2027-07-18T06:00:00+00:00,31.08,38.24
Telavi,41.9275,41.7212,2027-07-18T07:00:00+00:00,27.03,54.35
Kutaisi,41.4828,44.0862,2027-07-18T08:00:00+00:00,6.44,41.1
Batumi,41.2801,43.6413,2027-07-18T09:00:00+00:00,24.17,56.57
Tbilisi,42.2081,45.7494,2027-07-18T10:00:00+00:00,1.89,79.4
Tbilisi,41.8412,41.844,2027-07-18T11:00:00+00:00,23.38,22.84
Kutaisi,41.6969,43.6311,2027-07-18T12:00:00+00:00,1.17,29.79
Telavi,42.8116,42.1162,2027-07-18T13:00:00+00:00,29.46,33.11
Tbilisi,41.2613,44.8427,2027-07-18T14:00:00+00:00,28.66,83.81
Telavi,42.9656,42.1147,2027-07-18T15:00:00+00:00,-4.72,75.82
Telavi,42.9495,44.7114,2027-07-18T16:00:00+00:00,5.45,89.11
Telavi,41.6822,41.9105,2027-07-18T17:00:00+00:00,25.77,41.23
Telavi,42.0321,42.6554,2027-07-18T18:00:00+00:00,25.5,48.86
Batumi,41.1331,42.8535,2027-07-18T19:00:00+00:00,13.45,37.33
Batumi,42.258,42.4854,2027-07-18T20:00:00+00:00,5.42,51.8
Kutaisi,41.0142,41.115,2027-07-18T21:00:00+00:00,27.22,50.77
Kutaisi,42.4185,45.775,2027-07-18T22:00:00+00:00,14.39,49.37
Telavi,42.0353,41.5752,2027-07-18T23:00:00+00:00,16.82,37.48
Batumi,41.9123,41.2323,2027-07-19T00:00:00+00:00,16.43,36.44
Kutaisi,42.2133,43.7033,2027-07-19T01:00:00+00:00,20.49,81.16
Batumi,42.8403,42.8115,2027-07-19T02:00:00+00:00,6.48,86.74
Tbilisi,41.7738,41.0773,2027-07-19T03:00:00+00:00,2.56,45.52
Batumi,41.6184,43.436,2027-07-19T04:00:00+00:00,23.01,44.7
Telavi,41.2133,42.3102,2027-07-19T05:00:00+00:00,-0.87,73.59
Tbilisi,41.0652,41.4991,2027-07-19T06:00:00+00:00,21.94,52.37
Batumi,42.1363,44.3023,2027-07-19T07:00:00+00:00,30.47,64.05
Batumi,42.8813,42.5669,2027-07-19T08:00:00+00:00,5.02,59.2
Tbilisi,42.3484,41.6733,2027-07-19T09:00:00+00:00,13.99,29.48
Telavi,42.9593,44.4865,2027-07-19T10:00:00+00:00,31.58,46.96
Kutaisi,41.3893,45.169,2027-07-19T11:00:00+00:00,-4.82,61.35
Telavi,41.5636,43.4373,2027-07-19T12:00:00+00:00,31.4,37.67
Tbilisi,42.314,41.144,2027-07-19T13:00:00+00:00,27.08,81.46
Batumi,41.3331,44.1761,2027-07-19T14:00:00+00:00,29.49,38.3
Tbilisi,42.21,44.8192,2027-07-19T15:00:00+00:00,8.03,72.42
Tbilisi,41.3091,43.8252,2027-07-19T16:00:00+00:00,13.58,37.63
Batumi,42.6429,44.1998,2027-07-19T17:00:00+00:00,17.2,87.63
Tbilisi,42.8576,42.19,2027-07-19T18:00:00+00:00,30.14,42.42
Batumi,42.9814,41.2187,2027-07-19T19:00:00+00:00,-4.46,20.57
Tbilisi,42.3383,41.6006,2027-07-19T20:00:00+00:00,16.03,58.62
Tbilisi,41.0139,42.2371,2027-07-19T21:00:00+00:00,-4.98,84.94
Telavi,42.0762,43.7308,2027-07-19T22:00:00+00:00,10.89,56.67
Telavi,42.2593,44.9299,2027-07-19T23:00:00+00:00,21.23,63.9
Tbilisi,42.8167,45.9928,2027-07-20T00:00:00+00:00,-4.6,24.94
Tbilisi,42.7993,43.1205,2027-07-20T01:00:00+00:00,24.52,85.77
Batumi,42.7462,43.9516,2027-07-20T02:00:00+00:00,10.14,65.33
Batumi,41.2257,42.3456,2027-07-20T03:00:00+00:00,8.94,88.45
Tbilisi,42.9511,45.9607,2027-07-20T04:00:00+00:00,-2.62,20.18
Batumi,41.9087,41.6705,2027-07-20T05:00:00+00:00,21.53,78.23
Kutaisi,42.6978,45.6608,2027-07-20T06:00:00+00:00,21.49,48.62
Kutaisi,42.0759,45.2599,2027-07-20T07:00:00+00:00,7.25,31.72
Telavi,41.4005,43.9131,2027-07-20T08:00:00+00:00,30.83,77.4
Telavi,42.2897,42.3467,2027-07-20T09:00:00+00:00,7.95,62.63
Tbilisi,42.2188,44.8562,2027-07-20T10:00:00+00:00,24.86,85.81
Kutaisi,41.7265,43.6224,2027-07-20T11:00:00+00:00,8.94,79.17
Batumi,42.7845,44.2473,2027-07-20T12:00:00+00:00,5.5,65.84
Tbilisi,42.775,41.4082,2027-07-20T13:00:00+00:00,18.99,44.51
Telavi,41.7314,41.0928,2027-07-20T14:00:00+00:00,20.45,61.09
Tbilisi,41.5437,43.9259,2027-07-20T15:00:00+00:00,21.77,24.0
Kutaisi,41.129,43.3401,2027-07-20T16:00:00+00:00,8.11,66.1
Tbilisi,41.3742,43.979,2027-07-20T17:00:00+00:00,31.66,63.06
Tbilisi,41.5497,45.254,2027-07-20T18:00:00+00:00,31.89,25.66
Tbilisi,42.1248,44.0799,2027-07-20T19:00:00+00:00,-0.16,63.84
Kutaisi,41.6744,43.5804,2027-07-20T20:00:00+00:00,16.44,53.86
Kutaisi,41.0859,41.2206,2027-07-20T21:00:00+00:00,29.75,49.46
Telavi,41.6932,43.7003,2027-07-20T22:00:00+00:00,-4.12,81.97
Batumi,42.9746,45.1412,2027-07-20T23:00:00+00:00,17.3,66.34
Kutaisi,41.9137,41.1033,2027-07-21T00:00:00+00:00,17.79,54.84
Batumi,42.9288,44.288,2027-07-21T01:00:00+00:00,34.77,51.25
Batumi,42.3152,44.0845,2027-07-21T02:00:00+00:00,8.21,89.61
Kutaisi,42.7465,43.1083,2027-07-21T03:00:00+00:00,-4.02,68.13
Kutaisi,41.8487,43.999,2027-07-21T04:00:00+00:00,-4.47,27.28
Tbilisi,41.2554,42.0553,2027-07-21T05:00:00+00:00,29.29,39.12
Batumi,41.5868,44.2276,2027-07-21T06:00:00+00:00,22.34,74.93
Tbilisi,41.0093,45.8655,2027-07-21T07:00:00+00:00,8.8,60.05
Tbilisi,41.7863,44.2544,2027-07-21T08:00:00+00:00,31.17,41.58
Kutaisi,42.5622,41.2531,2027-07-21T09:00:00+00:00,32.55,76.62
Telavi,42.3782,45.4877,2027-07-21T10:00:00+00:00,28.51,57.29
Telavi,41.5777,42.9317,2027-07-21T11:00:00+00:00,33.11,86.99
Batumi,41.6666,41.6602,2027-07-21T12:00:00+00:00,16.46,22.07
Tbilisi,42.7173,44.3716,2027-07-21T13:00:00+00:00,-3.52,68.36
Telavi,41.4997,44.2047,2027-07-21T14:00:00+00:00,7.3,73.92
Tbilisi,42.0098,45.0999,2027-07-21T15:00:00+00:00,30.58,29.42
Batumi,41.3138,41.0771,2027-07-21T16:00:00+00:00,26.24,59.46
Kutaisi,41.9134,42.074,2027-07-21T17:00:00+00:00,26.09,50.29
Batumi,42.8615,45.2449,2027-07-21T18:00:00+00:00,10.13,87.03
Kutaisi,42.4553,42.7352,2027-07-21T19:00:00+00:00,8.27,48.95
Kutaisi,42.8815,45.384,2027-07-21T20:00:00+00:00,9.4,70.73
Telavi,42.5244,42.3369,2027-07-21T21:00:00+00:00,33.71,53.39
Batumi,42.3157,42.5494,2027-07-21T22:00:00+00:00,33.93,53.11
Batumi,41.0899,41.2688,2027-07-21T23:00:00+00:00,8.74,38.28
Kutaisi,41.6811,42.2466,2027-07-22T00:00:00+00:00,6.43,63.52
Kutaisi,41.2725,42.3275,2027-07-22T01:00:00+00:00,20.07,55.61
Kutaisi,41.9102,42.4332,2027-07-22T02:00:00+00:00,-0.27,68.94
Kutaisi,41.0705,44.3318,2027-07-22T03:00:00+00:00,10.43,73.56
Telavi,41.0807,44.0168,2027-07-22T04:00:00+00:00,8.39,27.41
Tbilisi,42.0452,43.9527,2027-07-22T05:00:00+00:00,20.93,33.85
Telavi,42.711,42.8199,2027-07-22T06:00:00+00:00,19.67,42.8
Kutaisi,41.3271,43.8743,2027-07-22T07:00:00+00:00,32.57,66.56
Batumi,42.769,44.2384,2027-07-22T08:00:00+00:00,6.55,63.12
Telavi,42.6943,45.4521,2027-07-22T09:00:00+00:00,23.75,25.67
Tbilisi,42.7215,44.5691,2027-07-22T10:00:00+00:00,10.1,68.8
Telavi,41.589,45.0896,2027-07-22T11:00:00+00:00,10.16,78.09
Tbilisi,42.7321,43.5988,2027-07-22T12:00:00+00:00,19.14,50.69
Kutaisi,41.4467,43.0781,2027-07-22T13:00:00+00:00,25.79,52.92
Batumi,42.9386,42.5288,2027-07-22T14:00:00+00:00,14.2,68.81
Batumi,42.4307,43.0896,2027-07-22T15:00:00+00:00,10.64,71.61
Telavi,42.6103,42.9155,2027-07-22T16:00:00+00:00,33.7,42.15
Tbilisi,42.0793,41.9453,2027-07-22T17:00:00+00:00,26.58,49.0
Kutaisi,41.3251,41.3367,2027-07-22T18:00:00+00:00,22.77,78.61
Tbilisi,42.2804,41.1385,2027-07-22T19:00:00+00:00,7.85,66.43
Batumi,42.9857,41.0992,2027-07-22T20:00:00+00:00,7.74,79.21
Kutaisi,41.1242,45.5334,2027-07-22T21:00:00+00:00,34.8,57.21
Kutaisi,42.8529,44.1059,2027-07-22T22:00:00+00:00,16.51,87.8
Telavi,41.8469,42.605,2027-07-22T23:00:00+00:00,17.61,78.8
Batumi,41.8315,41.4523,2027-07-23T00:00:00+00:00,-3.61,56.29
Telavi,42.7336,41.546,2027-07-23T01:00:00+00:00,15.81,68.29
Kutaisi,42.163,42.5352,2027-07-23T02:00:00+00:00,1.84,36.52
Kutaisi,41.6556,44.584,2027-07-23T03:00:00+00:00,3.07,76.76
Tbilisi,42.9292,41.9056,2027-07-23T04:00:00+00:00,8.9,78.57
Tbilisi,42.8341,44.8293,2027-07-23T05:00:00+00:00,34.75,76.77
Telavi,41.54,42.0383,2027-07-23T06:00:00+00:00,-0.89,74.83
Batumi,42.0286,43.0583,2027-07-23T07:00:00+00:00,0.35,69.06
Batumi,41.4111,43.3234,2027-07-23T08:00:00+00:00,20.36,86.98
Batumi,42.0493,41.3713,2027-07-23T09:00:00+00:00,33.49,20.2
Telavi,41.7757,45.1521,2027-07-23T10:00:00+00:00,5.95,34.53
Telavi,41.0041,44.2478,2027-07-23T11:00:00+00:00,33.66,72.31
Batumi,41.4913,42.8332,2027-07-23T12:00:00+00:00,6.11,69.72
Batumi,42.1848,43.7364,2027-07-23T13:00:00+00:00,32.7,22.64
Batumi,41.6615,41.4732,2027-07-23T14:00:00+00:00,23.84,81.31
Kutaisi,42.356,45.7829,2027-07-23T15:00:00+00:00,4.11,44.57
Tbilisi,41.9497,44.2481,2027-07-23T16:00:00+00:00,21.74,84.61
Kutaisi,41.0871,44.6511,2027-07-23T17:00:00+00:00,26.77,41.84
Kutaisi,41.3389,41.2565,2027-07-23T18:00:00+00:00,30.34,29.92
Batumi,41.6676,44.2757,2027-07-23T19:00:00+00:00,1.15,31.79
Tbilisi,42.7832,45.638,2027-07-23T20:00:00+00:00,32.31,76.19
Batumi,41.0909,43.028,2027-07-23T21:00:00+00:00,-1.93,28.11
Batumi,42.2256,41.0213,2027-07-23T22:00:00+00:00,9.62,57.16
Batumi,41.9465,45.2282,2027-07-23T23:00:00+00:00,1.61,38.76
Telavi,41.0715,42.8702,2027-07-24T00:00:00+00:00,17.5,83.18
Batumi,41.4379,42.8299,2027-07-24T01:00:00+00:00,9.31,36.79
Kutaisi,42.1801,41.3165,2027-07-24T02:00:00+00:00,25.81,58.96
Batumi,42.225,44.8896,2027-07-24T03:00:00+00:00,6.88,75.31
Tbilisi,41.0876,42.7262,2027-07-24T04:00:00+00:00,9.38,69.8
Batumi,42.6512,45.2046,2027-07-24T05:00:00+00:00,31.3,20.23
Batumi,41.8121,42.9416,2027-07-24T06:00:00+00:00,18.12,40.23
Kutaisi,41.5037,45.4224,2027-07-24T07:00:00+00:00,9.81,27.18
Kutaisi,41.031,43.0619,2027-07-24T08:00:00+00:00,28.55,44.29
Kutaisi,42.0316,44.8266,2027-07-24T09:00:00+00:00,20.35,72.33
Telavi,41.6461,45.6666,2027-07-24T10:00:00+00:00,29.7,54.78
Batumi,41.3276,41.8462,2027-07-24T11:00:00+00:00,2.27,37.64
Tbilisi,41.1225,42.1954,2027-07-24T12:00:00+00:00,-2.44,27.35
Tbilisi,42.6532,45.2629,2027-07-24T13:00:00+00:00,13.77,79.21
Batumi,41.7636,42.2109,2027-07-24T14:00:00+00:00,18.67,73.32
Tbilisi,42.6903,45.9102,2027-07-24T15:00:00+00:00,0.88,23.46
Batumi,42.0952,41.5441,2027-07-24T16:00:00+00:00,27.63,35.14
Telavi,42.3587,45.5809,2027-07-24T17:00:00+00:00,25.41,38.87
Batumi,42.272,45.6495,2027-07-24T18:00:00+00:00,6.92,30.19
Batumi,41.3416,42.1993,2027-07-24T19:00:00+00:00,0.95,68.39
Tbilisi,41.0302,41.4825,2027-07-24T20:00:00+00:00,0.18,56.85
Batumi,42.0891,44.3604,2027-07-24T21:00:00+00:00,5.59,36.51
Tbilisi,42.2814,45.1809,2027-07-24T22:00:00+00:00,17.69,69.99
Batumi,41.6713,44.7947,2027-07-24T23:00:00+00:00,19.17,88.12
Tbilisi,42.2724,43.4235,2027-07-25T00:00:00+00:00,11.43,61.19
Kutaisi,41.8158,43.441,2027-07-25T01:00:00+00:00,10.03,23.92
Telavi,41.9167,45.6697,2027-07-25T02:00:00+00:00,3.62,24.84
Kutaisi,41.007,41.9461,2027-07-25T03:00:00+00:00,20.68,22.78
Tbilisi,41.7842,45.4806,2027-07-25T04:00:00+00:00,4.5,23.83
Telavi,42.8968,45.5495,2027-07-25T05:00:00+00:00,23.85,43.41
Telavi,42.679,41.8193,2027-07-25T06:00:00+00:00,-2.25,72.21
Batumi,41.8586,43.9385,2027-07-25T07:00:00+00:00,6.66,76.82
Telavi,42.4154,45.3248,2027-07-25T08:00:00+00:00,2.82,70.84
Batumi,42.3824,41.9712,2027-07-25T09:00:00+00:00,15.1,24.48
Telavi,41.3324,41.7999,2027-07-25T10:00:00+00:00,2.44,31.24
Batumi,41.3936,44.6036,2027-07-25T11:00:00+00:00,-1.69,55.01
Kutaisi,41.3532,41.8167,2027-07-25T12:00:00+00:00,8.51,89.61
Telavi,41.2891,44.4082,2027-07-25T13:00:00+00:00,25.86,80.33
Kutaisi,42.8387,45.091,2027-07-25T14:00:00+00:00,-3.31,70.34
Tbilisi,42.9973,42.4965,2027-07-25T15:00:00+00:00,1.87,43.69
Batumi,41.371,45.9367,2027-07-25T16:00:00+00:00,5.07,45.88
Telavi,42.3507,43.612,2027-07-25T17:00:00+00:00,27.97,59.71
Batumi,42.8101,44.4867,2027-07-25T18:00:00+00:00,8.94,39.57
Batumi,42.3883,44.068,2027-07-25T19:00:00+00:00,2.57,64.99
Telavi,41.5567,42.7621,2027-07-25T20:00:00+00:00,2.87,43.94
Batumi,41.4144,43.6114,2027-07-25T21:00:00+00:00,15.34,86.03
Kutaisi,42.5755,41.3984,2027-07-25T22:00:00+00:00,31.23,84.84
Tbilisi,41.6807,44.8122,2027-07-25T23:00:00+00:00,18.17,72.12
Kutaisi,42.1228,42.807,2027-07-26T00:00:00+00:00,8.82,55.61
Batumi,41.6907,45.5456,2027-07-26T01:00:00+00:00,0.16,32.73
Batumi,41.028,43.4103,2027-07-26T02:00:00+00:00,17.38,81.18
Tbilisi,42.1151,44.015,2027-07-26T03:00:00+00:00,7.14,77.81
Telavi,42.3625,42.4256,2027-07-26T04:00:00+00:00,23.76,72.73
Batumi,42.4863,41.4899,2027-07-26T05:00:00+00:00,16.91,71.8
Telavi,42.7389,41.2067,2027-07-26T06:00:00+00:00,20.52,46.67
Batumi,42.3291,41.697,2027-07-26T07:00:00+00:00,28.78,80.52
Tbilisi,42.4926,42.6647,2027-07-26T08:00:00+00:00,0.21,67.82
Kutaisi,42.7846,41.5165,2027-07-26T09:00:00+00:00,-0.58,66.76
Kutaisi,41.7102,43.0524,2027-07-26T10:00:00+00:00,21.13,88.49
Batumi,41.8456,43.0408,2027-07-26T11:00:00+00:00,11.84,65.14
Tbilisi,42.5719,45.668,2027-07-26T12:00:00+00:00,28.1,86.48
Kutaisi,42.1368,42.5111,2027-07-26T13:00:00+00:00,-3.58,34.03
Kutaisi,41.3411,42.4453,2027-07-26T14:00:00+00:00,25.63,73.18
Batumi,41.0469,42.6008,2027-07-26T15:00:00+00:00,29.01,71.28
Batumi,42.9566,44.1696,2027-07-26T16:00:00+00:00,6.8,35.45
Tbilisi,42.391,45.5284,2027-07-26T17:00:00+00:00,28.64,89.64
Batumi,41.9569,42.7261,2027-07-26T18:00:00+00:00,30.59,69.79
Batumi,42.5898,41.2151,2027-07-26T19:00:00+00:00,-2.4,67.31
Telavi,42.067,44.2527,2027-07-26T20:00:00+00:00,-3.79,83.96
Kutaisi,41.4815,45.8403,2027-07-26T21:00:00+00:00,-1.88,89.13
Batumi,42.9828,41.8172,2027-07-26T22:00:00+00:00,29.4,48.13
Telavi,41.5635,43.7451,2027-07-26T23:00:00+00:00,-2.53,50.68
Telavi,41.5809,41.8166,2027-07-27T00:00:00+00:00,11.54,85.55
Batumi,41.074,45.9133,2027-07-27T01:00:00+00:00,24.48,52.21
Tbilisi,42.4691,44.6587,2027-07-27T02:00:00+00:00,24.33,27.64
Kutaisi,42.9991,45.8497,2027-07-27T03:00:00+00:00,15.95,20.65
Telavi,42.212,42.4866,2027-07-27T04:00:00+00:00,0.15,27.87
Telavi,41.6148,43.9321,2027-07-27T05:00:00+00:00,-4.21,39.56
Tbilisi,42.6533,44.2895,2027-07-27T06:00:00+00:00,26.17,24.32
Batumi,42.3973,44.4386,2027-07-27T07:00:00+00:00,24.28,76.39
Batumi,42.9984,42.4161,2027-07-27T08:00:00+00:00,19.04,21.14
Telavi,41.5783,45.4409,2027-07-27T09:00:00+00:00,-1.58,25.14
Telavi,41.0802,45.237,2027-07-27T10:00:00+00:00,22.4,34.49
Tbilisi,42.6014,42.8523,2027-07-27T11:00:00+00:00,-4.63,26.17
Telavi,42.0993,41.1945,2027-07-27T12:00:00+00:00,11.61,73.95
Telavi,42.9333,42.7886,2027-07-27T13:00:00+00:00,-0.37,28.12
Batumi,41.6911,41.3599,2027-07-27T14:00:00+00:00,11.13,59.68
Tbilisi,41.5317,41.658,2027-07-27T15:00:00+00:00,13.31,23.62
Batumi,41.1301,44.8922,2027-07-27T16:00:00+00:00,16.6,28.04
Kutaisi,41.2443,41.3964,2027-07-27T17:00:00+00:00,23.37,32.19
Telavi,42.6921,42.2803,2027-07-27T18:00:00+00:00,25.06,63.14
Kutaisi,41.2237,42.9644,2027-07-27T19:00:00+00:00,20.89,49.53
Kutaisi,41.0208,42.2738,2027-07-27T20:00:00+00:00,22.9,54.92
Kutaisi,41.6955,41.6074,2027-07-27T21:00:00+00:00,22.95,54.77
Telavi,42.7934,41.9345,2027-07-27T22:00:00+00:00,-4.72,30.15
Tbilisi,42.0915,45.9423,2027-07-27T23:00:00+00:00,7.84,70.72
Batumi,41.6013,41.1,2027-07-28T00:00:00+00:00,15.7,70.34
Tbilisi,42.4794,43.1426,2027-07-28T01:00:00+00:00,18.72,42.23
Batumi,42.6251,43.0375,2027-07-28T02:00:00+00:00,-1.03,21.05
Batumi,42.5643,45.1658,2027-07-28T03:00:00+00:00,18.63,26.89
Kutaisi,42.5452,41.1287,2027-07-28T04:00:00+00:00,18.8,67.81
Tbilisi,41.3295,44.5942,2027-07-28T05:00:00+00:00,19.97,85.9
Tbilisi,42.9879,43.9362,2027-07-28T06:00:00+00:00,21.47,79.17
Batumi,42.0327,43.2373,2027-07-28T07:00:00+00:00,30.95,71.31
Kutaisi,42.42,45.3178,2027-07-28T08:00:00+00:00,5.28,30.5
Kutaisi,41.5294,41.9586,2027-07-28T09:00:00+00:00,23.31,77.46
Batumi,41.8103,42.303,2027-07-28T10:00:00+00:00,1.95,37.0
Telavi,42.2507,45.2712,2027-07-28T11:00:00+00:00,28.59,82.6
Tbilisi,42.7575,41.1876,2027-07-28T12:00:00+00:00,-2.2,73.62
Batumi,42.3977,43.3416,2027-07-28T13:00:00+00:00,27.77,33.23
Telavi,41.9854,43.4884,2027-07-28T14:00:00+00:00,15.67,66.43
Telavi,41.9175,41.3332,2027-07-28T15:00:00+00:00,14.73,55.75
Batumi,41.5029,41.269,2027-07-28T16:00:00+00:00,19.39,35.62
Kutaisi,41.1665,44.4731,2027-07-28T17:00:00+00:00,30.46,33.37
Tbilisi,42.9867,43.272,2027-07-28T18:00:00+00:00,2.14,59.33
Batumi,42.5829,42.9267,2027-07-28T19:00:00+00:00,28.15,47.12
Batumi,41.0323,43.2311,2027-07-28T20:00:00+00:00,33.98,30.57
Kutaisi,42.467,44.396,2027-07-28T21:00:00+00:00,10.25,78.99
Telavi,41.1159,44.4099,2027-07-28T22:00:00+00:00,31.65,49.29
Telavi,42.5518,45.8878,2027-07-28T23:00:00+00:00,29.03,21.39
Kutaisi,41.0033,42.1968,2027-07-29T00:00:00+00:00,-3.92,59.76
Telavi,41.7822,43.417,2027-07-29T01:00:00+00:00,25.3,21.44
Telavi,41.4571,45.0215,2027-07-29T02:00:00+00:00,3.74,60.83
Kutaisi,41.0881,42.9552,2027-07-29T03:00:00+00:00,11.18,89.82
Telavi,41.0172,44.58,2027-07-29T04:00:00+00:00,9.17,56.83
Tbilisi,42.2972,42.6988,2027-07-29T05:00:00+00:00,31.86,67.51
Tbilisi,42.0968,41.2153,2027-07-29T06:00:00+00:00,20.03,33.08
Tbilisi,42.3837,43.9527,2027-07-29T07:00:00+00:00,15.2,22.5
Kutaisi,42.7823,45.6406,2027-07-29T08:00:00+00:00,7.47,25.45
Kutaisi,42.5497,45.2211,2027-07-29T09:00:00+00:00,5.45,49.24
Telavi,41.0963,41.0643,2027-07-29T10:00:00+00:00,2.2,64.5
Tbilisi,41.8804,41.4611,2027-07-29T11:00:00+00:00,-0.29,64.12
Tbilisi,42.484,45.5006,2027-07-29T12:00:00+00:00,19.45,57.56
Telavi,41.9866,42.3176,2027-07-29T13:00:00+00:00,-4.43,29.38
Tbilisi,41.8998,42.3954,2027-07-29T14:00:00+00:00,28.34,68.69
Tbilisi,42.5336,43.1773,2027-07-29T15:00:00+00:00,8.31,21.63
Tbilisi,41.5582,45.1286,2027-07-29T16:00:00+00:00,8.56,80.96
Tbilisi,41.6648,43.2289,2027-07-29T17:00:00+00:00,20.78,66.54
Batumi,42.7863,44.104,2027-07-29T18:00:00+00:00,-2.9,57.69
Telavi,41.0716,41.9892,2027-07-29T19:00:00+00:00,18.33,34.9
Telavi,41.5823,43.1467,2027-07-29T20:00:00+00:00,29.01,81.77
Telavi,42.903,45.2671,2027-07-29T21:00:00+00:00,25.88,42.75
Tbilisi,42.7772,42.2417,2027-07-29T22:00:00+00:00,21.46,88.67
Telavi,41.5689,43.9923,2027-07-29T23:00:00+00:00,0.47,20.07
Tbilisi,41.3416,43.291,2027-07-30T00:00:00+00:00,-3.21,77.85
Tbilisi,41.415,43.6989,2027-07-30T01:00:00+00:00,29.25,28.1
Batumi,42.268,45.011,2027-07-30T02:00:00+00:00,-4.78,30.66
Batumi,41.5142,41.4842,2027-07-30T03:00:00+00:00,25.74,20.67
Tbilisi,42.1536,42.7375,2027-07-30T04:00:00+00:00,23.17,57.43
Kutaisi,41.2275,43.0027,2027-07-30T05:00:00+00:00,-1.63,21.29
Telavi,41.5215,42.3293,2027-07-30T06:00:00+00:00,18.97,39.65
Kutaisi,42.4897,44.5305,2027-07-30T07:00:00+00:00,30.48,70.23
Telavi,42.9172,41.7066,2027-07-30T08:00:00+00:00,22.58,88.96
Telavi,41.2645,41.5233,2027-07-30T09:00:00+00:00,8.62,74.64
Tbilisi,41.3387,42.9078,2027-07-30T10:00:00+00:00,24.83,32.61
Kutaisi,42.7029,43.0613,2027-07-30T11:00:00+00:00,23.84,60.93
Tbilisi,42.4146,43.9388,2027-07-30T12:00:00+00:00,10.32,55.5
Telavi,42.8065,45.3677,2027-07-30T13:00:00+00:00,19.99,82.84
Batumi,42.3374,43.2489,2027-07-30T14:00:00+00:00,5.98,33.31
Tbilisi,42.0645,41.8811,2027-07-30T15:00:00+00:00,16.64,58.95
Telavi,41.1685,44.195,2027-07-30T16:00:00+00:00,7.15,35.67
Batumi,42.3393,44.8413,2027-07-30T17:00:00+00:00,31.16,46.44
Tbilisi,42.241,45.2285,2027-07-30T18:00:00+00:00,15.48,50.68
Batumi,42.5558,43.3392,2027-07-30T19:00:00+00:00,7.24,47.46
Batumi,41.2094,44.5766,2027-07-30T20:00:00+00:00,21.16,32.58
Tbilisi,41.0261,42.4276,2027-07-30T21:00:00+00:00,18.75,64.96
Kutaisi,41.3141,42.0133,2027-07-30T22:00:00+00:00,10.98,86.54
Tbilisi,41.6347,44.9475,2027-07-30T23:00:00+00:00,30.9,31.18
Telavi,41.9839,44.6757,2027-07-31T00:00:00+00:00,27.82,85.2
Telavi,41.0884,41.0987,2027-07-31T01:00:00+00:00,32.82,49.9
Kutaisi,42.0113,44.1084,2027-07-31T02:00:00+00:00,15.08,31.2
Kutaisi,41.2589,42.8476,2027-07-31T03:00:00+00:00,11.86,58.67
Batumi,42.1136,42.6482,2027-07-31T04:00:00+00:00,23.1,84.16
Kutaisi,42.4438,44.13,2027-07-31T05:00:00+00:00,-4.29,36.28
Telavi,41.3873,45.4179,2027-07-31T06:00:00+00:00,2.94,37.76
Telavi,42.2053,41.1133,2027-07-31T07:00:00+00:00,-0.21,38.02
Telavi,42.9929,41.6872,2027-07-31T08:00:00+00:00,23.45,75.56
Batumi,41.3666,43.7795,2027-07-31T09:00:00+00:00,30.69,80.61
Kutaisi,42.3256,42.007,2027-07-31T10:00:00+00:00,14.17,52.64
Tbilisi,42.2359,44.9796,2027-07-31T11:00:00+00:00,23.22,68.72
Telavi,42.8876,41.3785,2027-07-31T12:00:00+00:00,-2.52,69.76
Batumi,42.8241,42.1937,2027-07-31T13:00:00+00:00,34.85,76.66
Tbilisi,41.3587,43.6391,2027-07-31T14:00:00+00:00,19.12,65.19
Kutaisi,41.6941,44.7679,2027-07-31T15:00:00+00:00,15.32,33.95
Telavi,42.1201,41.5403,2027-07-31T16:00:00+00:00,21.02,72.69
Kutaisi,41.2894,42.7503,2027-07-31T17:00:00+00:00,13.31,84.04
Batumi,42.0527,41.6644,2027-07-31T18:00:00+00:00,27.83,61.64
Tbilisi,42.3007,45.0127,2027-07-31T19:00:00+00:00,12.73,49.95
Telavi,42.7343,42.6702,2027-07-31T20:00:00+00:00,-3.62,42.46
Kutaisi,41.9683,45.539,2027-07-31T21:00:00+00:00,20.48,82.49
Telavi,42.426,44.2616,2027-07-31T22:00:00+00:00,10.7,51.66
Batumi,42.9949,41.3398,2027-07-31T23:00:00+00:00,2.23,37.72
Kutaisi,41.1691,42.7814,2027-08-01T00:00:00+00:00,28.13,78.17
Batumi,41.2997,42.5799,2027-08-01T01:00:00+00:00,11.63,24.51
Kutaisi,42.0166,44.8467,2027-08-01T02:00:00+00:00,26.82,30.94
Kutaisi,42.3052,43.0829,2027-08-01T03:00:00+00:00,16.83,25.26
Batumi,42.3908,44.4059,2027-08-01T04:00:00+00:00,24.78,53.19
Tbilisi,42.5249,41.3416,2027-08-01T05:00:00+00:00,29.82,47.37
Tbilisi,41.9852,42.2746,2027-08-01T06:00:00+00:00,-1.56,46.45
Tbilisi,42.7963,41.301,2027-08-01T07:00:00+00:00,28.01,61.17
Kutaisi,41.8246,43.5538,2027-08-01T08:00:00+00:00,3.09,79.43
Kutaisi,42.8544,44.2739,2027-08-01T09:00:00+00:00,12.07,28.85
Batumi,42.2517,45.8211,2027-08-01T10:00:00+00:00,13.95,53.5
Kutaisi,41.5214,41.6703,2027-08-01T11:00:00+00:00,6.91,89.82
Tbilisi,41.5662,41.5724,2027-08-01T12:00:00+00:00,2.73,39.08
Tbilisi,42.5591,43.6585,2027-08-01T13:00:00+00:00,26.27,49.27
Kutaisi,42.5953,44.2243,2027-08-01T14:00:00+00:00,12.26,43.93
Batumi,42.8262,42.8821,2027-08-01T15:00:00+00:00,9.48,32.51
Kutaisi,42.5233,42.7052,2027-08-01T16:00:00+00:00,28.0,20.97
Kutaisi,42.1683,45.8432,2027-08-01T17:00:00+00:00,25.24,87.93
Batumi,42.2101,42.8062,2027-08-01T18:00:00+00:00,9.32,36.58
Kutaisi,42.2568,41.8476,2027-08-01T19:00:00+00:00,22.43,79.92
Kutaisi,41.8761,42.6585,2027-08-01T20:00:00+00:00,30.42,54.64
Telavi,41.7161,45.3816,2027-08-01T21:00:00+00:00,22.93,62.72
Tbilisi,41.1361,43.811,2027-08-01T22:00:00+00:00,21.2,46.96
Batumi,42.6696,41.3122,2027-08-01T23:00:00+00:00,29.31,55.8
Kutaisi,42.8094,41.7337,2027-08-02T00:00:00+00:00,29.82,51.55
Kutaisi,42.5386,43.5885,2027-08-02T01:00:00+00:00,5.86,88.07
Kutaisi,41.4494,41.6573,2027-08-02T02:00:00+00:00,18.32,68.24
Telavi,42.7972,42.2003,2027-08-02T03:00:00+00:00,7.72,38.92
Batumi,42.6063,41.3034,2027-08-02T04:00:00+00:00,19.61,89.68
Kutaisi,42.6403,43.6781,2027-08-02T05:00:00+00:00,-4.7,68.92
Telavi,42.4052,45.4494,2027-08-02T06:00:00+00:00,19.8,87.04
Tbilisi,42.0785,43.2569,2027-08-02T07:00:00+00:00,2.97,82.8
Kutaisi,42.8762,41.8705,2027-08-02T08:00:00+00:00,1.62,50.74
Telavi,41.2072,42.7548,2027-08-02T09:00:00+00:00,16.99,33.55
Tbilisi,41.6828,43.0332,2027-08-02T10:00:00+00:00,28.56,48.26
Tbilisi,42.4811,42.0581,2027-08-02T11:00:00+00:00,32.3,79.13
Batumi,42.4841,44.6125,2027-08-02T12:00:00+00:00,2.9,40.42
Batumi,42.8116,43.8458,2027-08-02T13:00:00+00:00,28.74,47.85
Telavi,42.7343,44.5916,2027-08-02T14:00:00+00:00,11.97,41.75
Telavi,42.2347,43.7277,2027-08-02T15:00:00+00:00,23.92,65.01
Telavi,41.959,45.6127,2027-08-02T16:00:00+00:00,1.89,71.56
Batumi,41.3603,43.3222,2027-08-02T17:00:00+00:00,33.95,64.1
Batumi,41.5153,43.0241,2027-08-02T18:00:00+00:00,34.01,84.99
Telavi,41.8799,45.9345,2027-08-02T19:00:00+00:00,13.23,47.47
Telavi,41.184,42.3384,2027-08-02T20:00:00+00:00,21.62,45.15
Batumi,41.668,43.6839,2027-08-02T21:00:00+00:00,22.67,33.46
Kutaisi,42.9932,43.9883,2027-08-02T22:00:00+00:00,-2.79,89.83
Batumi,41.5846,41.3509,2027-08-02T23:00:00+00:00,26.09,36.74
Kutaisi,41.5388,45.9781,2027-08-03T00:00:00+00:00,14.13,81.04
Tbilisi,42.9281,42.7293,2027-08-03T01:00:00+00:00,7.59,89.43
Batumi,42.8973,43.7869,2027-08-03T02:00:00+00:00,28.07,43.33
Telavi,41.1842,44.0183,2027-08-03T03:00:00+00:00,-4.92,77.6
Telavi,41.9124,44.2658,2027-08-03T04:00:00+00:00,34.01,62.4
Tbilisi,41.4191,44.9668,2027-08-03T05:00:00+00:00,10.65,80.45
Kutaisi,41.4876,41.9822,2027-08-03T06:00:00+00:00,11.01,40.72
Kutaisi,41.6448,41.0406,2027-08-03T07:00:00+00:00,3.92,45.25
Batumi,42.3887,44.6886,2027-08-03T08:00:00+00:00,23.98,32.24
Tbilisi,41.0661,41.8025,2027-08-03T09:00:00+00:00,32.92,68.87
Telavi,41.655,45.2791,2027-08-03T10:00:00+00:00,-2.24,60.55
Kutaisi,42.6981,44.8148,2027-08-03T11:00:00+00:00,25.26,52.99
Batumi,41.1906,45.0235,2027-08-03T12:00:00+00:00,-4.93,50.0
Batumi,41.7394,41.9809,2027-08-03T13:00:00+00:00,-3.36,82.93
Batumi,41.6595,42.8545,2027-08-03T14:00:00+00:00,27.18,80.5
Telavi,42.7496,44.0804,2027-08-03T15:00:00+00:00,15.62,76.25
Batumi,41.8739,43.1679,2027-08-03T16:00:00+00:00,11.77,79.62
Kutaisi,42.9659,42.5595,2027-08-03T17:00:00+00:00,7.38,60.57
Tbilisi,41.0607,43.019,2027-08-03T18:00:00+00:00,33.19,72.61
Telavi,42.7189,44.8068,2027-08-03T19:00:00+00:00,17.58,64.36
Telavi,42.6414,44.9215,2027-08-03T20:00:00+00:00,5.99,80.73
Kutaisi,41.2936,44.0491,2027-08-03T21:00:00+00:00,0.61,25.35
Batumi,41.5327,42.3132,2027-08-03T22:00:00+00:00,3.5,73.28
Kutaisi,41.1003,44.0103,2027-08-03T23:00:00+00:00,14.33,82.98
Tbilisi,42.1517,44.6893,2027-08-04T00:00:00+00:00,15.11,29.41
Tbilisi,41.1888,45.6553,2027-08-04T01:00:00+00:00,3.62,30.57
Batumi,42.175,45.1032,2027-08-04T02:00:00+00:00,18.83,78.39
Tbilisi,41.2097,45.4439,2027-08-04T03:00:00+00:00,26.24,86.54
Kutaisi,42.2434,45.7012,2027-08-04T04:00:00+00:00,14.6,49.81
Telavi,42.1176,44.7599,2027-08-04T05:00:00+00:00,23.92,88.39
Tbilisi,42.9,41.1906,2027-08-04T06:00:00+00:00,24.1,79.84
Tbilisi,42.7289,42.6337,2027-08-04T07:00:00+00:00,34.32,38.91
Telavi,42.0416,41.3962,2027-08-04T08:00:00+00:00,23.03,34.04
Kutaisi,41.4224,42.2012,2027-08-04T09:00:00+00:00,-4.96,45.04
Kutaisi,41.3921,41.5118,2027-08-04T10:00:00+00:00,30.29,28.38
Kutaisi,41.5321,42.6619,2027-08-04T11:00:00+00:00,20.25,65.89
Batumi,42.1559,44.7929,2027-08-04T12:00:00+00:00,13.96,71.48
Tbilisi,42.1926,45.2123,2027-08-04T13:00:00+00:00,34.71,63.51
Tbilisi,42.2045,41.3323,2027-08-04T14:00:00+00:00,10.17,24.6
Telavi,41.634,44.4968,2027-08-04T15:00:00+00:00,0.15,83.61
Kutaisi,42.9565,42.5131,2027-08-04T16:00:00+00:00,20.38,75.03
Tbilisi,42.8021,45.9504,2027-08-04T17:00:00+00:00,30.59,89.09
Telavi,42.649,41.068,2027-08-04T18:00:00+00:00,25.25,43.82
Batumi,42.9801,43.0818,2027-08-04T19:00:00+00:00,19.96,40.44
Kutaisi,41.7278,45.2232,2027-08-04T20:00:00+00:00,2.82,38.67
Telavi,41.4151,41.2941,2027-08-04T21:00:00+00:00,29.01,48.98
Tbilisi,41.7432,42.6738,2027-08-04T22:00:00+00:00,27.16,88.91
Tbilisi,41.7176,41.8953,2027-08-04T23:00:00+00:00,25.84,87.57
Batumi,42.8541,44.3858,2027-08-05T00:00:00+00:00,34.9,58.28
Tbilisi,42.7283,42.5022,2027-08-05T01:00:00+00:00,18.84,23.02
Telavi,41.5526,45.4174,2027-08-05T02:00:00+00:00,8.22,44.94
Tbilisi,42.3663,43.8509,2027-08-05T03:00:00+00:00,3.41,70.22
Tbilisi,42.6868,45.4613,2027-08-05T04:00:00+00:00,20.54,51.53
Kutaisi,41.1995,45.5583,2027-08-05T05:00:00+00:00,17.63,45.87
Tbilisi,42.2535,42.1722,2027-08-05T06:00:00+00:00,20.76,60.54
Telavi,42.6286,43.0019,2027-08-05T07:00:00+00:00,12.62,21.86
Kutaisi,41.3103,45.9114,2027-08-05T08:00:00+00:00,31.55,43.26
Telavi,42.0613,44.5807,2027-08-05T09:00:00+00:00,5.45,89.69
Kutaisi,41.2888,41.0701,2027-08-05T10:00:00+00:00,34.86,56.03
Batumi,41.6531,45.5582,2027-08-05T11:00:00+00:00,16.59,64.41
Telavi,42.0278,41.9995,2027-08-05T12:00:00+00:00,23.6,87.24
Tbilisi,41.3835,41.1185,2027-08-05T13:00:00+00:00,13.09,34.43
Tbilisi,41.3068,42.8411,2027-08-05T14:00:00+00:00,17.07,58.85
Kutaisi,42.0387,42.0263,2027-08-05T15:00:00+00:00,-2.54,37.64
Telavi,42.8947,41.3882,2027-08-05T16:00:00+00:00,2.55,88.25
Kutaisi,42.3827,41.588,2027-08-05T17:00:00+00:00,5.95,42.36
Tbilisi,42.1071,42.2138,2027-08-05T18:00:00+00:00,28.78,47.04
Telavi,42.7573,41.0118,2027-08-05T19:00:00+00:00,33.73,56.03
Kutaisi,41.6088,44.2858,2027-08-05T20:00:00+00:00,23.95,73.97
Batumi,42.364,44.3272,2027-08-05T21:00:00+00:00,15.25,27.25
Kutaisi,42.3568,41.8271,2027-08-05T22:00:00+00:00,8.07,37.43
Telavi,41.2922,45.2093,2027-08-05T23:00:00+00:00,12.25,39.01
Tbilisi,42.8735,44.3158,2027-08-06T00:00:00+00:00,23.66,68.47
Telavi,41.1225,45.5571,2027-08-06T01:00:00+00:00,-2.66,33.35
Batumi,41.2423,41.7282,2027-08-06T02:00:00+00:00,5.23,54.74
Telavi,41.2192,41.4812,2027-08-06T03:00:00+00:00,29.04,56.06
Batumi,41.3151,44.7507,2027-08-06T04:00:00+00:00,-3.49,48.44
Kutaisi,42.8562,41.6776,2027-08-06T05:00:00+00:00,22.07,76.94
Batumi,41.2469,45.089,2027-08-06T06:00:00+00:00,11.52,70.0
Kutaisi,42.0325,45.5843,2027-08-06T07:00:00+00:00,28.81,24.22
Tbilisi,41.1286,44.548,2027-08-06T08:00:00+00:00,3.77,68.72
Tbilisi,41.8395,43.8985,2027-08-06T09:00:00+00:00,10.26,88.72
Telavi,42.3011,45.5284,2027-08-06T10:00:00+00:00,2.47,58.38
Batumi,41.7765,42.5372,2027-08-06T11:00:00+00:00,6.74,41.51
Telavi,42.7819,41.8761,2027-08-06T12:00:00+00:00,15.21,72.5
Kutaisi,42.3249,44.2158,2027-08-06T13:00:00+00:00,7.55,33.98
Tbilisi,41.6855,44.0687,2027-08-06T14:00:00+00:00,-4.7,73.43
Kutaisi,41.3236,44.2054,2027-08-06T15:00:00+00:00,12.44,36.2
Batumi,41.6627,43.2281,2027-08-06T16:00:00+00:00,2.17,21.84
Telavi,41.37,42.4334,2027-08-06T17:00:00+00:00,31.97,86.74
Kutaisi,42.166,45.5818,2027-08-06T18:00:00+00:00,31.53,71.88
Tbilisi,41.7463,42.6808,2027-08-06T19:00:00+00:00,17.07,61.51
Kutaisi,41.3349,43.1209,2027-08-06T20:00:00+00:00,4.87,42.22
Batumi,41.1921,41.9912,2027-08-06T21:00:00+00:00,17.07,29.91
Telavi,42.8524,44.35,2027-08-06T22:00:00+00:00,17.66,24.18
Batumi,41.045,41.7746,2027-08-06T23:00:00+00:00,-1.96,85.04
Batumi,41.7679,44.8747,2027-08-07T00:00:00+00:00,21.15,37.08
Kutaisi,41.2912,42.5618,2027-08-07T01:00:00+00:00,8.42,54.34
Tbilisi,42.9751,42.2211,2027-08-07T02:00:00+00:00,6.64,87.12
Telavi,41.2744,42.8644,2027-08-07T03:00:00+00:00,-2.58,24.23
Batumi,41.5613,41.3267,2027-08-07T04:00:00+00:00,-4.37,28.09
Batumi,41.1318,43.1215,2027-08-07T05:00:00+00:00,28.31,32.94
Kutaisi,41.4967,44.211,2027-08-07T06:00:00+00:00,15.09,81.24
Tbilisi,42.929,42.8565,2027-08-07T07:00:00+00:00,21.55,63.2
Batumi,42.7831,45.8289,2027-08-07T08:00:00+00:00,-4.06,66.24
Telavi,41.1061,42.5289,2027-08-07T09:00:00+00:00,13.66,63.61
Telavi,42.2252,44.6802,2027-08-07T10:00:00+00:00,15.73,51.49
Batumi,41.7031,44.3593,2027-08-07T11:00:00+00:00,12.44,74.58
Tbilisi,41.1273,42.7383,2027-08-07T12:00:00+00:00,29.16,68.37
Kutaisi,42.2363,42.9016,2027-08-07T13:00:00+00:00,1.72,51.31
Telavi,41.38,43.8237,2027-08-07T14:00:00+00:00,15.24,86.19
Telavi,41.2264,41.5298,2027-08-07T15:00:00+00:00,29.54,54.94
Tbilisi,42.3163,44.9046,2027-08-07T16:00:00+00:00,20.4,28.97
Tbilisi,41.1321,45.4218,2027-08-07T17:00:00+00:00,26.53,53.85
Tbilisi,42.4644,41.7119,2027-08-07T18:00:00+00:00,33.25,45.85
Batumi,41.4709,44.5887,2027-08-07T19:00:00+00:00,0.53,73.48
Tbilisi,42.6164,42.1615,2027-08-07T20:00:00+00:00,-0.53,82.65
Tbilisi,41.8628,43.0306,2027-08-07T21:00:00+00:00,29.5,81.58
Telavi,41.6148,42.537,2027-08-07T22:00:00+00:00,30.11,60.76
Tbilisi,41.9755,41.56,2027-08-07T23:00:00+00:00,34.84,76.5
Kutaisi,42.795,44.959,2027-08-08T00:00:00+00:00,-0.29,54.59
Telavi,41.2568,43.9145,2027-08-08T01:00:00+00:00,31.54,54.63
Kutaisi,42.2944,45.6789,2027-08-08T02:00:00+00:00,15.63,20.73
Telavi,41.6028,42.0512,2027-08-08T03:00:00+00:00,29.8,70.67
Kutaisi,41.6778,43.5474,2027-08-08T04:00:00+00:00,23.85,39.99
Telavi,42.4815,45.2534,2027-08-08T05:00:00+00:00,12.84,76.87
Telavi,42.2939,43.4843,2027-08-08T06:00:00+00:00,29.57,56.34
Tbilisi,41.714,44.4686,2027-08-08T07:00:00+00:00,20.08,24.72
Telavi,42.0572,44.1607,2027-08-08T08:00:00+00:00,6.16,24.23
Telavi,42.6506,44.8693,2027-08-08T09:00:00+00:00,19.1,31.9
Kutaisi,42.8744,43.2078,2027-08-08T10:00:00+00:00,28.03,48.42
Telavi,42.9138,42.433,2027-08-08T11:00:00+00:00,16.55,47.81
Telavi,41.2335,43.6928,2027-08-08T12:00:00+00:00,-1.96,24.75
Batumi,42.4797,44.5842,2027-08-08T13:00:00+00:00,20.78,40.71
Telavi,41.9273,43.9406,2027-08-08T14:00:00+00:00,12.53,56.25
Kutaisi,41.7498,41.6271,2027-08-08T15:00:00+00:00,30.84,68.41
Batumi,42.2844,44.2004,2027-08-08T16:00:00+00:00,20.62,78.07
Tbilisi,41.6353,43.4775,2027-08-08T17:00:00+00:00,29.2,28.46
Batumi,42.5823,42.3864,2027-08-08T18:00:00+00:00,25.7,64.31
Kutaisi,42.3238,43.9859,2027-08-08T19:00:00+00:00,20.47,22.09
Telavi,42.2023,44.5959,2027-08-08T20:00:00+00:00,14.05,50.94
Tbilisi,42.6648,44.1546,2027-08-08T21:00:00+00:00,9.93,87.81
Tbilisi,42.982,41.3562,2027-08-08T22:00:00+00:00,2.83,74.34
Kutaisi,41.2087,43.3538,2027-08-08T23:00:00+00:00,33.46,61.14
Tbilisi,42.2766,43.8735,2027-08-09T00:00:00+00:00,17.17,46.73
Batumi,41.5167,42.8336,2027-08-09T01:00:00+00:00,8.68,65.2
Batumi,41.653,45.1909,2027-08-09T02:00:00+00:00,14.92,40.21
Kutaisi,41.8621,41.7801,2027-08-09T03:00:00+00:00,21.0,41.56
Batumi,42.5186,44.7443,2027-08-09T04:00:00+00:00,3.64,41.55
Batumi,42.5642,41.1184,2027-08-09T05:00:00+00:00,0.09,39.26
Tbilisi,41.8368,45.5226,2027-08-09T06:00:00+00:00,11.23,52.03
Telavi,41.6809,44.5704,2027-08-09T07:00:00+00:00,33.16,81.33
Tbilisi,42.4484,43.5677,2027-08-09T08:00:00+00:00,11.77,63.6
Telavi,42.9012,43.1956,2027-08-09T09:00:00+00:00,9.96,23.85
Batumi,42.9826,45.8712,2027-08-09T10:00:00+00:00,24.39,43.97
Batumi,42.5784,41.296,2027-08-09T11:00:00+00:00,24.3,49.57
Kutaisi,41.0834,45.4679,2027-08-09T12:00:00+00:00,10.53,63.99
Kutaisi,42.8305,43.5992,2027-08-09T13:00:00+00:00,5.9,44.59
Batumi,41.7938,43.9019,2027-08-09T14:00:00+00:00,5.58,27.24
Tbilisi,42.6008,44.9738,2027-08-09T15:00:00+00:00,22.1,22.32
Telavi,41.9833,44.7337,2027-08-09T16:00:00+00:00,6.9,86.34
Telavi,41.2876,45.7279,2027-08-09T17:00:00+00:00,-1.14,45.38
Telavi,41.6301,44.0115,2027-08-09T18:00:00+00:00,13.91,75.49
Telavi,41.0549,43.6151,2027-08-09T19:00:00+00:00,9.15,25.64
Kutaisi,42.3575,42.059,2027-08-09T20:00:00+00:00,30.95,32.56
Telavi,42.6536,45.5104,2027-08-09T21:00:00+00:00,3.68,75.3
Tbilisi,42.8635,43.2871,2027-08-09T22:00:00+00:00,1.64,59.3
Kutaisi,42.2358,45.7466,2027-08-09T23:00:00+00:00,29.81,83.88
Batumi,42.4677,43.4332,2027-08-10T00:00:00+00:00,6.72,57.85
Telavi,41.066,43.4307,2027-08-10T01:00:00+00:00,10.68,82.07
Telavi,42.3354,43.6489,2027-08-10T02:00:00+00:00,33.22,83.39
Tbilisi,41.2362,41.3187,2027-08-10T03:00:00+00:00,3.26,65.7
Batumi,42.3741,43.9027,2027-08-10T04:00:00+00:00,32.8,57.07
Kutaisi,42.8477,41.822,2027-08-10T05:00:00+00:00,3.41,54.57
Tbilisi,41.5395,44.9783,2027-08-10T06:00:00+00:00,27.08,47.83
Batumi,42.2584,42.3197,2027-08-10T07:00:00+00:00,17.01,62.66
Kutaisi,41.8195,42.3937,2027-08-10T08:00:00+00:00,-0.61,85.45
Batumi,41.8362,42.9801,2027-08-10T09:00:00+00:00,24.74,42.74
Kutaisi,41.2596,43.9277,2027-08-10T10:00:00+00:00,2.86,61.16
Telavi,41.1114,41.6038,2027-08-10T11:00:00+00:00,30.35,66.92
Tbilisi,42.4825,44.0633,2027-08-10T12:00:00+00:00,24.77,22.44
Telavi,42.3388,41.3643,2027-08-10T13:00:00+00:00,0.95,62.75
Telavi,42.324,44.2425,2027-08-10T14:00:00+00:00,34.51,38.45
Tbilisi,42.174,41.2225,2027-08-10T15:00:00+00:00,26.85,33.89
Telavi,42.7337,41.8348,2027-08-10T16:00:00+00:00,21.41,52.09
Tbilisi,41.6603,42.0279,2027-08-10T17:00:00+00:00,11.54,77.89
Batumi,41.4753,43.2555,2027-08-10T18:00:00+00:00,2.47,72.71
Telavi,42.3351,44.8581,2027-08-10T19:00:00+00:00,34.29,76.59
Tbilisi,41.5882,44.8002,2027-08-10T20:00:00+00:00,30.6,81.06
Tbilisi,42.1703,41.1569,2027-08-10T21:00:00+00:00,11.18,72.69
Batumi,41.3519,41.9307,2027-08-10T22:00:00+00:00,11.17,62.36
Tbilisi,41.1539,43.4569,2027-08-10T23:00:00+00:00,8.47,32.58
Batumi,42.3631,41.8927,2027-08-11T00:00:00+00:00,33.7,25.4
Kutaisi,42.8883,44.8138,2027-08-11T01:00:00+00:00,0.23,79.37
Batumi,42.8481,42.2338,2027-08-11T02:00:00+00:00,5.29,58.64
Kutaisi,42.5813,43.392,2027-08-11T03:00:00+00:00,32.16,26.06
Telavi,41.7487,43.4228,2027-08-11T04:00:00+00:00,1.4,38.08
Kutaisi,42.6813,45.4907,2027-08-11T05:00:00+00:00,15.82,80.38
Batumi,41.872,41.0703,2027-08-11T06:00:00+00:00,18.41,35.14
Kutaisi,41.0953,42.0051,2027-08-11T07:00:00+00:00,27.55,33.62
Batumi,41.7847,44.1775,2027-08-11T08:00:00+00:00,9.07,64.42
Batumi,42.7038,43.0732,2027-08-11T09:00:00+00:00,11.23,65.11
Tbilisi,42.0842,41.1107,2027-08-11T10:00:00+00:00,18.55,49.2
Batumi,41.1017,41.2473,2027-08-11T11:00:00+00:00,27.46,53.92
Kutaisi,41.027,42.0086,2027-08-11T12:00:00+00:00,11.37,76.99
Kutaisi,41.9407,41.0286,2027-08-11T13:00:00+00:00,1.22,22.5
Batumi,41.9052,41.435,2027-08-11T14:00:00+00:00,0.68,27.8
Telavi,41.5774,45.1201,2027-08-11T15:00:00+00:00,14.95,59.81
Batumi,42.2617,44.4262,2027-08-11T16:00:00+00:00,34.57,69.24
Kutaisi,42.7481,42.6386,2027-08-11T17:00:00+00:00,1.31,77.63
Batumi,42.2215,44.6447,2027-08-11T18:00:00+00:00,25.43,85.79
Batumi,41.2826,42.5469,2027-08-11T19:00:00+00:00,22.16,32.17
Tbilisi,42.564,44.0853,2027-08-11T20:00:00+00:00,8.82,55.16
Telavi,42.8403,44.324,2027-08-11T21:00:00+00:00,-3.98,75.96
Tbilisi,42.1996,43.8065,2027-08-11T22:00:00+00:00,-2.5,21.36
Batumi,41.4622,44.6159,2027-08-11T23:00:00+00:00,12.5,89.67
Kutaisi,41.6586,41.6351,2027-08-12T00:00:00+00:00,14.36,62.16
Batumi,41.7794,42.1628,2027-08-12T01:00:00+00:00,0.35,69.26
Telavi,41.3589,45.4783,2027-08-12T02:00:00+00:00,-0.92,42.08
Kutaisi,41.4762,42.6004,2027-08-12T03:00:00+00:00,26.09,47.46
Batumi,42.5546,41.9295,2027-08-12T04:00:00+00:00,32.29,50.98
Kutaisi,41.1932,44.5231,2027-08-12T05:00:00+00:00,10.79,77.04
Tbilisi,41.8442,43.7332,2027-08-12T06:00:00+00:00,1.94,87.14
Kutaisi,42.7575,42.1237,2027-08-12T07:00:00+00:00,18.24,49.83
Tbilisi,42.8987,45.7519,2027-08-12T08:00:00+00:00,28.12,42.66
Batumi,42.2828,43.0305,2027-08-12T09:00:00+00:00,24.75,83.47
Telavi,41.1314,44.401,2027-08-12T10:00:00+00:00,15.48,34.85
Batumi,42.3167,43.2674,2027-08-12T11:00:00+00:00,2.73,60.13
Tbilisi,42.0747,45.8669,2027-08-12T12:00:00+00:00,8.18,45.55
Tbilisi,42.5506,45.6863,2027-08-12T13:00:00+00:00,12.31,68.65
Kutaisi,42.9938,44.9388,2027-08-12T14:00:00+00:00,33.8,52.07
Telavi,42.2976,42.8033,2027-08-12T15:00:00+00:00,19.8,85.73
Tbilisi,42.8831,43.9847,2027-08-12T16:00:00+00:00,34.93,48.87
Telavi,41.8119,44.7032,2027-08-12T17:00:00+00:00,0.52,46.48
Kutaisi,42.1442,43.8668,2027-08-12T18:00:00+00:00,26.95,68.04
Kutaisi,41.469,44.3331,2027-08-12T19:00:00+00:00,24.52,33.8
Kutaisi,42.9477,42.4838,2027-08-12T20:00:00+00:00,-0.86,49.27
Telavi,41.3951,43.4873,2027-08-12T21:00:00+00:00,13.78,39.01
Kutaisi,41.2958,41.7256,2027-08-12T22:00:00+00:00,29.31,67.58
Batumi,42.9341,41.5386,2027-08-12T23:00:00+00:00,23.66,61.32
Telavi,41.3836,43.5661,2027-08-13T00:00:00+00:00,21.73,81.17
Tbilisi,42.8335,42.2869,2027-08-13T01:00:00+00:00,3.16,51.76
Tbilisi,41.0625,41.8833,2027-08-13T02:00:00+00:00,32.12,57.83
Kutaisi,41.0295,44.6777,2027-08-13T03:00:00+00:00,4.41,53.18
Tbilisi,41.5968,42.0364,2027-08-13T04:00:00+00:00,33.24,26.13
Batumi,41.6357,43.1324,2027-08-13T05:00:00+00:00,3.07,67.05
Kutaisi,42.9925,41.3272,2027-08-13T06:00:00+00:00,12.58,25.45
Tbilisi,42.7876,42.9036,2027-08-13T07:00:00+00:00,32.19,33.69
Kutaisi,41.5224,44.1411,2027-08-13T08:00:00+00:00,23.06,81.01
Batumi,41.4862,44.1947,2027-08-13T09:00:00+00:00,15.24,82.96
Kutaisi,41.6054,43.4238,2027-08-13T10:00:00+00:00,11.41,60.0
Batumi,42.3787,41.7356,2027-08-13T11:00:00+00:00,10.92,57.76
Kutaisi,41.682,43.7553,2027-08-13T12:00:00+00:00,-3.34,85.05
Kutaisi,41.6931,41.5925,2027-08-13T13:00:00+00:00,17.27,60.1
Tbilisi,42.5131,44.3191,2027-08-13T14:00:00+00:00,15.57,25.97
Batumi,41.7383,42.4667,2027-08-13T15:00:00+00:00,19.2,27.47
Kutaisi,41.6445,44.6483,2027-08-13T16:00:00+00:00,8.55,34.02
Telavi,41.222,42.1152,2027-08-13T17:00:00+00:00,13.64,40.36
Telavi,41.1635,41.5023,2027-08-13T18:00:00+00:00,28.04,42.31
Batumi,41.453,44.4098,2027-08-13T19:00:00+00:00,14.36,66.77
Batumi,41.7651,41.3911,2027-08-13T20:00:00+00:00,14.93,38.18
Tbilisi,41.8352,44.7645,2027-08-13T21:00:00+00:00,29.18,87.43
Tbilisi,41.3482,43.2671,2027-08-13T22:00:00+00:00,16.15,73.61
Kutaisi,42.7125,44.3152,2027-08-13T23:00:00+00:00,10.51,73.87
Batumi,42.9746,43.1309,2027-08-14T00:00:00+00:00,34.44,79.78
Kutaisi,41.1781,43.1502,2027-08-14T01:00:00+00:00,19.51,24.56
Tbilisi,42.2897,45.4443,2027-08-14T02:00:00+00:00,17.08,81.97
Telavi,41.627,44.4476,2027-08-14T03:00:00+00:00,17.33,68.32
Telavi,42.9291,41.0714,2027-08-14T04:00:00+00:00,26.17,28.19
Batumi,42.2764,42.7226,2027-08-14T05:00:00+00:00,30.08,51.71
Kutaisi,41.6524,41.0061,2027-08-14T06:00:00+00:00,10.64,27.2
Tbilisi,41.5899,42.1699,2027-08-14T07:00:00+00:00,28.83,83.18
Kutaisi,41.0977,44.015,2027-08-14T08:00:00+00:00,13.64,79.18
Telavi,41.6726,42.7285,2027-08-14T09:00:00+00:00,11.73,61.23
Tbilisi,42.1637,41.4451,2027-08-14T10:00:00+00:00,0.18,85.36
Tbilisi,42.233,42.9616,2027-08-14T11:00:00+00:00,11.35,71.19
Batumi,42.0189,44.2316,2027-08-14T12:00:00+00:00,1.42,72.9
Batumi,41.3797,45.7027,2027-08-14T13:00:00+00:00,0.94,63.38
Telavi,41.9724,42.0809,2027-08-14T14:00:00+00:00,27.92,41.61
Kutaisi,42.0716,44.4156,2027-08-14T15:00:00+00:00,9.59,60.53
Telavi,42.7641,43.3307,2027-08-14T16:00:00+00:00,4.89,45.34
Telavi,42.4072,44.2876,2027-08-14T17:00:00+00:00,0.92,43.39
Kutaisi,41.4532,44.4616,2027-08-14T18:00:00+00:00,2.85,48.37
Telavi,41.1939,43.3073,2027-08-14T19:00:00+00:00,-0.37,76.53
Kutaisi,42.7224,45.826,2027-08-14T20:00:00+00:00,8.7,73.02
Kutaisi,42.9545,44.0275,2027-08-14T21:00:00+00:00,32.01,76.48
Telavi,42.331,43.6069,2027-08-14T22:00:00+00:00,8.48,74.49
Batumi,42.2138,43.6906,2027-08-14T23:00:00+00:00,4.42,76.15
Telavi,42.4078,43.6025,2027-08-15T00:00:00+00:00,8.01,63.95
Tbilisi,41.8933,42.0219,2027-08-15T01:00:00+00:00,28.31,63.14
Batumi,41.1703,45.4855,2027-08-15T02:00:00+00:00,23.19,38.43
Tbilisi,41.7124,42.5501,2027-08-15T03:00:00+00:00,29.93,81.19
Telavi,41.9252,42.9469,2027-08-15T04:00:00+00:00,7.45,29.98
Kutaisi,41.9892,41.165,2027-08-15T05:00:00+00:00,-4.1,74.46
Batumi,42.4892,44.4589,2027-08-15T06:00:00+00:00,20.46,52.57
Tbilisi,41.4021,42.2574,2027-08-15T07:00:00+00:00,13.48,46.63
Batumi,41.1,43.2639,2027-08-15T08:00:00+00:00,33.58,81.71
Telavi,41.6409,44.3355,2027-08-15T09:00:00+00:00,-4.98,21.97
Kutaisi,42.5331,45.831,2027-08-15T10:00:00+00:00,-1.06,79.56
Tbilisi,41.9753,45.1328,2027-08-15T11:00:00+00:00,33.65,39.63
Telavi,41.2051,44.6319,2027-08-15T12:00:00+00:00,5.88,69.85
Tbilisi,41.998,43.5669,2027-08-15T13:00:00+00:00,17.54,29.74
Batumi,42.6459,41.4402,2027-08-15T14:00:00+00:00,23.0,63.27
Tbilisi,41.3587,44.4413,2027-08-15T15:00:00+00:00,-3.21,74.81
Tbilisi,41.6077,42.2836,2027-08-15T16:00:00+00:00,21.98,79.21
Batumi,42.2338,41.2741,2027-08-15T17:00:00+00:00,8.9,45.91
Batumi,41.4813,43.5201,2027-08-15T18:00:00+00:00,22.77,21.95
Telavi,41.6899,44.5112,2027-08-15T19:00:00+00:00,6.72,46.37
Kutaisi,41.5671,45.1235,2027-08-15T20:00:00+00:00,4.28,34.75
Batumi,42.5537,45.2544,2027-08-15T21:00:00+00:00,17.32,82.41
Telavi,41.6853,43.8537,2027-08-15T22:00:00+00:00,-3.32,69.91
Batumi,42.584,43.7958,2027-08-15T23:00:00+00:00,6.78,34.59
Tbilisi,41.8445,41.2452,2027-08-16T00:00:00+00:00,21.47,75.29
Kutaisi,42.6091,41.2051,2027-08-16T01:00:00+00:00,9.65,72.1
Batumi,42.7489,42.4533,2027-08-16T02:00:00+00:00,32.31,87.56
Telavi,42.4786,44.1263,2027-08-16T03:00:00+00:00,2.78,39.93
Batumi,42.8706,44.5434,2027-08-16T04:00:00+00:00,-3.3,73.07
Telavi,41.2221,44.5986,2027-08-16T05:00:00+00:00,1.07,88.32
Batumi,41.184,42.9145,2027-08-16T06:00:00+00:00,-4.33,50.37
Batumi,42.138,45.8079,2027-08-16T07:00:00+00:00,-2.32,85.0
Telavi,42.9828,44.329,2027-08-16T08:00:00+00:00,-0.46,25.95
Tbilisi,42.0881,45.7409,2027-08-16T09:00:00+00:00,-2.57,84.78
Batumi,42.8368,43.7855,2027-08-16T10:00:00+00:00,30.49,89.81
Telavi,42.8197,44.8518,2027-08-16T11:00:00+00:00,0.62,78.81
Kutaisi,41.8995,45.4138,2027-08-16T12:00:00+00:00,4.59,45.04
Kutaisi,41.5409,41.3192,2027-08-16T13:00:00+00:00,-2.22,65.88
Batumi,41.6974,45.5495,2027-08-16T14:00:00+00:00,13.05,32.94
Telavi,41.498,45.8987,2027-08-16T15:00:00+00:00,23.06,31.38
Tbilisi,42.3271,42.1577,2027-08-16T16:00:00+00:00,23.1,87.75
Batumi,41.1152,41.3516,2027-08-16T17:00:00+00:00,20.35,63.61
Kutaisi,41.6416,44.036,2027-08-16T18:00:00+00:00,19.06,21.65
Batumi,42.2442,42.8261,2027-08-16T19:00:00+00:00,14.17,56.48
Telavi,42.2314,44.0743,2027-08-16T20:00:00+00:00,4.42,86.55
Tbilisi,41.0491,45.2508,2027-08-16T21:00:00+00:00,14.23,35.41
Batumi,41.8893,45.851,2027-08-16T22:00:00+00:00,7.8,35.15
Kutaisi,42.0805,41.2623,2027-08-16T23:00:00+00:00,2.12,41.0
Telavi,41.7824,44.0787,2027-08-17T00:00:00+00:00,23.17,36.48
Kutaisi,42.0957,44.6228,2027-08-17T01:00:00+00:00,24.56,21.91
Tbilisi,42.3602,41.5595,2027-08-17T02:00:00+00:00,20.38,86.56
Kutaisi,42.3571,42.5137,2027-08-17T03:00:00+00:00,7.33,79.45
Telavi,42.1893,41.0196,2027-08-17T04:00:00+00:00,5.84,45.65
Telavi,41.0278,41.9439,2027-08-17T05:00:00+00:00,0.39,27.19
Telavi,41.9125,44.0767,2027-08-17T06:00:00+00:00,-2.81,44.11
Kutaisi,42.4964,44.1356,2027-08-17T07:00:00+00:00,32.53,57.07
Tbilisi,41.0521,45.9246,2027-08-17T08:00:00+00:00,2.04,68.38
Tbilisi,42.4462,42.1478,2027-08-17T09:00:00+00:00,14.47,55.57
Tbilisi,41.1096,41.7509,2027-08-17T10:00:00+00:00,25.1,61.82
Batumi,42.1909,45.0877,2027-08-17T11:00:00+00:00,12.92,89.55
Tbilisi,41.3115,42.073,2027-08-17T12:00:00+00:00,-2.77,23.9
Telavi,42.5402,45.6594,2027-08-17T13:00:00+00:00,24.79,34.55
Tbilisi,42.5935,41.7918,2027-08-17T14:00:00+00:00,-0.86,47.1
Telavi,42.6714,44.115,2027-08-17T15:00:00+00:00,1.97,83.43
Telavi,41.5713,41.8019,2027-08-17T16:00:00+00:00,29.13,34.99
Kutaisi,42.1542,44.5852,2027-08-17T17:00:00+00:00,17.47,64.73
Kutaisi,42.9239,45.6837,2027-08-17T18:00:00+00:00,10.91,24.48
Batumi,42.1959,44.6269,2027-08-17T19:00:00+00:00,28.8,22.3
Kutaisi,42.7496,41.3754,2027-08-17T20:00:00+00:00,6.94,45.51
Batumi,42.522,43.138,2027-08-17T21:00:00+00:00,2.84,51.63
Batumi,41.6977,43.0871,2027-08-17T22:00:00+00:00,6.68,55.56
Telavi,42.8195,45.9757,2027-08-17T23:00:00+00:00,12.48,60.85
Kutaisi,42.354,43.4305,2027-08-18T00:00:00+00:00,-4.82,28.23
Telavi,42.7231,45.7053,2027-08-18T01:00:00+00:00,-2.91,52.48
Telavi,42.8468,45.3215,2027-08-18T02:00:00+00:00,-2.34,46.18
Tbilisi,41.626,41.6867,2027-08-18T03:00:00+00:00,34.91,43.2
Telavi,41.0056,45.3629,2027-08-18T04:00:00+00:00,11.99,46.45
Telavi,42.2347,41.2319,2027-08-18T05:00:00+00:00,24.18,23.3
Kutaisi,42.3773,43.0362,2027-08-18T06:00:00+00:00,-4.73,86.64
Telavi,41.4407,44.5206,2027-08-18T07:00:00+00:00,27.76,32.85
Kutaisi,41.0633,42.4788,2027-08-18T08:00:00+00:00,11.7,73.41
Kutaisi,41.0001,44.9931,2027-08-18T09:00:00+00:00,20.57,21.93
Batumi,41.361,41.8739,2027-08-18T10:00:00+00:00,2.38,74.28
Batumi,42.1222,41.8728,2027-08-18T11:00:00+00:00,27.68,70.5
Kutaisi,42.3999,42.9113,2027-08-18T12:00:00+00:00,34.49,78.93
Telavi,41.7561,42.6209,2027-08-18T13:00:00+00:00,23.76,82.08
Kutaisi,42.023,42.3178,2027-08-18T14:00:00+00:00,29.12,64.1
Kutaisi,42.3407,41.6578,2027-08-18T15:00:00+00:00,18.89,43.02
Kutaisi,42.5076,43.8015,2027-08-18T16:00:00+00:00,4.62,88.94
Kutaisi,41.4472,44.1603,2027-08-18T17:00:00+00:00,29.63,43.2
Kutaisi,42.141,44.1366,2027-08-18T18:00:00+00:00,19.12,62.99
Tbilisi,41.8665,42.7372,2027-08-18T19:00:00+00:00,32.76,84.56
Kutaisi,41.2863,43.7506,2027-08-18T20:00:00+00:00,13.94,67.57
Tbilisi,41.2595,41.0351,2027-08-18T21:00:00+00:00,22.72,24.6
Tbilisi,41.9931,42.5096,2027-08-18T22:00:00+00:00,18.01,37.46
Tbilisi,41.245,42.4357,2027-08-18T23:00:00+00:00,19.29,36.72
Telavi,42.7012,43.8227,2027-08-19T00:00:00+00:00,19.41,26.74
Tbilisi,41.629,41.0146,2027-08-19T01:00:00+00:00,21.9,72.59
Telavi,42.2702,41.51,2027-08-19T02:00:00+00:00,21.18,82.99
Kutaisi,41.1232,45.2345,2027-08-19T03:00:00+00:00,9.49,54.35
Batumi,41.5235,44.3619,2027-08-19T04:00:00+00:00,6.63,62.03
Kutaisi,41.3361,41.0824,2027-08-19T05:00:00+00:00,6.99,21.17
Kutaisi,42.6273,45.3821,2027-08-19T06:00:00+00:00,2.48,63.9
Telavi,41.6411,43.8514,2027-08-19T07:00:00+00:00,28.33,58.3
Batumi,41.6489,41.1741,2027-08-19T08:00:00+00:00,9.93,28.36
Tbilisi,42.2124,43.8688,2027-08-19T09:00:00+00:00,13.32,78.44
Telavi,42.9628,45.9115,2027-08-19T10:00:00+00:00,29.19,77.99
Telavi,42.3147,41.1482,2027-08-19T11:00:00+00:00,29.3,48.13
Telavi,42.1739,41.5637,2027-08-19T12:00:00+00:00,25.42,77.14
Batumi,42.6343,42.3128,2027-08-19T13:00:00+00:00,29.49,34.35
Kutaisi,42.9565,44.9241,2027-08-19T14:00:00+00:00,18.52,45.51
Batumi,41.9688,44.6853,2027-08-19T15:00:00+00:00,22.73,60.81
Batumi,42.7724,43.0793,2027-08-19T16:00:00+00:00,28.55,27.73
Kutaisi,41.7773,44.3641,2027-08-19T17:00:00+00:00,30.65,61.86
Telavi,42.7728,45.2546,2027-08-19T18:00:00+00:00,20.8,54.81
Tbilisi,41.0389,41.8485,2027-08-19T19:00:00+00:00,4.01,77.0
Batumi,41.0543,44.1196,2027-08-19T20:00:00+00:00,29.72,45.58
Telavi,42.1671,42.6716,2027-08-19T21:00:00+00:00,26.24,34.38
Kutaisi,42.2018,45.4041,2027-08-19T22:00:00+00:00,17.5,84.91
Telavi,41.4009,43.3833,2027-08-19T23:00:00+00:00,17.68,55.83
Kutaisi,42.1845,41.4251,2027-08-20T00:00:00+00:00,24.3,71.48
Telavi,42.7414,41.565,2027-08-20T01:00:00+00:00,15.63,64.09
Tbilisi,41.24,42.1524,2027-08-20T02:00:00+00:00,26.85,62.71
Batumi,41.4169,41.4688,2027-08-20T03:00:00+00:00,4.41,39.28
Telavi,41.0249,43.3266,2027-08-20T04:00:00+00:00,25.34,26.88
Telavi,42.0064,44.8594,2027-08-20T05:00:00+00:00,11.65,37.2
Telavi,42.5189,44.0814,2027-08-20T06:00:00+00:00,-3.36,55.89
Tbilisi,41.384,45.7375,2027-08-20T07:00:00+00:00,1.91,23.54
Batumi,41.3621,41.2709,2027-08-20T08:00:00+00:00,6.28,40.56
Batumi,42.7231,41.5611,2027-08-20T09:00:00+00:00,14.63,74.34
Tbilisi,41.8308,42.2771,2027-08-20T10:00:00+00:00,9.13,27.8
Tbilisi,42.6024,45.8619,2027-08-20T11:00:00+00:00,21.74,43.85
Tbilisi,41.0297,44.9087,2027-08-20T12:00:00+00:00,20.28,55.78
Batumi,41.2662,44.8243,2027-08-20T13:00:00+00:00,14.94,69.46
Batumi,42.7037,44.9263,2027-08-20T14:00:00+00:00,4.54,54.45
Kutaisi,41.4192,41.1746,2027-08-20T15:00:00+00:00,34.48,83.52
Kutaisi,42.4777,43.365,2027-08-20T16:00:00+00:00,1.82,69.5
Tbilisi,41.996,42.1148,2027-08-20T17:00:00+00:00,31.87,56.44
Batumi,41.817,41.8165,2027-08-20T18:00:00+00:00,1.49,25.72
Kutaisi,42.7133,44.066,2027-08-20T19:00:00+00:00,32.1,54.06
Telavi,42.1061,45.9964,2027-08-20T20:00:00+00:00,11.16,25.69
Telavi,42.9061,41.0435,2027-08-20T21:00:00+00:00,-2.86,31.49
Batumi,42.89,45.1172,2027-08-20T22:00:00+00:00,5.71,51.99
Telavi,41.8654,44.5952,2027-08-20T23:00:00+00:00,20.45,66.75
Batumi,41.7777,45.1407,2027-08-21T00:00:00+00:00,0.11,72.94
Batumi,42.7773,42.6635,2027-08-21T01:00:00+00:00,20.32,27.03
Batumi,41.5417,45.6201,2027-08-21T02:00:00+00:00,10.08,84.33
Kutaisi,41.0541,41.6629,2027-08-21T03:00:00+00:00,17.54,78.93
Kutaisi,42.0175,43.9273,2027-08-21T04:00:00+00:00,18.74,44.92
Kutaisi,42.4706,43.1959,2027-08-21T05:00:00+00:00,9.07,52.63
Batumi,42.3174,44.8177,2027-08-21T06:00:00+00:00,6.55,37.55
Kutaisi,42.9833,44.3944,2027-08-21T07:00:00+00:00,12.91,45.25
Batumi,42.138,43.934,2027-08-21T08:00:00+00:00,32.65,76.93
Kutaisi,41.2018,42.4175,2027-08-21T09:00:00+00:00,5.34,49.45
Kutaisi,41.97,43.5841,2027-08-21T10:00:00+00:00,26.93,71.75
Batumi,41.6341,44.5166,2027-08-21T11:00:00+00:00,15.46,55.76
Telavi,41.596,42.59,2027-08-21T12:00:00+00:00,-4.31,59.22
Batumi,42.7901,42.25,2027-08-21T13:00:00+00:00,34.25,53.3
Kutaisi,41.3105,42.188,2027-08-21T14:00:00+00:00,18.84,35.67
Telavi,42.4058,44.0873,2027-08-21T15:00:00+00:00,14.97,38.24
Batumi,42.2305,43.4384,2027-08-21T16:00:00+00:00,14.35,89.96
Telavi,42.4756,45.9932,2027-08-21T17:00:00+00:00,5.05,30.61
Kutaisi,41.2312,45.9777,2027-08-21T18:00:00+00:00,33.83,89.18
Tbilisi,42.4332,45.259,2027-08-21T19:00:00+00:00,22.1,39.25
Tbilisi,41.3721,43.374,2027-08-21T20:00:00+00:00,2.22,88.23
Telavi,42.8275,41.2178,2027-08-21T21:00:00+00:00,6.9,24.82
Telavi,41.6911,45.1155,2027-08-21T22:00:00+00:00,-3.03,67.24
Telavi,41.4724,42.1737,2027-08-21T23:00:00+00:00,31.68,62.29
Telavi,42.876,42.0487,2027-08-22T00:00:00+00:00,33.24,31.15
Tbilisi,42.062,45.5803,2027-08-22T01:00:00+00:00,2.57,64.81
Kutaisi,41.7128,45.6442,2027-08-22T02:00:00+00:00,30.7,74.99
Telavi,42.8884,41.7956,2027-08-22T03:00:00+00:00,-1.5,62.25
Kutaisi,42.758,44.6363,2027-08-22T04:00:00+00:00,17.27,44.27
Tbilisi,42.0555,45.5596,2027-08-22T05:00:00+00:00,26.96,62.11
Kutaisi,41.3627,41.6005,2027-08-22T06:00:00+00:00,27.72,69.75
Batumi,41.5706,44.9001,2027-08-22T07:00:00+00:00,-4.92,37.86
Batumi,42.316,43.9412,2027-08-22T08:00:00+00:00,21.24,88.74
Kutaisi,41.3761,42.5435,2027-08-22T09:00:00+00:00,2.5,59.47
Telavi,42.4246,44.8433,2027-08-22T10:00:00+00:00,12.79,63.78
Kutaisi,41.101,45.628,2027-08-22T11:00:00+00:00,17.6,86.04
Batumi,41.5821,42.3852,2027-08-22T12:00:00+00:00,2.84,63.87
Tbilisi,42.7318,44.0645,2027-08-22T13:00:00+00:00,-1.76,71.83
Telavi,41.4499,42.8809,2027-08-22T14:00:00+00:00,3.86,40.54
Batumi,41.0076,43.5789,2027-08-22T15:00:00+00:00,26.85,54.86
Batumi,41.6116,43.4006,2027-08-22T16:00:00+00:00,4.56,60.1
Tbilisi,42.8456,41.5942,2027-08-22T17:00:00+00:00,0.41,83.75
Batumi,41.7316,44.0971,2027-08-22T18:00:00+00:00,16.59,61.16
Tbilisi,41.0997,42.5164,2027-08-22T19:00:00+00:00,-0.54,89.25
Batumi,41.9415,41.8142,2027-08-22T20:00:00+00:00,6.24,65.6
Kutaisi,41.353,41.1866,2027-08-22T21:00:00+00:00,10.36,60.8
Tbilisi,41.7113,45.0806,2027-08-22T22:00:00+00:00,16.62,25.97
Telavi,41.986,43.8813,2027-08-22T23:00:00+00:00,-0.73,48.4
Tbilisi,42.8624,45.3961,2027-08-23T00:00:00+00:00,-3.07,46.07
Kutaisi,42.947,44.7571,2027-08-23T01:00:00+00:00,13.67,47.29
Tbilisi,42.3307,41.6323,2027-08-23T02:00:00+00:00,-1.11,29.63
Telavi,41.7358,41.1225,2027-08-23T03:00:00+00:00,-3.65,35.09
Telavi,42.5008,42.7441,2027-08-23T04:00:00+00:00,29.44,36.74
Telavi,42.9875,42.1839,2027-08-23T05:00:00+00:00,5.81,75.86
Tbilisi,42.4902,43.7339,2027-08-23T06:00:00+00:00,27.08,45.63
Tbilisi,42.7316,42.1344,2027-08-23T07:00:00+00:00,-3.1,32.35
Batumi,42.1845,41.3889,2027-08-23T08:00:00+00:00,1.36,48.49
Telavi,42.9443,42.651,2027-08-23T09:00:00+00:00,-0.47,29.75
Tbilisi,42.4879,42.0279,2027-08-23T10:00:00+00:00,25.18,26.05
Batumi,41.7613,42.1624,2027-08-23T11:00:00+00:00,-4.01,22.59
Telavi,42.3468,43.785,2027-08-23T12:00:00+00:00,32.31,67.35
Batumi,42.7275,41.762,2027-08-23T13:00:00+00:00,1.39,39.69
Telavi,41.6733,45.0842,2027-08-23T14:00:00+00:00,23.15,39.5
Telavi,41.4451,41.3844,2027-08-23T15:00:00+00:00,19.08,40.78
Kutaisi,42.7988,45.7608,2027-08-23T16:00:00+00:00,-2.86,46.94
Batumi,41.71,44.7394,2027-08-23T17:00:00+00:00,29.13,39.75
Batumi,41.8819,45.9408,2027-08-23T18:00:00+00:00,5.23,49.69
Telavi,42.4907,41.6284,2027-08-23T19:00:00+00:00,11.37,68.86
Telavi,41.1478,42.5207,2027-08-23T20:00:00+00:00,12.61,20.83
Kutaisi,42.9901,42.6767,2027-08-23T21:00:00+00:00,1.65,30.0
Batumi,42.3842,42.8001,2027-08-23T22:00:00+00:00,26.27,38.25
Batumi,41.7324,44.0214,2027-08-23T23:00:00+00:00,16.3,46.28
Batumi,41.9646,44.0869,2027-08-24T00:00:00+00:00,32.71,65.85
Telavi,41.08,44.234,2027-08-24T01:00:00+00:00,6.6,72.55
Telavi,42.8251,42.1106,2027-08-24T02:00:00+00:00,-0.66,23.25
Kutaisi,41.7602,42.7161,2027-08-24T03:00:00+00:00,30.52,59.63
Kutaisi,41.3703,41.4596,2027-08-24T04:00:00+00:00,25.89,64.74
Kutaisi,41.5599,41.9178,2027-08-24T05:00:00+00:00,-4.81,44.31
Kutaisi,41.4274,44.1966,2027-08-24T06:00:00+00:00,19.44,75.23
Telavi,42.6755,41.1338,2027-08-24T07:00:00+00:00,27.18,36.87
Kutaisi,42.7848,45.9302,2027-08-24T08:00:00+00:00,20.8,86.47
Telavi,41.5217,42.3146,2027-08-24T09:00:00+00:00,17.47,46.11
Telavi,42.1489,44.8597,2027-08-24T10:00:00+00:00,23.45,38.2
Kutaisi,42.4673,45.6099,2027-08-24T11:00:00+00:00,20.28,65.36
Tbilisi,42.4624,45.2407,2027-08-24T12:00:00+00:00,3.52,57.11
Telavi,41.6532,43.5757,2027-08-24T13:00:00+00:00,18.41,54.63
Kutaisi,41.1235,44.4639,2027-08-24T14:00:00+00:00,31.87,56.57
Telavi,42.8148,43.406,2027-08-24T15:00:00+00:00,2.25,42.22
Tbilisi,42.5187,41.535,2027-08-24T16:00:00+00:00,16.2,58.03
Telavi,42.9268,43.6122,2027-08-24T17:00:00+00:00,26.11,82.03
Kutaisi,41.7463,41.5376,2027-08-24T18:00:00+00:00,33.17,62.17
Batumi,42.3587,45.2817,2027-08-24T19:00:00+00:00,27.14,48.89
Tbilisi,42.2914,44.2126,2027-08-24T20:00:00+00:00,19.68,30.8
Kutaisi,41.3422,43.1955,2027-08-24T21:00:00+00:00,-0.78,81.39
Batumi,42.4564,44.1135,2027-08-24T22:00:00+00:00,26.68,80.79
Telavi,41.3811,41.3687,2027-08-24T23:00:00+00:00,25.65,79.31
Kutaisi,41.9048,42.8312,2027-08-25T00:00:00+00:00,27.59,22.91
Batumi,41.7525,42.1063,2027-08-25T01:00:00+00:00,20.25,24.56
Kutaisi,42.614,42.368,2027-08-25T02:00:00+00:00,33.61,63.52
Telavi,41.3154,43.8219,2027-08-25T03:00:00+00:00,33.8,40.23
Tbilisi,41.4227,43.4653,2027-08-25T04:00:00+00:00,16.22,20.99
Batumi,41.3074,44.65,2027-08-25T05:00:00+00:00,25.93,56.7
Kutaisi,41.0796,45.8014,2027-08-25T06:00:00+00:00,13.24,78.27
Tbilisi,42.5008,45.748,2027-08-25T07:00:00+00:00,14.38,63.34
Tbilisi,42.0581,43.0605,2027-08-25T08:00:00+00:00,13.35,24.0
Telavi,41.9522,44.4902,2027-08-25T09:00:00+00:00,14.03,87.98
Tbilisi,42.9494,45.0098,2027-08-25T10:00:00+00:00,26.79,51.32
Batumi,41.9807,43.0689,2027-08-25T11:00:00+00:00,-3.11,23.02
Telavi,42.2745,45.5605,2027-08-25T12:00:00+00:00,27.6,52.95
Tbilisi,41.0032,44.4452,2027-08-25T13:00:00+00:00,-2.8,55.95
Batumi,41.7408,44.3779,2027-08-25T14:00:00+00:00,26.3,46.69
Tbilisi,42.0884,42.8896,2027-08-25T15:00:00+00:00,-4.87,83.73
Batumi,42.6215,41.2051,2027-08-25T16:00:00+00:00,14.99,78.05
Tbilisi,41.0123,41.7483,2027-08-25T17:00:00+00:00,0.62,70.74
Batumi,42.4045,43.798,2027-08-25T18:00:00+00:00,3.73,88.51
Tbilisi,41.6373,45.2243,2027-08-25T19:00:00+00:00,-3.57,84.59
Tbilisi,42.5227,45.466,2027-08-25T20:00:00+00:00,31.35,71.38
Batumi,42.5794,44.6314,2027-08-25T21:00:00+00:00,-0.52,74.8
Telavi,41.8727,43.5908,2027-08-25T22:00:00+00:00,14.07,24.53
Tbilisi,41.5632,42.5246,2027-08-25T23:00:00+00:00,-1.74,76.23
Telavi,41.4587,41.8974,2027-08-26T00:00:00+00:00,0.99,30.63
Tbilisi,42.1348,42.2865,2027-08-26T01:00:00+00:00,0.4,87.9
Kutaisi,42.0137,42.9307,2027-08-26T02:00:00+00:00,12.31,30.21
Tbilisi,42.7965,43.4234,2027-08-26T03:00:00+00:00,29.71,30.92
Kutaisi,41.5064,42.5071,2027-08-26T04:00:00+00:00,27.58,47.33
Kutaisi,41.0721,41.7852,2027-08-26T05:00:00+00:00,6.02,71.72
Tbilisi,42.689,44.3169,2027-08-26T06:00:00+00:00,26.71,84.12
Kutaisi,42.273,41.252,2027-08-26T07:00:00+00:00,22.81,86.33
Kutaisi,41.0039,45.4007,2027-08-26T08:00:00+00:00,6.78,87.79
Batumi,41.8379,42.2255,2027-08-26T09:00:00+00:00,9.99,35.9
Telavi,42.2587,42.4374,2027-08-26T10:00:00+00:00,12.71,86.01
Batumi,41.3073,41.7729,2027-08-26T11:00:00+00:00,11.02,68.31
Batumi,41.0287,41.5293,2027-08-26T12:00:00+00:00,15.96,51.47
Telavi,41.5601,43.5903,2027-08-26T13:00:00+00:00,1.69,55.72
Telavi,42.1093,43.495,2027-08-26T14:00:00+00:00,2.81,24.32
Kutaisi,42.2243,42.152,2027-08-26T15:00:00+00:00,22.92,84.02
Telavi,41.7828,43.2456,2027-08-26T16:00:00+00:00,28.47,32.22
Telavi,41.0633,41.7833,2027-08-26T17:00:00+00:00,26.68,62.61
Telavi,42.8909,42.5594,2027-08-26T18:00:00+00:00,19.4,24.9
Tbilisi,41.514,44.5739,2027-08-26T19:00:00+00:00,-0.08,49.05
Kutaisi,42.7298,45.9371,2027-08-26T20:00:00+00:00,33.8,64.66
Kutaisi,42.4658,45.5464,2027-08-26T21:00:00+00:00,8.77,52.33
Tbilisi,41.4902,45.0761,2027-08-26T22:00:00+00:00,20.33,27.79
Batumi,41.5093,43.3279,2027-08-26T23:00:00+00:00,24.86,34.83
Batumi,42.0422,45.2445,2027-08-27T00:00:00+00:00,25.79,30.22
Batumi,42.6116,44.8376,2027-08-27T01:00:00+00:00,12.05,42.43
Kutaisi,41.2562,45.3062,2027-08-27T02:00:00+00:00,25.74,73.93
Kutaisi,42.9616,44.443,2027-08-27T03:00:00+00:00,8.71,39.26
Tbilisi,41.3782,44.6477,2027-08-27T04:00:00+00:00,23.8,30.87
Tbilisi,42.6996,42.1684,2027-08-27T05:00:00+00:00,11.63,72.98
Kutaisi,41.7182,45.577,2027-08-27T06:00:00+00:00,17.17,58.72
Batumi,41.2729,42.2442,2027-08-27T07:00:00+00:00,26.58,43.3
Batumi,41.4367,42.938,2027-08-27T08:00:00+00:00,15.59,31.33
Batumi,42.5484,43.6193,2027-08-27T09:00:00+00:00,33.53,73.56
Kutaisi,42.5407,44.3542,2027-08-27T10:00:00+00:00,7.13,83.11
Batumi,42.3291,45.866,2027-08-27T11:00:00+00:00,34.11,78.89
Tbilisi,41.2261,42.1638,2027-08-27T12:00:00+00:00,20.42,64.72
Tbilisi,42.5847,41.3899,2027-08-27T13:00:00+00:00,9.62,51.99
Tbilisi,41.1986,42.5535,2027-08-27T14:00:00+00:00,-1.43,84.78
Kutaisi,42.4974,43.6416,2027-08-27T15:00:00+00:00,20.47,78.64
Batumi,41.1383,42.2167,2027-08-27T16:00:00+00:00,5.93,58.42
Tbilisi,41.7164,43.3132,2027-08-27T17:00:00+00:00,23.9,48.35
Tbilisi,42.1537,41.321,2027-08-27T18:00:00+00:00,3.08,62.01
Kutaisi,41.0454,45.4349,2027-08-27T19:00:00+00:00,27.81,62.39
Batumi,41.2415,45.0124,2027-08-27T20:00:00+00:00,-2.43,65.89
Tbilisi,41.1242,44.2223,2027-08-27T21:00:00+00:00,29.2,40.64
Tbilisi,41.071,43.2972,2027-08-27T22:00:00+00:00,4.01,72.5
Telavi,41.6718,43.8293,2027-08-27T23:00:00+00:00,0.84,65.03
Batumi,42.1072,45.1711,2027-08-28T00:00:00+00:00,16.05,46.79
Batumi,42.8685,45.3567,2027-08-28T01:00:00+00:00,27.39,49.2
Batumi,42.39,41.5023,2027-08-28T02:00:00+00:00,7.38,25.54
Tbilisi,41.9176,42.1434,2027-08-28T03:00:00+00:00,18.87,80.52
Telavi,42.985,42.3816,2027-08-28T04:00:00+00:00,5.65,88.37
Batumi,41.8637,45.4759,2027-08-28T05:00:00+00:00,0.36,35.45
Telavi,42.3405,45.004,2027-08-28T06:00:00+00:00,24.22,82.2
Kutaisi,42.881,43.5311,2027-08-28T07:00:00+00:00,3.07,83.36
Tbilisi,41.8261,42.5023,2027-08-28T08:00:00+00:00,23.97,68.34
Kutaisi,42.8166,45.3604,2027-08-28T09:00:00+00:00,9.23,39.91
Telavi,41.5191,43.7882,2027-08-28T10:00:00+00:00,18.36,54.2
Kutaisi,41.2672,43.5415,2027-08-28T11:00:00+00:00,18.58,76.08
Batumi,42.3034,42.6686,2027-08-28T12:00:00+00:00,19.28,83.87
Batumi,41.3743,44.9881,2027-08-28T13:00:00+00:00,8.59,68.44
Tbilisi,42.4562,45.6888,2027-08-28T14:00:00+00:00,1.06,21.49
Tbilisi,41.6004,43.9578,2027-08-28T15:00:00+00:00,10.98,27.67
Telavi,41.891,42.6086,2027-08-28T16:00:00+00:00,6.19,34.61
Tbilisi,42.4426,43.2009,2027-08-28T17:00:00+00:00,19.8,46.62
Batumi,42.9529,43.1556,2027-08-28T18:00:00+00:00,2.07,74.95
Batumi,42.133,45.006,2027-08-28T19:00:00+00:00,32.06,71.17
Tbilisi,41.0651,44.3584,2027-08-28T20:00:00+00:00,30.79,65.8
Kutaisi,42.8847,43.9742,2027-08-28T21:00:00+00:00,29.43,32.83
Kutaisi,41.8006,42.0307,2027-08-28T22:00:00+00:00,28.71,54.12
Batumi,41.211,45.0857,2027-08-28T23:00:00+00:00,1.32,45.35
Telavi,42.6134,41.6151,2027-08-29T00:00:00+00:00,34.99,71.67
Tbilisi,41.125,42.7553,2027-08-29T01:00:00+00:00,14.62,66.69
Kutaisi,42.1144,43.0563,2027-08-29T02:00:00+00:00,30.66,78.26
Batumi,41.2487,41.4327,2027-08-29T03:00:00+00:00,12.15,41.63
Batumi,42.1064,45.4295,2027-08-29T04:00:00+00:00,14.02,52.03
Tbilisi,41.462,45.7546,2027-08-29T05:00:00+00:00,30.36,35.1
Tbilisi,42.826,45.5699,2027-08-29T06:00:00+00:00,26.34,39.5
Batumi,41.6616,41.7952,2027-08-29T07:00:00+00:00,31.34,34.9
Telavi,42.5721,41.9955,2027-08-29T08:00:00+00:00,26.15,79.89
Telavi,41.1649,41.771,2027-08-29T09:00:00+00:00,20.76,63.15
Telavi,42.3219,44.3061,2027-08-29T10:00:00+00:00,23.15,59.08
Batumi,42.3333,43.3606,2027-08-29T11:00:00+00:00,8.22,42.01
Telavi,42.3146,44.9509,2027-08-29T12:00:00+00:00,-3.11,61.29
Kutaisi,41.0723,42.9191,2027-08-29T13:00:00+00:00,19.64,27.27
Batumi,42.9936,43.7326,2027-08-29T14:00:00+00:00,33.63,71.68
Kutaisi,42.1307,42.3765,2027-08-29T15:00:00+00:00,-1.85,39.99
Batumi,41.4109,44.8293,2027-08-29T16:00:00+00:00,-1.65,42.39
Kutaisi,41.6244,41.1424,2027-08-29T17:00:00+00:00,10.47,79.01
Tbilisi,42.0358,42.9659,2027-08-29T18:00:00+00:00,22.73,74.95
Batumi,42.5004,43.0441,2027-08-29T19:00:00+00:00,1.79,67.93
Tbilisi,42.0997,45.3348,2027-08-29T20:00:00+00:00,0.78,66.14
Telavi,42.6383,42.9949,2027-08-29T21:00:00+00:00,2.97,82.65
Telavi,42.4694,42.2023,2027-08-29T22:00:00+00:00,19.8,86.83
Tbilisi,42.296,42.4549,2027-08-29T23:00:00+00:00,6.57,42.49
Kutaisi,41.6158,45.3488,2027-08-30T00:00:00+00:00,-3.81,52.49
Kutaisi,42.5651,45.0744,2027-08-30T01:00:00+00:00,25.53,87.68
Telavi,41.9378,42.455,2027-08-30T02:00:00+00:00,20.93,40.55
Telavi,42.6437,44.7414,2027-08-30T03:00:00+00:00,26.66,80.75
Batumi,41.1942,42.2224,2027-08-30T04:00:00+00:00,25.31,82.0
Batumi,42.7187,45.758,2027-08-30T05:00:00+00:00,4.69,50.35
Tbilisi,41.665,44.673,2027-08-30T06:00:00+00:00,13.53,55.4
Telavi,41.8077,41.2789,2027-08-30T07:00:00+00:00,34.99,33.08
Kutaisi,41.0465,44.5953,2027-08-30T08:00:00+00:00,10.27,49.87
Telavi,42.1512,44.3689,2027-08-30T09:00:00+00:00,-4.23,85.55
Batumi,41.8531,45.7429,2027-08-30T10:00:00+00:00,11.83,63.14
Kutaisi,41.6923,45.2369,2027-08-30T11:00:00+00:00,3.37,46.98
Kutaisi,41.9929,45.3282,2027-08-30T12:00:00+00:00,20.94,38.18
Batumi,42.345,41.07,2027-08-30T13:00:00+00:00,25.1,38.2
Telavi,42.0408,43.574,2027-08-30T14:00:00+00:00,3.41,60.81
Telavi,41.1002,41.0267,2027-08-30T15:00:00+00:00,-2.31,66.21
Batumi,41.0155,43.5682,2027-08-30T16:00:00+00:00,-0.77,64.25
Tbilisi,42.1848,44.5546,2027-08-30T17:00:00+00:00,18.27,64.87
Telavi,41.1624,41.4754,2027-08-30T18:00:00+00:00,18.7,76.48
Tbilisi,42.9072,43.6714,2027-08-30T19:00:00+00:00,30.01,29.0
Telavi,41.6649,41.4866,2027-08-30T20:00:00+00:00,15.99,25.18
Kutaisi,41.9132,44.7223,2027-08-30T21:00:00+00:00,-0.9,22.24
Telavi,42.4256,44.4184,2027-08-30T22:00:00+00:00,7.78,28.76
Telavi,41.2623,43.9855,2027-08-30T23:00:00+00:00,-1.54,29.01
Batumi,41.3361,41.5368,2027-08-31T00:00:00+00:00,26.84,78.37
Telavi,41.674,44.7473,2027-08-31T01:00:00+00:00,14.5,54.25
Tbilisi,41.4125,45.2287,2027-08-31T02:00:00+00:00,25.71,52.26
Kutaisi,42.1387,41.5786,2027-08-31T03:00:00+00:00,8.05,69.92
Telavi,42.3527,43.1336,2027-08-31T04:00:00+00:00,2.29,76.11
Kutaisi,42.2337,45.7623,2027-08-31T05:00:00+00:00,11.92,45.89
Tbilisi,42.7227,45.3907,2027-08-31T06:00:00+00:00,7.82,72.74
Telavi,42.2521,42.6878,2027-08-31T07:00:00+00:00,10.33,61.73
Telavi,41.339,41.4782,2027-08-31T08:00:00+00:00,8.19,57.44
Batumi,41.8268,43.675,2027-08-31T09:00:00+00:00,29.74,89.08
Batumi,41.5747,42.1714,2027-08-31T10:00:00+00:00,8.35,33.15
Kutaisi,41.8045,44.568,2027-08-31T11:00:00+00:00,7.45,61.49
Telavi,41.6515,42.5076,2027-08-31T12:00:00+00:00,24.8,49.95
Kutaisi,41.6091,42.2647,2027-08-31T13:00:00+00:00,0.7,56.07
Telavi,41.4353,45.9029,2027-08-31T14:00:00+00:00,21.38,27.4
Batumi,42.7886,45.5275,2027-08-31T15:00:00+00:00,15.4,85.76
Telavi,41.559,41.1999,2027-08-31T16:00:00+00:00,26.16,24.07
Tbilisi,41.6809,42.04,2027-08-31T17:00:00+00:00,25.57,46.55
Tbilisi,42.0909,44.3138,2027-08-31T18:00:00+00:00,7.93,49.27
Telavi,42.3795,42.0957,2027-08-31T19:00:00+00:00,14.62,38.65
Telavi,42.7692,41.3911,2027-08-31T20:00:00+00:00,7.32,31.57
Batumi,42.2824,43.5932,2027-08-31T21:00:00+00:00,22.84,83.11
Batumi,41.5272,45.1561,2027-08-31T22:00:00+00:00,-3.98,45.81
Telavi,42.654,41.6767,2027-08-31T23:00:00+00:00,24.21,88.42
Telavi,41.8432,42.9122,2027-09-01T00:00:00+00:00,11.87,30.99
Tbilisi,42.7534,45.09,2027-09-01T01:00:00+00:00,20.27,80.69
Batumi,41.428,42.8793,2027-09-01T02:00:00+00:00,29.2,54.09
Kutaisi,41.6228,41.4748,2027-09-01T03:00:00+00:00,29.49,82.72
Kutaisi,41.4059,43.3456,2027-09-01T04:00:00+00:00,-0.12,74.04
Tbilisi,42.0395,45.9313,2027-09-01T05:00:00+00:00,-2.8,20.86
Kutaisi,41.0703,44.6787,2027-09-01T06:00:00+00:00,8.41,72.87
Batumi,41.9547,44.4209,2027-09-01T07:00:00+00:00,31.78,53.99
Batumi,42.6311,45.5761,2027-09-01T08:00:00+00:00,3.45,66.5
Telavi,41.7948,42.4072,2027-09-01T09:00:00+00:00,12.42,45.17
Kutaisi,41.9498,44.9534,2027-09-01T10:00:00+00:00,14.94,83.42
Telavi,42.0519,43.56,2027-09-01T11:00:00+00:00,7.18,79.75
Telavi,42.2384,45.3969,2027-09-01T12:00:00+00:00,13.61,60.67
Tbilisi,41.1979,45.369,2027-09-01T13:00:00+00:00,-1.54,84.22
Kutaisi,41.8335,44.2365,2027-09-01T14:00:00+00:00,19.49,85.17
Batumi,42.5998,44.1931,2027-09-01T15:00:00+00:00,17.84,44.8
Tbilisi,42.0778,44.2465,2027-09-01T16:00:00+00:00,29.23,74.69
Batumi,42.8965,44.8096,2027-09-01T17:00:00+00:00,21.82,87.35
Telavi,42.0404,43.1283,2027-09-01T18:00:00+00:00,33.85,88.78
Kutaisi,41.2922,41.1044,2027-09-01T19:00:00+00:00,2.49,46.97
Kutaisi,41.1209,42.1416,2027-09-01T20:00:00+00:00,-3.01,42.18
Batumi,41.5231,41.4832,2027-09-01T21:00:00+00:00,25.2,22.75
Telavi,42.9954,42.8696,2027-09-01T22:00:00+00:00,-1.19,76.46
Batumi,41.6746,45.1958,2027-09-01T23:00:00+00:00,6.29,46.15
Telavi,41.1061,44.56,2027-09-02T00:00:00+00:00,20.22,59.88
Tbilisi,42.9877,43.6997,2027-09-02T01:00:00+00:00,26.46,85.93
Batumi,42.5103,43.9529,2027-09-02T02:00:00+00:00,-2.85,74.09
Batumi,42.043,43.1208,2027-09-02T03:00:00+00:00,12.77,24.89
Telavi,41.8224,42.8837,2027-09-02T04:00:00+00:00,-0.46,64.57
Batumi,41.6705,44.1551,2027-09-02T05:00:00+00:00,11.16,24.78
Kutaisi,42.4425,45.9357,2027-09-02T06:00:00+00:00,-0.18,71.87
Batumi,42.3679,42.5208,2027-09-02T07:00:00+00:00,27.92,64.85
Kutaisi,41.4901,45.6488,2027-09-02T08:00:00+00:00,2.13,88.93
Tbilisi,41.0638,44.8298,2027-09-02T09:00:00+00:00,18.08,22.98
Tbilisi,42.9448,41.1477,2027-09-02T10:00:00+00:00,2.01,27.28
Telavi,41.064,43.0223,2027-09-02T11:00:00+00:00,5.06,81.91
Telavi,42.4457,42.0886,2027-09-02T12:00:00+00:00,3.18,77.21
Batumi,41.6226,42.4618,2027-09-02T13:00:00+00:00,20.05,28.67
Telavi,42.7422,42.9676,2027-09-02T14:00:00+00:00,28.8,73.18
Telavi,42.2111,45.6353,2027-09-02T15:00:00+00:00,27.58,70.9
Kutaisi,42.4552,45.8091,2027-09-02T16:00:00+00:00,20.67,32.44
Tbilisi,42.6313,43.4751,2027-09-02T17:00:00+00:00,14.83,38.73
Batumi,41.1618,42.7033,2027-09-02T18:00:00+00:00,-1.52,53.61
Kutaisi,42.9691,44.6602,2027-09-02T19:00:00+00:00,14.61,59.72
Batumi,41.1604,41.7189,2027-09-02T20:00:00+00:00,22.5,66.37
Kutaisi,42.1736,45.0823,2027-09-02T21:00:00+00:00,19.89,49.38
Kutaisi,41.1841,42.982,2027-09-02T22:00:00+00:00,1.87,26.43
Kutaisi,41.9685,45.9454,2027-09-02T23:00:00+00:00,7.66,68.31
Telavi,42.5577,43.1794,2027-09-03T00:00:00+00:00,28.44,84.62
Batumi,41.8834,42.8602,2027-09-03T01:00:00+00:00,25.03,52.37
Telavi,41.246,41.3292,2027-09-03T02:00:00+00:00,18.63,87.72
Tbilisi,41.9853,44.6066,2027-09-03T03:00:00+00:00,14.13,66.61
Telavi,42.2739,41.0072,2027-09-03T04:00:00+00:00,1.85,50.7
Telavi,42.5497,44.6828,2027-09-03T05:00:00+00:00,7.24,32.81
Kutaisi,42.898,41.0004,2027-09-03T06:00:00+00:00,33.77,35.36
Telavi,42.0014,44.7736,2027-09-03T07:00:00+00:00,11.8,74.82
Kutaisi,41.8473,45.7574,2027-09-03T08:00:00+00:00,28.34,41.53
Tbilisi,42.3174,45.2767,2027-09-03T09:00:00+00:00,11.58,65.19
Kutaisi,42.2021,43.556,2027-09-03T10:00:00+00:00,22.88,62.16
Batumi,42.3976,41.0385,2027-09-03T11:00:00+00:00,23.87,29.89
Telavi,42.1058,45.6574,2027-09-03T12:00:00+00:00,15.05,21.79
Batumi,41.9409,42.8608,2027-09-03T13:00:00+00:00,34.53,75.48
Kutaisi,42.5723,42.4347,2027-09-03T14:00:00+00:00,14.36,68.56
Telavi,42.7736,42.0718,2027-09-03T15:00:00+00:00,18.2,38.25
Telavi,41.5757,41.0903,2027-09-03T16:00:00+00:00,15.21,35.57
Batumi,41.3466,45.8923,2027-09-03T17:00:00+00:00,9.83,38.11
Batumi,41.3273,42.9662,2027-09-03T18:00:00+00:00,25.1,68.46
Kutaisi,42.4618,41.0151,2027-09-03T19:00:00+00:00,6.25,83.42
Kutaisi,42.9354,44.2343,2027-09-03T20:00:00+00:00,12.74,26.86
Batumi,42.319,43.1197,2027-09-03T21:00:00+00:00,2.09,76.56
Kutaisi,41.9826,43.1424,2027-09-03T22:00:00+00:00,3.06,58.88
Tbilisi,41.9626,41.3513,2027-09-03T23:00:00+00:00,-3.04,37.85
Telavi,41.5457,44.1448,2027-09-04T00:00:00+00:00,21.21,36.75
Telavi,42.2252,44.0152,2027-09-04T01:00:00+00:00,21.32,72.98
Batumi,42.5117,44.0641,2027-09-04T02:00:00+00:00,3.12,55.38
Batumi,42.054,45.0947,2027-09-04T03:00:00+00:00,17.16,34.72
Telavi,42.044,44.9546,2027-09-04T04:00:00+00:00,0.99,55.89
Telavi,41.4208,45.3528,2027-09-04T05:00:00+00:00,12.35,57.7
Telavi,41.6972,44.7139,2027-09-04T06:00:00+00:00,4.98,22.6
Batumi,41.9598,45.8746,2027-09-04T07:00:00+00:00,4.31,64.23
Batumi,41.228,44.0182,2027-09-04T08:00:00+00:00,-4.0,85.94
Kutaisi,42.8472,43.9841,2027-09-04T09:00:00+00:00,-3.78,33.79
Batumi,42.8583,41.8825,2027-09-04T10:00:00+00:00,31.35,74.6
Kutaisi,41.115,42.9731,2027-09-04T11:00:00+00:00,1.16,70.37
Telavi,42.3253,43.1696,2027-09-04T12:00:00+00:00,16.38,82.88
Telavi,41.8083,43.2845,2027-09-04T13:00:00+00:00,34.24,76.46
Telavi,42.9237,44.3534,2027-09-04T14:00:00+00:00,4.16,62.12
Tbilisi,42.0655,41.3381,2027-09-04T15:00:00+00:00,19.35,45.12
Telavi,41.5295,43.151,2027-09-04T16:00:00+00:00,32.98,60.19
Batumi,41.4344,42.8078,2027-09-04T17:00:00+00:00,22.69,39.64
Telavi,41.3157,42.2814,2027-09-04T18:00:00+00:00,10.52,23.87
Batumi,41.4832,42.3983,2027-09-04T19:00:00+00:00,17.24,53.06
Batumi,41.7791,41.5434,2027-09-04T20:00:00+00:00,16.46,74.59
Tbilisi,42.2282,45.1191,2027-09-04T21:00:00+00:00,25.17,25.67
Batumi,42.1606,41.1072,2027-09-04T22:00:00+00:00,4.53,45.5
Telavi,41.365,43.3355,2027-09-04T23:00:00+00:00,28.94,61.96
Kutaisi,41.9516,41.7371,2027-09-05T00:00:00+00:00,10.87,68.97
Kutaisi,41.069,43.3254,2027-09-05T01:00:00+00:00,17.11,67.38
Kutaisi,42.687,43.5406,2027-09-05T02:00:00+00:00,23.48,44.84
Tbilisi,41.054,44.1096,2027-09-05T03:00:00+00:00,18.55,55.77
Telavi,42.7988,45.6642,2027-09-05T04:00:00+00:00,17.74,74.89
Kutaisi,42.2897,45.3825,2027-09-05T05:00:00+00:00,7.52,21.15
Kutaisi,41.1296,42.3364,2027-09-05T06:00:00+00:00,-3.85,55.23
Telavi,42.4953,42.7237,2027-09-05T07:00:00+00:00,19.29,46.23
Batumi,42.6727,45.7566,2027-09-05T08:00:00+00:00,7.86,89.4
Kutaisi,42.2372,42.9588,2027-09-05T09:00:00+00:00,23.63,54.11
Telavi,41.913,41.7475,2027-09-05T10:00:00+00:00,0.66,50.05
Telavi,42.4609,41.4229,2027-09-05T11:00:00+00:00,34.6,85.4
Batumi,42.8996,41.0524,2027-09-05T12:00:00+00:00,14.87,29.51
Kutaisi,42.4843,45.2803,2027-09-05T13:00:00+00:00,14.05,49.36
Telavi,42.528,44.4644,2027-09-05T14:00:00+00:00,22.75,37.03
Tbilisi,42.7942,41.5414,2027-09-05T15:00:00+00:00,9.33,80.96
Telavi,42.2982,44.3875,2027-09-05T16:00:00+00:00,-0.32,50.44
Tbilisi,41.3099,45.7829,2027-09-05T17:00:00+00:00,-3.5,43.94
Tbilisi,41.1093,43.0127,2027-09-05T18:00:00+00:00,29.35,83.34
Tbilisi,42.9019,42.8297,2027-09-05T19:00:00+00:00,30.38,44.25
Batumi,42.7332,45.4685,2027-09-05T20:00:00+00:00,1.27,30.06
Kutaisi,41.5123,42.7796,2027-09-05T21:00:00+00:00,12.45,32.79
Batumi,41.2543,42.5185,2027-09-05T22:00:00+00:00,33.9,88.99
Kutaisi,41.5593,41.4196,2027-09-05T23:00:00+00:00,19.88,74.15
Kutaisi,42.3119,45.5497,2027-09-06T00:00:00+00:00,11.08,61.98
Batumi,42.8755,42.1923,2027-09-06T01:00:00+00:00,-1.83,50.38
Kutaisi,42.1745,41.208,2027-09-06T02:00:00+00:00,-4.47,71.66
Telavi,42.1955,44.5419,2027-09-06T03:00:00+00:00,-4.48,50.2
Batumi,41.8224,41.5599,2027-09-06T04:00:00+00:00,26.41,76.55
Telavi,41.5825,44.5247,2027-09-06T05:00:00+00:00,15.1,27.92
Telavi,42.6549,45.9075,2027-09-06T06:00:00+00:00,22.47,60.45
Batumi,42.6656,41.7263,2027-09-06T07:00:00+00:00,6.02,29.26
Telavi,42.7783,45.0268,2027-09-06T08:00:00+00:00,18.32,73.04
Telavi,41.2699,43.8814,2027-09-06T09:00:00+00:00,32.57,20.52
Batumi,42.105,41.282,2027-09-06T10:00:00+00:00,0.78,55.17
Tbilisi,41.6408,45.3218,2027-09-06T11:00:00+00:00,17.39,33.28
Tbilisi,42.1419,41.7488,2027-09-06T12:00:00+00:00,11.34,38.39
Kutaisi,42.4886,43.6415,2027-09-06T13:00:00+00:00,11.84,38.44
Tbilisi,42.0959,42.3591,2027-09-06T14:00:00+00:00,33.45,61.6
Batumi,42.0872,45.7022,2027-09-06T15:00:00+00:00,12.11,89.3
Telavi,41.1388,44.8538,2027-09-06T16:00:00+00:00,31.18,64.9
Tbilisi,42.3747,42.8638,2027-09-06T17:00:00+00:00,15.41,41.42
Telavi,41.0739,42.9956,2027-09-06T18:00:00+00:00,1.13,21.92
Tbilisi,42.6674,42.9625,2027-09-06T19:00:00+00:00,-4.73,65.41
Kutaisi,41.5444,42.9567,2027-09-06T20:00:00+00:00,-0.68,20.74
Tbilisi,41.2771,45.4478,2027-09-06T21:00:00+00:00,26.2,74.51
Batumi,42.8339,41.2632,2027-09-06T22:00:00+00:00,10.79,46.25
Telavi,41.8655,41.2765,2027-09-06T23:00:00+00:00,34.41,45.21
Kutaisi,42.2351,45.1721,2027-09-07T00:00:00+00:00,29.1,65.07
Telavi,41.8564,43.4235,2027-09-07T01:00:00+00:00,30.65,34.89
Telavi,42.1459,45.8368,2027-09-07T02:00:00+00:00,18.35,84.87
Kutaisi,41.975,42.1288,2027-09-07T03:00:00+00:00,1.08,59.69
Tbilisi,42.4099,42.628,2027-09-07T04:00:00+00:00,1.1,68.57
Telavi,42.6161,41.0914,2027-09-07T05:00:00+00:00,-0.01,29.67
Telavi,42.813,42.3599,2027-09-07T06:00:00+00:00,-2.15,73.5
Kutaisi,41.3746,44.3779,2027-09-07T07:00:00+00:00,4.12,25.65
Tbilisi,42.6268,43.9044,2027-09-07T08:00:00+00:00,0.23,65.36
Batumi,41.4691,43.2501,2027-09-07T09:00:00+00:00,34.68,85.23
Tbilisi,42.5656,45.7419,2027-09-07T10:00:00+00:00,26.55,20.52
Batumi,41.1955,42.3159,2027-09-07T11:00:00+00:00,34.13,37.49
Tbilisi,41.4146,42.9294,2027-09-07T12:00:00+00:00,27.01,71.65
Batumi,42.0299,42.3213,2027-09-07T13:00:00+00:00,1.14,45.51
Kutaisi,41.8068,45.4944,2027-09-07T14:00:00+00:00,17.1,48.98
Tbilisi,42.4958,45.7922,2027-09-07T15:00:00+00:00,31.81,22.85
Tbilisi,42.4311,45.5371,2027-09-07T16:00:00+00:00,18.03,44.48
Batumi,42.089,42.6381,2027-09-07T17:00:00+00:00,28.29,80.56
Tbilisi,42.8257,45.2662,2027-09-07T18:00:00+00:00,5.78,67.92
Kutaisi,41.9081,41.5327,2027-09-07T19:00:00+00:00,20.43,87.3
Telavi,42.242,45.5541,2027-09-07T20:00:00+00:00,27.01,63.35
Tbilisi,42.5982,45.3996,2027-09-07T21:00:00+00:00,34.19,80.99
Tbilisi,41.6951,44.7885,2027-09-07T22:00:00+00:00,20.38,75.1
Tbilisi,42.9103,42.3555,2027-09-07T23:00:00+00:00,11.25,82.2
Kutaisi,41.5051,43.2707,2027-09-08T00:00:00+00:00,-3.58,80.74
Telavi,42.8374,43.0751,2027-09-08T01:00:00+00:00,0.66,47.69
Telavi,42.0727,42.8102,2027-09-08T02:00:00+00:00,29.27,41.96
Kutaisi,41.4699,45.3689,2027-09-08T03:00:00+00:00,22.4,35.39
Telavi,41.8511,42.8029,2027-09-08T04:00:00+00:00,19.83,44.65
Tbilisi,41.3374,42.1432,2027-09-08T05:00:00+00:00,6.26,74.17
Batumi,41.466,45.0105,2027-09-08T06:00:00+00:00,-0.91,49.95
Batumi,41.7624,45.8624,2027-09-08T07:00:00+00:00,15.41,41.68
Tbilisi,42.053,42.9604,2027-09-08T08:00:00+00:00,7.48,82.05
Batumi,41.8078,44.5616,2027-09-08T09:00:00+00:00,16.5,24.19
Kutaisi,42.5037,42.0038,2027-09-08T10:00:00+00:00,21.33,25.74
Batumi,41.1545,45.8923,2027-09-08T11:00:00+00:00,8.82,27.96
Tbilisi,42.8925,45.4835,2027-09-08T12:00:00+00:00,1.55,55.47
Telavi,41.3753,42.5336,2027-09-08T13:00:00+00:00,34.12,60.43
Batumi,41.8912,44.7407,2027-09-08T14:00:00+00:00,4.07,63.44
Tbilisi,41.9652,42.9013,2027-09-08T15:00:00+00:00,19.41,88.04
Telavi,42.1151,45.4056,2027-09-08T16:00:00+00:00,8.85,58.24
Kutaisi,42.3231,41.6006,2027-09-08T17:00:00+00:00,20.38,72.59
Telavi,41.6088,43.6386,2027-09-08T18:00:00+00:00,7.3,39.17
Telavi,41.3906,43.3834,2027-09-08T19:00:00+00:00,17.99,49.39
Telavi,41.6944,42.7077,2027-09-08T20:00:00+00:00,14.4,60.02
Tbilisi,41.7697,43.5339,2027-09-08T21:00:00+00:00,4.72,40.24
Batumi,41.6576,41.4316,2027-09-08T22:00:00+00:00,-3.5,42.14
Kutaisi,41.6265,43.9251,2027-09-08T23:00:00+00:00,32.96,28.82
Tbilisi,41.7383,41.6468,2027-09-09T00:00:00+00:00,33.33,36.58
Kutaisi,41.0121,45.814,2027-09-09T01:00:00+00:00,28.8,26.1
Telavi,41.0959,45.16,2027-09-09T02:00:00+00:00,21.7,37.63
Tbilisi,41.6086,42.6271,2027-09-09T03:00:00+00:00,34.97,54.46
Kutaisi,42.6863,41.1004,2027-09-09T04:00:00+00:00,27.76,46.68
Tbilisi,41.5522,45.7039,2027-09-09T05:00:00+00:00,-0.63,67.94
Kutaisi,42.9875,42.7535,2027-09-09T06:00:00+00:00,13.96,33.15
Telavi,42.7911,43.5885,2027-09-09T07:00:00+00:00,-4.71,63.34
Batumi,41.5343,44.1465,2027-09-09T08:00:00+00:00,15.27,21.09
Tbilisi,41.9739,43.8692,2027-09-09T09:00:00+00:00,14.28,27.15
Kutaisi,42.8072,41.5083,2027-09-09T10:00:00+00:00,18.31,26.9
Kutaisi,41.6538,44.874,2027-09-09T11:00:00+00:00,16.71,80.02
Telavi,42.0981,45.7785,2027-09-09T12:00:00+00:00,13.68,61.63
Telavi,42.4529,45.2245,2027-09-09T13:00:00+00:00,15.7,57.46
Batumi,42.7896,43.5929,2027-09-09T14:00:00+00:00,-2.26,77.94
Kutaisi,42.0589,45.288,2027-09-09T15:00:00+00:00,23.54,88.53
Tbilisi,42.6464,44.0207,2027-09-09T16:00:00+00:00,13.23,21.22
Kutaisi,42.4469,42.9258,2027-09-09T17:00:00+00:00,5.03,20.22
Tbilisi,42.326,42.8883,2027-09-09T18:00:00+00:00,-4.9,45.03
Tbilisi,42.3481,44.0734,2027-09-09T19:00:00+00:00,15.47,78.7
Telavi,41.4615,41.2638,2027-09-09T20:00:00+00:00,2.09,64.67
Telavi,41.4783,45.9734,2027-09-09T21:00:00+00:00,27.31,51.99
Batumi,41.4135,43.4812,2027-09-09T22:00:00+00:00,28.31,62.92
Kutaisi,41.1185,45.1557,2027-09-09T23:00:00+00:00,0.85,65.43
Tbilisi,41.6639,41.2404,2027-09-10T00:00:00+00:00,13.57,44.96
Kutaisi,42.6867,41.8215,2027-09-10T01:00:00+00:00,25.3,65.98
Kutaisi,41.5204,42.0302,2027-09-10T02:00:00+00:00,33.61,77.13
Kutaisi,42.7224,45.8069,2027-09-10T03:00:00+00:00,17.53,82.2
Kutaisi,42.6869,41.4827,2027-09-10T04:00:00+00:00,22.08,44.27
Telavi,41.592,43.104,2027-09-10T05:00:00+00:00,20.34,77.68
Tbilisi,42.2201,44.1108,2027-09-10T06:00:00+00:00,13.34,52.69
Tbilisi,42.4013,41.4486,2027-09-10T07:00:00+00:00,21.19,36.96
Telavi,41.5819,44.9556,2027-09-10T08:00:00+00:00,19.32,79.82
Batumi,41.8684,43.0994,2027-09-10T09:00:00+00:00,23.69,88.14
Batumi,42.3963,45.621,2027-09-10T10:00:00+00:00,30.41,32.13
Tbilisi,41.0843,41.6358,2027-09-10T11:00:00+00:00,25.1,60.26
Batumi,41.3345,43.6032,2027-09-10T12:00:00+00:00,3.15,79.57
Batumi,42.0755,43.9845,2027-09-10T13:00:00+00:00,31.95,41.04
Batumi,41.3112,41.319,2027-09-10T14:00:00+00:00,14.3,80.7
Kutaisi,41.3519,42.3539,2027-09-10T15:00:00+00:00,12.81,44.88
Kutaisi,41.6294,41.812,2027-09-10T16:00:00+00:00,28.84,76.72
Kutaisi,42.9905,42.0092,2027-09-10T17:00:00+00:00,2.53,54.33
Telavi,41.6941,43.2703,2027-09-10T18:00:00+00:00,3.41,71.46
Tbilisi,41.3353,44.137,2027-09-10T19:00:00+00:00,4.82,65.08
Telavi,41.7129,42.0511,2027-09-10T20:00:00+00:00,26.08,74.96
Batumi,41.1474,42.4362,2027-09-10T21:00:00+00:00,15.45,77.72
Kutaisi,41.577,44.8776,2027-09-10T22:00:00+00:00,8.26,74.89
Kutaisi,42.1278,43.6319,2027-09-10T23:00:00+00:00,20.15,63.29
Batumi,42.1239,41.636,2027-09-11T00:00:00+00:00,1.03,80.73
Batumi,41.0718,45.2856,2027-09-11T01:00:00+00:00,32.53,68.25
Kutaisi,41.3458,41.3203,2027-09-11T02:00:00+00:00,-2.47,33.7
Kutaisi,42.5795,43.0999,2027-09-11T03:00:00+00:00,28.99,85.82
Telavi,42.9057,44.6188,2027-09-11T04:00:00+00:00,20.61,76.64
Batumi,42.9442,42.2788,2027-09-11T05:00:00+00:00,-0.92,45.06
Kutaisi,41.8304,41.527,2027-09-11T06:00:00+00:00,16.82,66.51
Tbilisi,41.0778,42.0667,2027-09-11T07:00:00+00:00,-4.19,32.57
Tbilisi,42.4315,42.0482,2027-09-11T08:00:00+00:00,8.53,45.44
Batumi,41.1931,45.0657,2027-09-11T09:00:00+00:00,18.85,35.71
Batumi,41.3066,42.7754,2027-09-11T10:00:00+00:00,5.37,38.32
Batumi,42.871,43.0464,2027-09-11T11:00:00+00:00,4.23,29.31
Batumi,41.2276,42.3204,2027-09-11T12:00:00+00:00,3.12,53.24
Kutaisi,42.292,42.3334,2027-09-11T13:00:00+00:00,-0.01,63.25
Telavi,42.0871,43.203,2027-09-11T14:00:00+00:00,17.02,76.69
Tbilisi,42.358,44.1943,2027-09-11T15:00:00+00:00,25.46,27.03
Batumi,41.8454,42.4926,2027-09-11T16:00:00+00:00,2.83,32.24
Telavi,41.3803,42.7767,2027-09-11T17:00:00+00:00,5.75,62.76
Tbilisi,41.4152,44.5863,2027-09-11T18:00:00+00:00,27.9,59.38
Batumi,41.1731,45.3819,2027-09-11T19:00:00+00:00,29.11,51.11
Telavi,41.4947,42.0013,2027-09-11T20:00:00+00:00,16.93,44.78
Kutaisi,41.6771,43.2704,2027-09-11T21:00:00+00:00,34.52,59.14
Telavi,41.8741,44.891,2027-09-11T22:00:00+00:00,20.2,20.46
Batumi,42.7577,42.6487,2027-09-11T23:00:00+00:00,6.37,89.12
Batumi,41.0291,44.0598,2027-09-12T00:00:00+00:00,19.64,50.35
Tbilisi,42.1994,42.8654,2027-09-12T01:00:00+00:00,14.27,59.25
Telavi,42.876,45.956,2027-09-12T02:00:00+00:00,17.78,62.47
Batumi,42.3358,45.7535,2027-09-12T03:00:00+00:00,34.94,89.87
Tbilisi,42.7738,44.1383,2027-09-12T04:00:00+00:00,6.62,87.9
Telavi,41.5457,41.5885,2027-09-12T05:00:00+00:00,4.38,66.16
Tbilisi,41.0722,42.4454,2027-09-12T06:00:00+00:00,9.49,27.92
Kutaisi,42.0394,42.9823,2027-09-12T07:00:00+00:00,3.71,84.54
Telavi,41.4215,42.0218,2027-09-12T08:00:00+00:00,1.63,53.15
Batumi,42.0094,45.0747,2027-09-12T09:00:00+00:00,19.18,48.59
Telavi,42.0032,45.0464,2027-09-12T10:00:00+00:00,32.41,45.83
Kutaisi,41.4251,41.4445,2027-09-12T11:00:00+00:00,1.46,24.69
Telavi,41.7091,45.2415,2027-09-12T12:00:00+00:00,-1.63,69.05
Kutaisi,42.6847,42.0337,2027-09-12T13:00:00+00:00,19.55,48.18
Kutaisi,42.3688,42.4509,2027-09-12T14:00:00+00:00,3.04,21.27
Kutaisi,41.8779,41.332,2027-09-12T15:00:00+00:00,-3.19,34.34
Tbilisi,42.9966,44.8627,2027-09-12T16:00:00+00:00,13.44,60.13
Tbilisi,42.1144,44.1482,2027-09-12T17:00:00+00:00,34.59,73.43
Telavi,42.2196,44.0395,2027-09-12T18:00:00+00:00,34.55,80.74
Kutaisi,41.4076,45.5081,2027-09-12T19:00:00+00:00,2.53,38.32
Kutaisi,42.5383,41.8353,2027-09-12T20:00:00+00:00,-0.94,44.19
Telavi,41.0907,41.6947,2027-09-12T21:00:00+00:00,33.76,20.34
Tbilisi,42.1031,44.4106,2027-09-12T22:00:00+00:00,-3.09,60.2
Tbilisi,41.6339,44.9909,2027-09-12T23:00:00+00:00,7.08,27.27
Tbilisi,41.7165,41.2979,2027-09-13T00:00:00+00:00,8.95,66.57
Batumi,42.349,43.396,2027-09-13T01:00:00+00:00,5.91,31.31
Telavi,42.8177,44.918,2027-09-13T02:00:00+00:00,5.19,82.23
Batumi,42.6075,42.516,2027-09-13T03:00:00+00:00,0.43,68.45
Batumi,42.3987,44.699,2027-09-13T04:00:00+00:00,2.13,43.84
Telavi,41.0262,42.4462,2027-09-13T05:00:00+00:00,5.14,57.58
Tbilisi,41.9071,44.5392,2027-09-13T06:00:00+00:00,6.06,45.72
Batumi,42.8582,44.4965,2027-09-13T07:00:00+00:00,27.9,76.36
Telavi,42.0558,42.6871,2027-09-13T08:00:00+00:00,20.03,51.65
Telavi,42.0062,41.8846,2027-09-13T09:00:00+00:00,17.74,58.37
Tbilisi,41.3309,42.5333,2027-09-13T10:00:00+00:00,34.18,46.89
Tbilisi,42.8715,45.4186,2027-09-13T11:00:00+00:00,26.17,57.58
Telavi,41.0032,41.0401,2027-09-13T12:00:00+00:00,25.47,52.76
Tbilisi,42.2148,44.3704,2027-09-13T13:00:00+00:00,9.32,83.97
Kutaisi,42.2455,41.374,2027-09-13T14:00:00+00:00,8.66,34.93
Tbilisi,41.8797,41.6764,2027-09-13T15:00:00+00:00,28.82,82.67
Batumi,41.9977,43.3698,2027-09-13T16:00:00+00:00,16.26,23.6
Batumi,41.9354,43.393,2027-09-13T17:00:00+00:00,8.82,52.25
Kutaisi,41.3966,41.4321,2027-09-13T18:00:00+00:00,0.53,67.93
Kutaisi,41.4608,42.1358,2027-09-13T19:00:00+00:00,-4.7,84.75
Batumi,41.6733,42.914,2027-09-13T20:00:00+00:00,31.51,49.1
Telavi,42.527,45.581,2027-09-13T21:00:00+00:00,-2.31,84.68
Batumi,41.1399,41.502,2027-09-13T22:00:00+00:00,-1.34,49.02
Batumi,42.2204,45.9346,2027-09-13T23:00:00+00:00,25.02,68.46
Batumi,41.282,44.28,2027-09-14T00:00:00+00:00,2.9,45.76
Batumi,41.0352,45.4026,2027-09-14T01:00:00+00:00,19.6,89.78
Kutaisi,42.3828,41.5875,2027-09-14T02:00:00+00:00,-1.96,77.47
Kutaisi,41.392,45.0991,2027-09-14T03:00:00+00:00,10.17,54.73
Batumi,41.8019,43.0936,2027-09-14T04:00:00+00:00,31.28,33.7
Tbilisi,42.4938,42.5074,2027-09-14T05:00:00+00:00,1.75,56.05
Batumi,41.4251,45.4068,2027-09-14T06:00:00+00:00,22.48,78.15
Kutaisi,42.4504,45.1193,2027-09-14T07:00:00+00:00,18.82,73.36
Batumi,42.4241,43.9804,2027-09-14T08:00:00+00:00,11.25,88.15
Telavi,41.6306,42.1995,2027-09-14T09:00:00+00:00,20.65,44.26
Tbilisi,42.3381,43.481,2027-09-14T10:00:00+00:00,34.17,47.13
Tbilisi,42.9092,42.4421,2027-09-14T11:00:00+00:00,0.75,85.07
Tbilisi,41.6469,41.2045,2027-09-14T12:00:00+00:00,7.33,88.6
Batumi,41.0167,45.7327,2027-09-14T13:00:00+00:00,30.6,21.02
Telavi,41.3937,43.4872,2027-09-14T14:00:00+00:00,-4.16,33.27
Kutaisi,42.1422,42.2635,2027-09-14T15:00:00+00:00,29.63,67.3
Batumi,41.7608,44.026,2027-09-14T16:00:00+00:00,10.87,77.48
Telavi,42.8687,41.8357,2027-09-14T17:00:00+00:00,32.3,71.12
Batumi,42.8224,43.0311,2027-09-14T18:00:00+00:00,32.86,67.89
Kutaisi,41.4054,43.4322,2027-09-14T19:00:00+00:00,15.39,86.11
Telavi,42.2224,43.1675,2027-09-14T20:00:00+00:00,21.36,47.29
Batumi,41.7728,43.5691,2027-09-14T21:00:00+00:00,23.37,20.33
Tbilisi,42.3818,42.0306,2027-09-14T22:00:00+00:00,0.3,63.05
Batumi,42.6236,45.1493,2027-09-14T23:00:00+00:00,-4.95,64.87
Telavi,42.3326,43.4198,2027-09-15T00:00:00+00:00,19.12,46.94
Kutaisi,42.7135,42.4156,2027-09-15T01:00:00+00:00,-1.24,57.8
Tbilisi,41.6164,43.2983,2027-09-15T02:00:00+00:00,11.9,28.62
Telavi,42.478,44.9811,2027-09-15T03:00:00+00:00,16.79,60.82
Kutaisi,42.9494,41.7512,2027-09-15T04:00:00+00:00,-3.83,49.31
Batumi,42.6814,45.8535,2027-09-15T05:00:00+00:00,13.34,41.94
Telavi,41.1433,44.8934,2027-09-15T06:00:00+00:00,25.13,59.59
Telavi,41.7651,44.3621,2027-09-15T07:00:00+00:00,9.74,31.88
Batumi,41.316,42.6867,2027-09-15T08:00:00+00:00,32.97,56.95
Tbilisi,42.8222,43.5234,2027-09-15T09:00:00+00:00,26.87,23.03
Tbilisi,41.3825,45.0698,2027-09-15T10:00:00+00:00,30.14,35.58
Telavi,42.4734,45.0907,2027-09-15T11:00:00+00:00,33.41,71.41
Tbilisi,41.368,41.6866,2027-09-15T12:00:00+00:00,3.5,78.2
Batumi,42.8079,45.3663,2027-09-15T13:00:00+00:00,20.01,87.17
Kutaisi,42.4045,45.1041,2027-09-15T14:00:00+00:00,22.77,29.75
Batumi,42.9631,41.176,2027-09-15T15:00:00+00:00,1.1,33.79
Batumi,41.485,44.6799,2027-09-15T16:00:00+00:00,1.0,35.7
Kutaisi,41.1352,44.4937,2027-09-15T17:00:00+00:00,33.29,63.85
Telavi,42.5262,43.348,2027-09-15T18:00:00+00:00,26.81,57.88
Telavi,42.2032,43.195,2027-09-15T19:00:00+00:00,34.65,47.3
Telavi,42.8844,45.1081,2027-09-15T20:00:00+00:00,4.83,20.54
Kutaisi,41.3647,43.9658,2027-09-15T21:00:00+00:00,10.33,81.08
Telavi,41.6581,42.523,2027-09-15T22:00:00+00:00,22.45,75.74
Telavi,41.6776,42.3538,2027-09-15T23:00:00+00:00,-4.05,48.21
Tbilisi,41.7642,41.3229,2027-09-16T00:00:00+00:00,22.04,88.15
Kutaisi,42.619,44.072,2027-09-16T01:00:00+00:00,-0.07,55.4
Telavi,41.2824,41.8659,2027-09-16T02:00:00+00:00,18.61,25.54
Batumi,41.0202,41.0235,2027-09-16T03:00:00+00:00,5.87,84.55
Batumi,42.17,45.9984,2027-09-16T04:00:00+00:00,30.94,60.54
Tbilisi,42.5096,41.3773,2027-09-16T05:00:00+00:00,33.4,50.66
Telavi,41.4984,41.9751,2027-09-16T06:00:00+00:00,20.03,89.7
Telavi,42.5061,42.3978,2027-09-16T07:00:00+00:00,33.38,23.7
Kutaisi,41.5657,45.2345,2027-09-16T08:00:00+00:00,1.83,26.78
Batumi,42.1408,45.4342,2027-09-16T09:00:00+00:00,33.59,29.95
Kutaisi,42.9529,44.2493,2027-09-16T10:00:00+00:00,25.49,27.8
Telavi,41.1729,42.8888,2027-09-16T11:00:00+00:00,3.52,67.87
Telavi,42.6178,42.365,2027-09-16T12:00:00+00:00,-2.67,71.87
Kutaisi,42.9635,41.5733,2027-09-16T13:00:00+00:00,30.64,65.62
Batumi,41.2654,43.5297,2027-09-16T14:00:00+00:00,2.83,20.98
Kutaisi,41.9656,44.3237,2027-09-16T15:00:00+00:00,-1.94,37.0
Telavi,42.8544,41.8761,2027-09-16T16:00:00+00:00,29.12,43.42
Kutaisi,41.2443,42.6315,2027-09-16T17:00:00+00:00,9.4,81.39
Batumi,42.0528,41.4184,2027-09-16T18:00:00+00:00,12.27,42.04
Tbilisi,42.9866,41.5931,2027-09-16T19:00:00+00:00,6.31,74.34
Telavi,41.8211,43.5022,2027-09-16T20:00:00+00:00,27.24,27.45
Batumi,41.3412,45.5533,2027-09-16T21:00:00+00:00,-2.65,83.12
Tbilisi,42.7747,45.1602,2027-09-16T22:00:00+00:00,20.96,85.79
Kutaisi,42.3703,45.1953,2027-09-16T23:00:00+00:00,17.04,56.8
Tbilisi,42.6533,41.2659,2027-09-17T00:00:00+00:00,6.41,23.19
Batumi,42.5318,42.8535,2027-09-17T01:00:00+00:00,30.6,64.37
Telavi,42.0187,43.5512,2027-09-17T02:00:00+00:00,-4.41,74.92
Tbilisi,42.0757,45.2456,2027-09-17T03:00:00+00:00,22.73,43.56
Batumi,42.6242,42.9955,2027-09-17T04:00:00+00:00,27.68,47.66
Batumi,41.906,42.9852,2027-09-17T05:00:00+00:00,18.32,52.42
Kutaisi,42.7416,43.5629,2027-09-17T06:00:00+00:00,22.46,52.19
Tbilisi,42.0906,45.2688,2027-09-17T07:00:00+00:00,2.95,86.8
Batumi,41.6143,44.3475,2027-09-17T08:00:00+00:00,12.75,23.2
Tbilisi,41.0252,45.0903,2027-09-17T09:00:00+00:00,24.68,37.89
Batumi,42.9827,45.9493,2027-09-17T10:00:00+00:00,17.19,32.93
Batumi,42.8832,42.0779,2027-09-17T11:00:00+00:00,23.17,68.81
Batumi,41.6221,45.4298,2027-09-17T12:00:00+00:00,-1.31,71.76
Batumi,41.0418,44.8012,2027-09-17T13:00:00+00:00,7.37,59.7
Kutaisi,41.2934,42.6382,2027-09-17T14:00:00+00:00,11.51,41.02
Tbilisi,42.5215,45.6489,2027-09-17T15:00:00+00:00,18.63,49.39
Batumi,41.4935,42.7985,2027-09-17T16:00:00+00:00,-2.55,27.28
Kutaisi,41.1786,41.4332,2027-09-17T17:00:00+00:00,20.18,35.01
Telavi,42.5521,45.2946,2027-09-17T18:00:00+00:00,-2.18,20.29
Tbilisi,41.7755,44.6167,2027-09-17T19:00:00+00:00,17.25,38.73
Telavi,41.6216,44.4506,2027-09-17T20:00:00+00:00,21.98,29.48
Tbilisi,42.8623,43.611,2027-09-17T21:00:00+00:00,0.06,41.67
Tbilisi,42.0238,43.6728,2027-09-17T22:00:00+00:00,17.96,62.31
Batumi,42.5615,42.2721,2027-09-17T23:00:00+00:00,5.24,42.86
Telavi,41.2844,45.6195,2027-09-18T00:00:00+00:00,14.94,52.28
Tbilisi,42.5818,44.9026,2027-09-18T01:00:00+00:00,11.4,33.72
Telavi,41.3054,44.5358,2027-09-18T02:00:00+00:00,18.32,48.57
Kutaisi,42.1684,45.6071,2027-09-18T03:00:00+00:00,33.09,53.39
Batumi,42.7285,41.3414,2027-09-18T04:00:00+00:00,19.96,24.38
Tbilisi,42.3975,42.9518,2027-09-18T05:00:00+00:00,34.55,56.89
Telavi,41.4856,43.1894,2027-09-18T06:00:00+00:00,-1.01,58.19
Kutaisi,42.5734,43.8798,2027-09-18T07:00:00+00:00,28.69,55.95
Kutaisi,42.4533,45.6133,2027-09-18T08:00:00+00:00,21.21,76.47
Kutaisi,41.9628,44.8951,2027-09-18T09:00:00+00:00,32.13,68.57
Tbilisi,42.6539,45.0201,2027-09-18T10:00:00+00:00,28.27,42.23
Kutaisi,41.7682,45.5342,2027-09-18T11:00:00+00:00,6.13,67.64
Kutaisi,41.7901,43.098,2027-09-18T12:00:00+00:00,-1.19,52.09
Tbilisi,42.9423,45.1109,2027-09-18T13:00:00+00:00,0.61,85.6
Tbilisi,41.2091,44.4438,2027-09-18T14:00:00+00:00,-4.29,43.63
Batumi,42.5304,43.8484,2027-09-18T15:00:00+00:00,14.62,61.28
Batumi,42.608,45.4209,2027-09-18T16:00:00+00:00,2.3,70.5
Kutaisi,41.2745,43.3021,2027-09-18T17:00:00+00:00,-1.87,21.98
Batumi,41.3751,45.3588,2027-09-18T18:00:00+00:00,19.3,63.97
Kutaisi,42.071,45.2024,2027-09-18T19:00:00+00:00,11.71,55.28
Batumi,42.5037,45.0956,2027-09-18T20:00:00+00:00,3.17,86.76
Batumi,42.1853,45.3711,2027-09-18T21:00:00+00:00,28.64,57.81
Batumi,41.2616,45.3394,2027-09-18T22:00:00+00:00,22.64,20.23
Batumi,41.438,43.9147,2027-09-18T23:00:00+00:00,17.61,35.2
Tbilisi,41.5611,41.2372,2027-09-19T00:00:00+00:00,14.6,76.93
Telavi,41.6894,42.5464,2027-09-19T01:00:00+00:00,24.41,82.54
Tbilisi,41.2121,42.5202,2027-09-19T02:00:00+00:00,30.03,50.29
Tbilisi,41.2961,42.7597,2027-09-19T03:00:00+00:00,16.93,22.61
Tbilisi,42.2214,44.0529,2027-09-19T04:00:00+00:00,0.72,84.2
Tbilisi,41.5425,41.9645,2027-09-19T05:00:00+00:00,19.19,24.76
Tbilisi,42.0327,41.9645,2027-09-19T06:00:00+00:00,15.87,81.66
Batumi,41.7608,43.0428,2027-09-19T07:00:00+00:00,31.38,49.03
Telavi,42.4009,42.9443,2027-09-19T08:00:00+00:00,12.8,87.67
Tbilisi,41.9108,44.5468,2027-09-19T09:00:00+00:00,7.73,61.84
Kutaisi,42.8667,44.9429,2027-09-19T10:00:00+00:00,22.56,63.59
Kutaisi,42.7092,44.5366,2027-09-19T11:00:00+00:00,20.3,52.35
Tbilisi,42.3432,42.3239,2027-09-19T12:00:00+00:00,22.61,38.05
Batumi,42.5898,44.7612,2027-09-19T13:00:00+00:00,13.89,45.31
Telavi,41.6757,42.6898,2027-09-19T14:00:00+00:00,7.88,31.41
Kutaisi,42.6852,43.6714,2027-09-19T15:00:00+00:00,16.74,86.67
Telavi,41.8838,45.8047,2027-09-19T16:00:00+00:00,23.63,80.48
Tbilisi,41.4515,43.8699,2027-09-19T17:00:00+00:00,31.81,34.06
Telavi,41.1245,45.6048,2027-09-19T18:00:00+00:00,28.52,25.65
Batumi,41.0439,42.2038,2027-09-19T19:00:00+00:00,28.45,77.09
Kutaisi,41.4236,45.9245,2027-09-19T20:00:00+00:00,24.89,58.21
Tbilisi,42.8712,42.5533,2027-09-19T21:00:00+00:00,6.72,32.38
Telavi,42.0659,44.4366,2027-09-19T22:00:00+00:00,2.84,45.04
Telavi,42.854,41.9248,2027-09-19T23:00:00+00:00,11.42,31.38
Batumi,41.4652,43.5078,2027-09-20T00:00:00+00:00,17.82,36.93
Kutaisi,42.5531,42.5494,2027-09-20T01:00:00+00:00,21.21,39.83
Batumi,42.9284,41.8932,2027-09-20T02:00:00+00:00,-2.49,72.32
Tbilisi,42.7306,43.9693,2027-09-20T03:00:00+00:00,6.84,62.09
Telavi,41.2034,43.3025,2027-09-20T04:00:00+00:00,23.72,33.17
Telavi,42.1326,41.0149,2027-09-20T05:00:00+00:00,19.82,68.66
Kutaisi,41.7936,43.0969,2027-09-20T06:00:00+00:00,13.61,61.77
Kutaisi,41.2362,44.7618,2027-09-20T07:00:00+00:00,3.62,78.8
Telavi,42.4582,41.8149,2027-09-20T08:00:00+00:00,14.3,47.85
Tbilisi,41.1135,45.9776,2027-09-20T09:00:00+00:00,20.03,22.36
Tbilisi,41.6929,44.7905,2027-09-20T10:00:00+00:00,29.43,88.18
Kutaisi,41.7472,41.1199,2027-09-20T11:00:00+00:00,-2.81,37.98
Kutaisi,41.1474,43.1322,2027-09-20T12:00:00+00:00,28.71,73.79
Batumi,41.0825,45.5378,2027-09-20T13:00:00+00:00,24.08,82.72
Telavi,41.7459,41.7738,2027-09-20T14:00:00+00:00,30.37,80.93
Tbilisi,41.3275,43.255,2027-09-20T15:00:00+00:00,16.63,32.52
Batumi,42.1289,41.1094,2027-09-20T16:00:00+00:00,2.76,22.05
Batumi,42.2841,44.5443,2027-09-20T17:00:00+00:00,23.1,22.02
Telavi,41.3695,44.3589,2027-09-20T18:00:00+00:00,3.66,82.37
Kutaisi,42.0388,44.0392,2027-09-20T19:00:00+00:00,28.24,29.85
Telavi,42.7823,43.4081,2027-09-20T20:00:00+00:00,9.63,54.41
Kutaisi,42.871,42.9398,2027-09-20T21:00:00+00:00,16.81,34.32
Batumi,41.5546,45.838,2027-09-20T22:00:00+00:00,6.74,39.8
Telavi,42.2991,43.8078,2027-09-20T23:00:00+00:00,15.33,58.52
Tbilisi,42.775,43.2065,2027-09-21T00:00:00+00:00,14.05,64.35
Kutaisi,41.8744,42.7226,2027-09-21T01:00:00+00:00,8.55,72.49
Kutaisi,41.789,42.4965,2027-09-21T02:00:00+00:00,-1.49,68.69
Batumi,41.5541,43.2422,2027-09-21T03:00:00+00:00,4.68,47.01
Batumi,42.6949,44.0846,2027-09-21T04:00:00+00:00,17.38,45.42
Telavi,41.6917,41.9179,2027-09-21T05:00:00+00:00,15.85,88.28
Batumi,41.6525,41.4324,2027-09-21T06:00:00+00:00,13.68,57.12
Batumi,41.5192,44.1353,2027-09-21T07:00:00+00:00,5.95,59.19
Telavi,42.3303,43.2066,2027-09-21T08:00:00+00:00,12.8,48.53
Batumi,42.1684,44.2947,2027-09-21T09:00:00+00:00,-1.91,87.83
Tbilisi,41.3865,43.6194,2027-09-21T10:00:00+00:00,12.55,74.32
Batumi,41.9946,45.3684,2027-09-21T11:00:00+00:00,32.96,87.8
Telavi,42.3347,43.5276,2027-09-21T12:00:00+00:00,15.88,46.74
Kutaisi,42.4609,41.8736,2027-09-21T13:00:00+00:00,-4.63,68.02
Tbilisi,42.3294,45.2068,2027-09-21T14:00:00+00:00,13.83,87.75
Telavi,41.3509,45.1146,2027-09-21T15:00:00+00:00,11.21,38.33
